{
  "model": {
    "type": "range_dispatch",
    "property": "custom_model_data",
    "fallback": {
      "type": "model",
      "model": "item/paper"
    },
    "entries": [
      {"threshold": 3401, "model": {"type": "model", "model": "item/icons/shop/plus"}},
      {"threshold": 3402, "model": {"type": "model", "model": "item/icons/shop/minus"}},
      {"threshold": 110007, "model": {"type": "model", "model": "blank:auto_generated/blank"}},

      {"threshold": 5606101,"model": {"type": "model", "model": "vegasgui/50cards/poker_closed_card"}},

      {"threshold": 5606102,"model": {"type": "model", "model": "vegasgui/50cards/poker_card_2_buba"}},
      {"threshold": 5606103,"model": {"type": "model", "model": "vegasgui/50cards/poker_card_3_buba"}},
      {"threshold": 5606104,"model": {"type": "model", "model": "vegasgui/50cards/poker_card_4_buba"}},
      {"threshold": 5606105,"model": {"type": "model", "model": "vegasgui/50cards/poker_card_5_buba"}},
      {"threshold": 5606106,"model": {"type": "model", "model": "vegasgui/50cards/poker_card_6_buba"}},
      {"threshold": 5606107,"model": {"type": "model", "model": "vegasgui/50cards/poker_card_7_buba"}},
      {"threshold": 5606108,"model": {"type": "model", "model": "vegasgui/50cards/poker_card_8_buba"}},
      {"threshold": 5606109,"model": {"type": "model", "model": "vegasgui/50cards/poker_card_9_buba"}},
      {"threshold": 5606110,"model": {"type": "model", "model": "vegasgui/50cards/poker_card_10_buba"}},
      {"threshold": 5606111,"model": {"type": "model", "model": "vegasgui/50cards/poker_card_jack_buba"}},
      {"threshold": 5606112,"model": {"type": "model", "model": "vegasgui/50cards/poker_card_queen_buba"}},
      {"threshold": 5606113,"model": {"type": "model", "model": "vegasgui/50cards/poker_card_king_buba"}},
      {"threshold": 5606114,"model": {"type": "model", "model": "vegasgui/50cards/poker_card_ace_buba"}},

      {"threshold": 5607102,"model": {"type": "model", "model": "vegasgui/50cards/poker_card_2_chervi"}},
      {"threshold": 5607103,"model": {"type": "model", "model": "vegasgui/50cards/poker_card_3_chervi"}},
      {"threshold": 5607104,"model": {"type": "model", "model": "vegasgui/50cards/poker_card_4_chervi"}},
      {"threshold": 5607105,"model": {"type": "model", "model": "vegasgui/50cards/poker_card_5_chervi"}},
      {"threshold": 5607106,"model": {"type": "model", "model": "vegasgui/50cards/poker_card_6_chervi"}},
      {"threshold": 5607107,"model": {"type": "model", "model": "vegasgui/50cards/poker_card_7_chervi"}},
      {"threshold": 5607108,"model": {"type": "model", "model": "vegasgui/50cards/poker_card_8_chervi"}},
      {"threshold": 5607109,"model": {"type": "model", "model": "vegasgui/50cards/poker_card_9_chervi"}},
      {"threshold": 5607110,"model": {"type": "model", "model": "vegasgui/50cards/poker_card_10_chervi"}},
      {"threshold": 5607111,"model": {"type": "model", "model": "vegasgui/50cards/poker_card_jack_chervi"}},
      {"threshold": 5607112,"model": {"type": "model", "model": "vegasgui/50cards/poker_card_queen_chervi"}},
      {"threshold": 5607113,"model": {"type": "model", "model": "vegasgui/50cards/poker_card_king_chervi"}},
      {"threshold": 5607114,"model": {"type": "model", "model": "vegasgui/50cards/poker_card_ace_chervi"}},

      {"threshold": 5608102,"model": {"type": "model", "model": "vegasgui/50cards/poker_card_2_pika"}},
      {"threshold": 5608103,"model": {"type": "model", "model": "vegasgui/50cards/poker_card_3_pika"}},
      {"threshold": 5608104,"model": {"type": "model", "model": "vegasgui/50cards/poker_card_4_pika"}},
      {"threshold": 5608105,"model": {"type": "model", "model": "vegasgui/50cards/poker_card_5_pika"}},
      {"threshold": 5608106,"model": {"type": "model", "model": "vegasgui/50cards/poker_card_6_pika"}},
      {"threshold": 5608107,"model": {"type": "model", "model": "vegasgui/50cards/poker_card_7_pika"}},
      {"threshold": 5608108,"model": {"type": "model", "model": "vegasgui/50cards/poker_card_8_pika"}},
      {"threshold": 5608109,"model": {"type": "model", "model": "vegasgui/50cards/poker_card_9_pika"}},
      {"threshold": 5608110,"model": {"type": "model", "model": "vegasgui/50cards/poker_card_10_pika"}},
      {"threshold": 5608111,"model": {"type": "model", "model": "vegasgui/50cards/poker_card_jack_pika"}},
      {"threshold": 5608112,"model": {"type": "model", "model": "vegasgui/50cards/poker_card_queen_pika"}},
      {"threshold": 5608113,"model": {"type": "model", "model": "vegasgui/50cards/poker_card_king_pika"}},
      {"threshold": 5608114,"model": {"type": "model", "model": "vegasgui/50cards/poker_card_ace_pika"}},

      {"threshold": 5609102,"model": {"type": "model", "model": "vegasgui/50cards/poker_card_2_kresti"}},
      {"threshold": 5609103,"model": {"type": "model", "model": "vegasgui/50cards/poker_card_3_kresti"}},
      {"threshold": 5609104,"model": {"type": "model", "model": "vegasgui/50cards/poker_card_4_kresti"}},
      {"threshold": 5609105,"model": {"type": "model", "model": "vegasgui/50cards/poker_card_5_kresti"}},
      {"threshold": 5609106,"model": {"type": "model", "model": "vegasgui/50cards/poker_card_6_kresti"}},
      {"threshold": 5609107,"model": {"type": "model", "model": "vegasgui/50cards/poker_card_7_kresti"}},
      {"threshold": 5609108,"model": {"type": "model", "model": "vegasgui/50cards/poker_card_8_kresti"}},
      {"threshold": 5609109,"model": {"type": "model", "model": "vegasgui/50cards/poker_card_9_kresti"}},
      {"threshold": 5609110,"model": {"type": "model", "model": "vegasgui/50cards/poker_card_10_kresti"}},
      {"threshold": 5609111,"model": {"type": "model", "model": "vegasgui/50cards/poker_card_jack_kresti"}},
      {"threshold": 5609112,"model": {"type": "model", "model": "vegasgui/50cards/poker_card_queen_kresti"}},
      {"threshold": 5609113,"model": {"type": "model", "model": "vegasgui/50cards/poker_card_king_kresti"}},
      {"threshold": 5609114,"model": {"type": "model", "model": "vegasgui/50cards/poker_card_ace_kresti"}}
    ]
  }
}