{
"textures": {
    "texture": "item/50cards/poker_card_2_kresti"
},
"elements": [ 
{
    "from": [ 0, 0, 0 ],
    "to": [ 16, 16, 0 ],
    "faces": {
        "north": {"texture": "#texture" },
        "south": {"uv": [0, 0, 16, 16], "texture": "#texture" }
    }
}
],
"gui_light": "front",
"display": {
    "firstperson_lefthand": {
        "rotation": [ 0, 0, 0 ],
        "translation": [ 0, 0, 0 ],
        "scale": [ 0, 0, 0 ]
    },
    "gui": {
        "rotation": [ 0, 0, 0 ],
        "translation": [ 0, 0, 1 ],
        "scale": [ 1, 1, 2]
    }
}
}