{
	"credit": "Made with Blockbench",
	"textures": {
		"0": "item/amalon/tc/metro/skin4",
		"particle": "item/amalon/tc/metro/skin4"
	},
	"elements": [
		{
			"from": [-16, 2, -6],
			"to": [-14, 28, 0],
			"faces": {
				"north": {"uv": [0.25, 0.25, 0.75, 0.75], "texture": "#0"},
				"east": {"uv": [1.25, 0.25, 1.75, 0.75], "texture": "#0"},
				"south": {"uv": [2.25, 0.25, 2.75, 0.75], "texture": "#0"},
				"west": {"uv": [3.25, 0.25, 3.75, 0.75], "texture": "#0"},
				"up": {"uv": [4.25, 0.25, 4.75, 0.75], "texture": "#0"},
				"down": {"uv": [5.25, 0.25, 5.75, 0.75], "texture": "#0"}
			}
		},
		{
			"from": [-16, 2, 26],
			"to": [-14, 28, 32],
			"faces": {
				"north": {"uv": [6.25, 0.25, 6.75, 0.75], "texture": "#0"},
				"east": {"uv": [7.25, 0.25, 7.75, 0.75], "texture": "#0"},
				"south": {"uv": [8.25, 0.25, 8.75, 0.75], "texture": "#0"},
				"west": {"uv": [9.25, 0.25, 9.75, 0.75], "texture": "#0"},
				"up": {"uv": [10.25, 0.25, 10.75, 0.75], "texture": "#0"},
				"down": {"uv": [11.25, 0.25, 11.75, 0.75], "texture": "#0"}
			}
		},
		{
			"from": [30, 2, 26],
			"to": [32, 28, 32],
			"faces": {
				"north": {"uv": [12.25, 0.25, 12.75, 0.75], "texture": "#0"},
				"east": {"uv": [13.25, 0.25, 13.75, 0.75], "texture": "#0"},
				"south": {"uv": [14.25, 0.25, 14.75, 0.75], "texture": "#0"},
				"west": {"uv": [15.25, 0.25, 15.75, 0.75], "texture": "#0"},
				"up": {"uv": [0.25, 1.25, 0.75, 1.75], "texture": "#0"},
				"down": {"uv": [1.25, 1.25, 1.75, 1.75], "texture": "#0"}
			}
		},
		{
			"from": [-16, -12, -6],
			"to": [-14, 2, 32],
			"faces": {
				"north": {"uv": [2.25, 1.25, 2.75, 1.75], "texture": "#0"},
				"east": {"uv": [3.25, 1.25, 3.75, 1.75], "texture": "#0"},
				"south": {"uv": [4.25, 1.25, 4.75, 1.75], "texture": "#0"},
				"west": {"uv": [5.25, 1.25, 5.75, 1.75], "texture": "#0"},
				"up": {"uv": [6.25, 1.25, 6.75, 1.75], "texture": "#0"},
				"down": {"uv": [7.25, 1.25, 7.75, 1.75], "texture": "#0"}
			}
		},
		{
			"from": [-16, -16, -3],
			"to": [-14, -12, 32],
			"faces": {
				"north": {"uv": [8.25, 1.25, 8.75, 1.75], "texture": "#0"},
				"east": {"uv": [9.25, 1.25, 9.75, 1.75], "texture": "#0"},
				"south": {"uv": [10.25, 1.25, 10.75, 1.75], "texture": "#0"},
				"west": {"uv": [11.25, 1.25, 11.75, 1.75], "texture": "#0"},
				"up": {"uv": [12.25, 1.25, 12.75, 1.75], "texture": "#0"},
				"down": {"uv": [13.25, 1.25, 13.75, 1.75], "texture": "#0"}
			}
		},
		{
			"from": [-16, -15, -5],
			"to": [-14, -12, -3],
			"faces": {
				"north": {"uv": [14.25, 1.25, 14.75, 1.75], "texture": "#0"},
				"east": {"uv": [15.25, 1.25, 15.75, 1.75], "texture": "#0"},
				"south": {"uv": [0.25, 2.25, 0.75, 2.75], "texture": "#0"},
				"west": {"uv": [1.25, 2.25, 1.75, 2.75], "texture": "#0"},
				"up": {"uv": [2.25, 2.25, 2.75, 2.75], "texture": "#0"},
				"down": {"uv": [3.25, 2.25, 3.75, 2.75], "texture": "#0"}
			}
		},
		{
			"from": [-16, -14, -6],
			"to": [-14, -12, -5],
			"faces": {
				"north": {"uv": [4.25, 2.25, 4.75, 2.75], "texture": "#0"},
				"east": {"uv": [5.25, 2.25, 5.75, 2.75], "texture": "#0"},
				"south": {"uv": [6.25, 2.25, 6.75, 2.75], "texture": "#0"},
				"west": {"uv": [7.25, 2.25, 7.75, 2.75], "texture": "#0"},
				"up": {"uv": [8.25, 2.25, 8.75, 2.75], "texture": "#0"},
				"down": {"uv": [9.25, 2.25, 9.75, 2.75], "texture": "#0"}
			}
		},
		{
			"from": [-16, 2, 0],
			"to": [-14, 14, 26],
			"faces": {
				"north": {"uv": [10.25, 2.25, 10.75, 2.75], "texture": "#0"},
				"east": {"uv": [11.25, 2.25, 11.75, 2.75], "texture": "#0"},
				"south": {"uv": [12.25, 2.25, 12.75, 2.75], "texture": "#0"},
				"west": {"uv": [13.25, 2.25, 13.75, 2.75], "texture": "#0"},
				"up": {"uv": [14.25, 2.25, 14.75, 2.75], "texture": "#0"},
				"down": {"uv": [15.25, 2.25, 15.75, 2.75], "texture": "#0"}
			}
		},
		{
			"from": [-16, 28, 0],
			"to": [-14, 31, 32],
			"faces": {
				"north": {"uv": [0.25, 3.25, 0.75, 3.75], "texture": "#0"},
				"east": {"uv": [1.25, 3.25, 1.75, 3.75], "texture": "#0"},
				"south": {"uv": [2.25, 3.25, 2.75, 3.75], "texture": "#0"},
				"west": {"uv": [3.25, 3.25, 3.75, 3.75], "texture": "#0"},
				"up": {"uv": [4.25, 3.25, 4.75, 3.75], "texture": "#0"},
				"down": {"uv": [5.25, 3.25, 5.75, 3.75], "texture": "#0"}
			}
		},
		{
			"from": [30, 28, 0],
			"to": [32, 31, 32],
			"faces": {
				"north": {"uv": [6.25, 3.25, 6.75, 3.75], "texture": "#0"},
				"east": {"uv": [7.25, 3.25, 7.75, 3.75], "texture": "#0"},
				"south": {"uv": [8.25, 3.25, 8.75, 3.75], "texture": "#0"},
				"west": {"uv": [9.25, 3.25, 9.75, 3.75], "texture": "#0"},
				"up": {"uv": [10.25, 3.25, 10.75, 3.75], "texture": "#0"},
				"down": {"uv": [11.25, 3.25, 11.75, 3.75], "texture": "#0"}
			}
		},
		{
			"from": [-16, 28, -6],
			"to": [-14, 32, 0],
			"faces": {
				"north": {"uv": [0.25, 3.25, 0.75, 3.75], "texture": "#0"},
				"east": {"uv": [1.25, 3.25, 1.75, 3.75], "texture": "#0"},
				"south": {"uv": [2.25, 3.25, 2.75, 3.75], "texture": "#0"},
				"west": {"uv": [3.25, 3.25, 3.75, 3.75], "texture": "#0"},
				"up": {"uv": [4.25, 3.25, 4.75, 3.75], "texture": "#0"},
				"down": {"uv": [5.25, 3.25, 5.75, 3.75], "texture": "#0"}
			}
		},
		{
			"from": [30, 28, -6],
			"to": [32, 32, 0],
			"faces": {
				"north": {"uv": [6.25, 3.25, 6.75, 3.75], "texture": "#0"},
				"east": {"uv": [7.25, 3.25, 7.75, 3.75], "texture": "#0"},
				"south": {"uv": [8.25, 3.25, 8.75, 3.75], "texture": "#0"},
				"west": {"uv": [9.25, 3.25, 9.75, 3.75], "texture": "#0"},
				"up": {"uv": [10.25, 3.25, 10.75, 3.75], "texture": "#0"},
				"down": {"uv": [11.25, 3.25, 11.75, 3.75], "texture": "#0"}
			}
		},
		{
			"from": [30, 2, 0],
			"to": [32, 14, 26],
			"faces": {
				"north": {"uv": [12.25, 3.25, 12.75, 3.75], "texture": "#0"},
				"east": {"uv": [13.25, 3.25, 13.75, 3.75], "texture": "#0"},
				"south": {"uv": [14.25, 3.25, 14.75, 3.75], "texture": "#0"},
				"west": {"uv": [15.25, 3.25, 15.75, 3.75], "texture": "#0"},
				"up": {"uv": [0.25, 4.25, 0.75, 4.75], "texture": "#0"},
				"down": {"uv": [1.25, 4.25, 1.75, 4.75], "texture": "#0"}
			}
		},
		{
			"from": [-14, 31, -6],
			"to": [30, 32, 32],
			"faces": {
				"north": {"uv": [2.25, 4.25, 2.75, 4.75], "texture": "#0"},
				"east": {"uv": [3.25, 4.25, 3.75, 4.75], "texture": "#0"},
				"south": {"uv": [4.25, 4.25, 4.75, 4.75], "texture": "#0"},
				"west": {"uv": [5.25, 4.25, 5.75, 4.75], "texture": "#0"},
				"up": {"uv": [6.25, 4.25, 6.75, 4.75], "texture": "#0"},
				"down": {"uv": [7.25, 4.25, 7.75, 4.75], "texture": "#0"}
			}
		},
		{
			"from": [30, -12, -6],
			"to": [32, 2, 32],
			"rotation": {"angle": 0, "axis": "y", "origin": [25, 0, 0]},
			"faces": {
				"north": {"uv": [8.25, 4.25, 8.75, 4.75], "texture": "#0"},
				"east": {"uv": [9.25, 4.25, 9.75, 4.75], "texture": "#0"},
				"south": {"uv": [10.25, 4.25, 10.75, 4.75], "texture": "#0"},
				"west": {"uv": [11.25, 4.25, 11.75, 4.75], "texture": "#0"},
				"up": {"uv": [12.25, 4.25, 12.75, 4.75], "texture": "#0"},
				"down": {"uv": [13.25, 4.25, 13.75, 4.75], "texture": "#0"}
			}
		},
		{
			"from": [30, 2, -6],
			"to": [32, 28, 0],
			"faces": {
				"north": {"uv": [14.25, 4.25, 14.75, 4.75], "texture": "#0"},
				"east": {"uv": [15.25, 4.25, 15.75, 4.75], "texture": "#0"},
				"south": {"uv": [0.25, 5.25, 0.75, 5.75], "texture": "#0"},
				"west": {"uv": [1.25, 5.25, 1.75, 5.75], "texture": "#0"},
				"up": {"uv": [2.25, 5.25, 2.75, 5.75], "texture": "#0"},
				"down": {"uv": [3.25, 5.25, 3.75, 5.75], "texture": "#0"}
			}
		},
		{
			"from": [30, -14, -6],
			"to": [32, -12, -5],
			"faces": {
				"north": {"uv": [4.25, 5.25, 4.75, 5.75], "texture": "#0"},
				"east": {"uv": [5.25, 5.25, 5.75, 5.75], "texture": "#0"},
				"south": {"uv": [6.25, 5.25, 6.75, 5.75], "texture": "#0"},
				"west": {"uv": [7.25, 5.25, 7.75, 5.75], "texture": "#0"},
				"up": {"uv": [8.25, 5.25, 8.75, 5.75], "texture": "#0"},
				"down": {"uv": [9.25, 5.25, 9.75, 5.75], "texture": "#0"}
			}
		},
		{
			"from": [30, -15, -5],
			"to": [32, -12, -3],
			"faces": {
				"north": {"uv": [10.25, 5.25, 10.75, 5.75], "texture": "#0"},
				"east": {"uv": [11.25, 5.25, 11.75, 5.75], "texture": "#0"},
				"south": {"uv": [12.25, 5.25, 12.75, 5.75], "texture": "#0"},
				"west": {"uv": [13.25, 5.25, 13.75, 5.75], "texture": "#0"},
				"up": {"uv": [14.25, 5.25, 14.75, 5.75], "texture": "#0"},
				"down": {"uv": [15.25, 5.25, 15.75, 5.75], "texture": "#0"}
			}
		},
		{
			"from": [30, -16, -3],
			"to": [32, -12, 32],
			"faces": {
				"north": {"uv": [0.25, 6.25, 0.75, 6.75], "texture": "#0"},
				"east": {"uv": [1.25, 6.25, 1.75, 6.75], "texture": "#0"},
				"south": {"uv": [2.25, 6.25, 2.75, 6.75], "texture": "#0"},
				"west": {"uv": [3.25, 6.25, 3.75, 6.75], "texture": "#0"},
				"up": {"uv": [4.25, 6.25, 4.75, 6.75], "texture": "#0"},
				"down": {"uv": [5.25, 6.25, 5.75, 6.75], "texture": "#0"}
			}
		},
		{
			"from": [-14, -4, -6],
			"to": [30, -2, 32],
			"faces": {
				"north": {"uv": [6.25, 6.25, 6.75, 6.75], "texture": "#0"},
				"east": {"uv": [7.25, 6.25, 7.75, 6.75], "texture": "#0"},
				"south": {"uv": [8.25, 6.25, 8.75, 6.75], "texture": "#0"},
				"west": {"uv": [9.25, 6.25, 9.75, 6.75], "texture": "#0"},
				"up": {"uv": [10.25, 6.25, 10.75, 6.75], "texture": "#0"},
				"down": {"uv": [11.25, 6.25, 11.75, 6.75], "texture": "#0"}
			}
		},
		{
			"from": [-7, -4, -16],
			"to": [23, -2, -6],
			"faces": {
				"north": {"uv": [12.25, 6.25, 12.75, 6.75], "texture": "#0"},
				"east": {"uv": [13.25, 6.25, 13.75, 6.75], "texture": "#0"},
				"south": {"uv": [14.25, 6.25, 14.75, 6.75], "texture": "#0"},
				"west": {"uv": [15.25, 6.25, 15.75, 6.75], "texture": "#0"},
				"up": {"uv": [0.25, 7.25, 0.75, 7.75], "texture": "#0"},
				"down": {"uv": [1.25, 7.25, 1.75, 7.75], "texture": "#0"}
			}
		},
		{
			"from": [-7, 29, -16],
			"to": [23, 31, -6],
			"faces": {
				"north": {"uv": [2.25, 7.25, 2.75, 7.75], "texture": "#0"},
				"east": {"uv": [3.25, 7.25, 3.75, 7.75], "texture": "#0"},
				"south": {"uv": [4.25, 7.25, 4.75, 7.75], "texture": "#0"},
				"west": {"uv": [5.25, 7.25, 5.75, 7.75], "texture": "#0"},
				"up": {"uv": [6.25, 7.25, 6.75, 7.75], "texture": "#0"},
				"down": {"uv": [7.25, 7.25, 7.75, 7.75], "texture": "#0"}
			}
		},
		{
			"from": [22, -2, -16],
			"to": [24, 30, -6],
			"faces": {
				"north": {"uv": [8.25, 7.25, 8.75, 7.75], "texture": "#0"},
				"east": {"uv": [9.25, 7.25, 9.75, 7.75], "texture": "#0"},
				"south": {"uv": [10.25, 7.25, 10.75, 7.75], "texture": "#0"},
				"west": {"uv": [11.25, 7.25, 11.75, 7.75], "texture": "#0"},
				"up": {"uv": [12.25, 7.25, 12.75, 7.75], "texture": "#0"},
				"down": {"uv": [13.25, 7.25, 13.75, 7.75], "texture": "#0"}
			}
		},
		{
			"from": [23, -2, -6],
			"to": [30, 31, -5],
			"faces": {
				"north": {"uv": [14.25, 7.25, 14.75, 7.75], "texture": "#0"},
				"east": {"uv": [15.25, 7.25, 15.75, 7.75], "texture": "#0"},
				"south": {"uv": [0.25, 8.25, 0.75, 8.75], "texture": "#0"},
				"west": {"uv": [1.25, 8.25, 1.75, 8.75], "texture": "#0"},
				"up": {"uv": [2.25, 8.25, 2.75, 8.75], "texture": "#0"},
				"down": {"uv": [3.25, 8.25, 3.75, 8.75], "texture": "#0"}
			}
		},
		{
			"from": [-14, -2, -6],
			"to": [-7, 31, -5],
			"faces": {
				"north": {"uv": [4.25, 8.25, 4.75, 8.75], "texture": "#0"},
				"east": {"uv": [5.25, 8.25, 5.75, 8.75], "texture": "#0"},
				"south": {"uv": [6.25, 8.25, 6.75, 8.75], "texture": "#0"},
				"west": {"uv": [7.25, 8.25, 7.75, 8.75], "texture": "#0"},
				"up": {"uv": [8.25, 8.25, 8.75, 8.75], "texture": "#0"},
				"down": {"uv": [9.25, 8.25, 9.75, 8.75], "texture": "#0"}
			}
		},
		{
			"from": [-8, -2, -16],
			"to": [-6, 30, -6],
			"faces": {
				"north": {"uv": [10.25, 8.25, 10.75, 8.75], "texture": "#0"},
				"east": {"uv": [11.25, 8.25, 11.75, 8.75], "texture": "#0"},
				"south": {"uv": [12.25, 8.25, 12.75, 8.75], "texture": "#0"},
				"west": {"uv": [13.25, 8.25, 13.75, 8.75], "texture": "#0"},
				"up": {"uv": [14.25, 8.25, 14.75, 8.75], "texture": "#0"},
				"down": {"uv": [15.25, 8.25, 15.75, 8.75], "texture": "#0"}
			}
		}
	],
	"display": {
		"gui": {
			"rotation": [25, 135, 0],
			"translation": [-0.5, -0.25, 0],
			"scale": [0.2, 0.2, 0.2]
		},
		"head": {
			"scale": [1.6, 2, 1.6]
		}
	},
	"groups": [
		{
			"name": "group",
			"origin": [8, 8, 8],
			"color": 0,
			"children": [0, 1, 2, 3, 4, 5, 6, 7, 8, 9, 10, 11, 12, 13]
		},
		{
			"name": "group",
			"origin": [0, 0, 0],
			"color": 0,
			"children": [14, 15, 16, 17, 18]
		},
		19,
		20,
		21,
		22,
		23,
		24,
		25
	]
}