{
	"credit": "Made with Blockbench",
	"texture_size": [256, 256],
	"textures": {
		"0": "item/blocks/blackjack",
		"particle": "item/blocks/blackjack"
	},
	"elements": [
		{
			"from": [-16, 14, 2],
			"to": [32, 15, 16],
			"faces": {
				"north": {"uv": [0.75, 4.75, 0.8125, 5], "texture": "#0"},
				"east": {"uv": [0.75, 4.75, 0.8125, 5], "texture": "#0"},
				"south": {"uv": [0.75, 4.75, 0.8125, 5], "texture": "#0"},
				"west": {"uv": [0.75, 4.75, 0.8125, 5], "texture": "#0"},
				"up": {"uv": [12, 3.5, 0, 0], "texture": "#0"},
				"down": {"uv": [0.6875, 4.0625, 0.5625, 4.1875], "texture": "#0"}
			}
		},
		{
			"from": [30, 15, 2],
			"to": [32, 16, 16],
			"faces": {
				"north": {"uv": [0.75, 4.5, 0.8125, 4.75], "texture": "#0"},
				"east": {"uv": [0.75, 4.5, 0.8125, 4.75], "texture": "#0"},
				"south": {"uv": [0.75, 4.5, 0.8125, 4.75], "texture": "#0"},
				"west": {"uv": [5.8125, 5.5, 9.3125, 5.75], "texture": "#0"},
				"up": {"uv": [5.375, 6.25, 8.875, 6.75], "rotation": 90, "texture": "#0"}
			}
		},
		{
			"from": [-14, 15, 14],
			"to": [2, 16, 16],
			"faces": {
				"north": {"uv": [9.8125, 5.5, 5.8125, 5.75], "texture": "#0"},
				"east": {"uv": [9.8125, 5.5, 10.3125, 5.75], "texture": "#0"},
				"south": {"uv": [0.75, 4.5, 0.8125, 4.75], "texture": "#0"},
				"up": {"uv": [3.5, 7.75, 7.5, 7.25], "texture": "#0"}
			}
		},
		{
			"from": [-5.98954, 15, 3.59792],
			"to": [0.01046, 15.1, 5.59792],
			"rotation": {"angle": 22.5, "axis": "y", "origin": [1.01046, 0, -1.40208]},
			"faces": {
				"north": {"uv": [0.75, 5, 2.25, 5.0625], "texture": "#0"},
				"east": {"uv": [0.75, 5, 1.25, 5.0625], "texture": "#0"},
				"south": {"uv": [0.75, 5, 2.25, 5.0625], "texture": "#0"},
				"west": {"uv": [0.75, 5, 1.25, 5.0625], "texture": "#0"},
				"up": {"uv": [0.75, 5.5, 2.25, 5], "texture": "#0"}
			}
		},
		{
			"from": [6.5, 15, -5],
			"to": [9.5, 15.1, 0],
			"faces": {
				"north": {"uv": [3.5, 5.5, 4.25, 5.5625], "texture": "#0"},
				"east": {"uv": [3.5, 5.5, 4.25, 5.5625], "texture": "#0"},
				"south": {"uv": [3.5, 5.5, 4.25, 5.5625], "texture": "#0"},
				"west": {"uv": [3.5, 5.5, 4.25, 5.5625], "texture": "#0"},
				"up": {"uv": [4.25, 6.75, 3.5, 5.5], "texture": "#0"}
			}
		},
		{
			"from": [17, 15, -10],
			"to": [20, 15.1, -5],
			"rotation": {"angle": -22.5, "axis": "y", "origin": [0, 0, 0]},
			"faces": {
				"north": {"uv": [3.5, 5.5, 4.25, 5.5625], "texture": "#0"},
				"east": {"uv": [3.5, 5.5, 4.25, 5.5625], "texture": "#0"},
				"south": {"uv": [3.5, 5.5, 4.25, 5.5625], "texture": "#0"},
				"west": {"uv": [3.5, 5.5, 4.25, 5.5625], "texture": "#0"},
				"up": {"uv": [4.25, 6.75, 3.5, 5.5], "texture": "#0"}
			}
		},
		{
			"from": [24, 15, 6],
			"to": [29, 15.1, 9],
			"faces": {
				"north": {"uv": [3.5, 5.5, 4.25, 5.5625], "texture": "#0"},
				"east": {"uv": [3.5, 5.5, 4.25, 5.5625], "texture": "#0"},
				"south": {"uv": [3.5, 5.5, 4.25, 5.5625], "texture": "#0"},
				"west": {"uv": [3.5, 5.5, 4.25, 5.5625], "texture": "#0"},
				"up": {"uv": [4.25, 6.75, 3.5, 5.5], "rotation": 90, "texture": "#0"}
			}
		},
		{
			"from": [-5, 15, -4],
			"to": [-2, 15.1, 1],
			"rotation": {"angle": 22.5, "axis": "y", "origin": [0, 0, 0]},
			"faces": {
				"north": {"uv": [3.5, 5.5, 4.25, 5.5625], "texture": "#0"},
				"east": {"uv": [3.5, 5.5, 4.25, 5.5625], "texture": "#0"},
				"south": {"uv": [3.5, 5.5, 4.25, 5.5625], "texture": "#0"},
				"west": {"uv": [3.5, 5.5, 4.25, 5.5625], "texture": "#0"},
				"up": {"uv": [4.25, 6.75, 3.5, 5.5], "texture": "#0"}
			}
		},
		{
			"from": [-13, 15, 6],
			"to": [-8, 15.1, 9],
			"faces": {
				"north": {"uv": [3.5, 5.5, 4.25, 5.5625], "texture": "#0"},
				"east": {"uv": [3.5, 5.5, 4.25, 5.5625], "texture": "#0"},
				"south": {"uv": [3.5, 5.5, 4.25, 5.5625], "texture": "#0"},
				"west": {"uv": [3.5, 5.5, 4.25, 5.5625], "texture": "#0"},
				"up": {"uv": [3.5, 5.5, 4.25, 6.75], "rotation": 90, "texture": "#0"}
			}
		},
		{
			"from": [3.5, 15, 9],
			"to": [6.5, 16.4, 13],
			"rotation": {"angle": -45, "axis": "y", "origin": [0, 0, 0]},
			"faces": {
				"north": {"uv": [5.375, 5.5625, 5, 6.3125], "rotation": 90, "texture": "#0"},
				"east": {"uv": [5.375, 5.5, 5, 6.5], "rotation": 90, "texture": "#0"},
				"south": {"uv": [5.375, 5.5, 5, 6.25], "rotation": 90, "texture": "#0"},
				"west": {"uv": [5.375, 6.5, 5, 5.5], "rotation": 90, "texture": "#0"},
				"up": {"uv": [5, 6.5, 4.25, 5.5], "texture": "#0"}
			}
		},
		{
			"from": [4.1, 15, 7.1],
			"to": [5.9, 15.1, 9.4],
			"rotation": {"angle": -45, "axis": "y", "origin": [0, 0, 0]},
			"faces": {
				"north": {"uv": [0.8125, 4.5, 1.25, 4.5625], "texture": "#0"},
				"east": {"uv": [0.8125, 4.5, 1.25, 4.5625], "texture": "#0"},
				"south": {"uv": [0.8125, 4.5, 1.25, 4.5625], "texture": "#0"},
				"west": {"uv": [0.8125, 4.5, 1.25, 4.5625], "texture": "#0"},
				"up": {"uv": [1.25, 5, 0.8125, 4.5], "texture": "#0"}
			}
		},
		{
			"from": [4.1, 15.1, 7.3],
			"to": [5.9, 15.2, 9.6],
			"rotation": {"angle": -45, "axis": "y", "origin": [0, 0, 0]},
			"faces": {
				"north": {"uv": [5.375, 5.5, 5.8125, 5.5625], "texture": "#0"},
				"east": {"uv": [5.375, 5.5, 5.8125, 5.5625], "texture": "#0"},
				"south": {"uv": [5.375, 5.5, 5.8125, 5.5625], "texture": "#0"},
				"west": {"uv": [5.375, 5.5, 5.8125, 5.5625], "texture": "#0"},
				"up": {"uv": [5.8125, 6.0625, 5.375, 5.5], "texture": "#0"}
			}
		},
		{
			"from": [4.1, 15.2, 7.6],
			"to": [5.9, 15.3, 9.9],
			"rotation": {"angle": -45, "axis": "y", "origin": [0, 0, 0]},
			"faces": {
				"north": {"uv": [0.8125, 4.5, 0.875, 4.5625], "texture": "#0"},
				"east": {"uv": [0.8125, 4.5, 0.875, 4.5625], "texture": "#0"},
				"south": {"uv": [0.8125, 4.5, 0.875, 4.5625], "texture": "#0"},
				"west": {"uv": [0.8125, 4.5, 0.875, 4.5625], "texture": "#0"},
				"up": {"uv": [1.25, 5, 0.8125, 4.5], "texture": "#0"}
			}
		},
		{
			"from": [4.1, 15.3, 7.9],
			"to": [5.9, 15.4, 10.2],
			"rotation": {"angle": -45, "axis": "y", "origin": [0, 0, 0]},
			"faces": {
				"north": {"uv": [5.375, 5.5, 5.8125, 5.5625], "texture": "#0"},
				"east": {"uv": [5.375, 5.5, 5.8125, 5.5625], "texture": "#0"},
				"south": {"uv": [5.375, 5.5, 5.8125, 5.5625], "texture": "#0"},
				"west": {"uv": [5.375, 5.5, 5.8125, 5.5625], "texture": "#0"},
				"up": {"uv": [5.8125, 6.0625, 5.375, 5.5], "texture": "#0"}
			}
		},
		{
			"from": [4.1, 15.4, 8.2],
			"to": [5.9, 15.5, 10.5],
			"rotation": {"angle": -45, "axis": "y", "origin": [0, 0, 0]},
			"faces": {
				"north": {"uv": [0.8125, 4.5, 1.25, 4.5625], "texture": "#0"},
				"east": {"uv": [0.8125, 4.5, 1.25, 4.5625], "texture": "#0"},
				"south": {"uv": [0.8125, 4.5, 1.25, 4.5625], "texture": "#0"},
				"west": {"uv": [0.8125, 4.5, 0.875, 4.5625], "texture": "#0"},
				"up": {"uv": [1.25, 5, 0.8125, 4.5], "texture": "#0"}
			}
		},
		{
			"from": [14.83524, 15, -2.59906],
			"to": [20.83524, 15.1, -0.59906],
			"rotation": {"angle": -22.5, "axis": "y", "origin": [-1.16476, 0, -1.59906]},
			"faces": {
				"north": {"uv": [0.75, 5, 2.25, 5.0625], "texture": "#0"},
				"east": {"uv": [1.0625, 5, 1.5625, 5.0625], "texture": "#0"},
				"south": {"uv": [0.75, 5, 2.25, 5.0625], "texture": "#0"},
				"west": {"uv": [0.9375, 5, 1.4375, 5.0625], "texture": "#0"},
				"up": {"uv": [2.25, 5.5, 0.75, 5], "texture": "#0"}
			}
		},
		{
			"from": [2, 15, 3.6],
			"to": [14, 15.1, 5.6],
			"rotation": {"angle": 0, "axis": "y", "origin": [0, 0, 0.6]},
			"faces": {
				"north": {"uv": [1, 5.4375, 2, 5.5], "texture": "#0"},
				"east": {"uv": [1.0625, 5, 1.5625, 5.0625], "texture": "#0"},
				"south": {"uv": [1, 5, 1.6875, 5.0625], "texture": "#0"},
				"west": {"uv": [0.75, 5, 1.25, 5.0625], "texture": "#0"},
				"up": {"uv": [1.875, 5.5, 1.0625, 5], "texture": "#0"}
			}
		},
		{
			"from": [14, 15, 14],
			"to": [30, 16, 16],
			"faces": {
				"north": {"uv": [5.8125, 5.5, 9.8125, 5.75], "texture": "#0"},
				"south": {"uv": [0.75, 4.5, 0.8125, 4.75], "texture": "#0"},
				"west": {"uv": [10.3125, 5.5, 9.8125, 5.75], "texture": "#0"},
				"up": {"uv": [7.5, 7.75, 3.5, 7.25], "texture": "#0"}
			}
		},
		{
			"from": [10.4, 15, 9],
			"to": [11.4, 16, 14],
			"faces": {
				"north": {"uv": [0.4375, 4.0625, 0.5, 4.125], "texture": "#0"},
				"east": {"uv": [0.4375, 5.25, 0.5, 4], "rotation": 90, "texture": "#0"},
				"south": {"uv": [0.4375, 4, 0.5, 4.0625], "texture": "#0"},
				"west": {"uv": [0.4375, 4, 0.5, 5.25], "rotation": 90, "texture": "#0"},
				"up": {"uv": [0.5, 5.25, 0.4375, 4], "texture": "#0"},
				"down": {"uv": [0.5, 5.25, 0.4375, 4], "texture": "#0"}
			}
		},
		{
			"from": [8.7, 15, 9],
			"to": [10.1, 15.8, 14],
			"faces": {
				"north": {"uv": [0.5, 4.0625, 0.5625, 4.125], "texture": "#0"},
				"east": {"uv": [0.5, 5.25, 0.5625, 4], "rotation": 90, "texture": "#0"},
				"south": {"uv": [0.5, 4, 0.5625, 4.0625], "texture": "#0"},
				"west": {"uv": [0.5, 4, 0.5625, 5.25], "rotation": 90, "texture": "#0"},
				"up": {"uv": [0.5625, 5.25, 0.5, 4], "texture": "#0"},
				"down": {"uv": [0.5625, 5.25, 0.5, 4], "texture": "#0"}
			}
		},
		{
			"from": [8.9, 15, 9],
			"to": [9.9, 16, 14],
			"faces": {
				"north": {"uv": [0.5, 4.0625, 0.5625, 4.125], "texture": "#0"},
				"east": {"uv": [0.5, 5.25, 0.5625, 4], "rotation": 90, "texture": "#0"},
				"south": {"uv": [0.5, 4, 0.5625, 4.0625], "texture": "#0"},
				"west": {"uv": [0.5, 4, 0.5625, 5.25], "rotation": 90, "texture": "#0"},
				"up": {"uv": [0.5625, 5.25, 0.5, 4], "texture": "#0"},
				"down": {"uv": [0.5625, 5.25, 0.5, 4], "texture": "#0"}
			}
		},
		{
			"from": [7.2, 15, 9],
			"to": [8.6, 15.8, 14],
			"faces": {
				"north": {"uv": [0.25, 4.0625, 0.3125, 4.125], "texture": "#0"},
				"east": {"uv": [0.25, 5.25, 0.3125, 4], "rotation": 90, "texture": "#0"},
				"south": {"uv": [0.25, 4, 0.3125, 4.0625], "texture": "#0"},
				"west": {"uv": [0.25, 4, 0.3125, 5.25], "rotation": 90, "texture": "#0"},
				"up": {"uv": [0.3125, 5.25, 0.25, 4], "texture": "#0"},
				"down": {"uv": [0.3125, 4, 0.25, 5.25], "texture": "#0"}
			}
		},
		{
			"from": [7.4, 15, 9],
			"to": [8.4, 16, 14],
			"faces": {
				"north": {"uv": [0.25, 4.0625, 0.3125, 4.125], "texture": "#0"},
				"east": {"uv": [0.25, 5.25, 0.3125, 4], "rotation": 90, "texture": "#0"},
				"south": {"uv": [0.25, 4, 0.3125, 4.0625], "texture": "#0"},
				"west": {"uv": [0.25, 4, 0.3125, 5.25], "rotation": 90, "texture": "#0"},
				"up": {"uv": [0.3125, 5.25, 0.25, 4], "texture": "#0"},
				"down": {"uv": [0.3125, 5.25, 0.25, 4], "texture": "#0"}
			}
		},
		{
			"from": [5.7, 15, 9],
			"to": [7.1, 15.8, 14],
			"faces": {
				"north": {"uv": [0.3125, 4.0625, 0.375, 4.125], "texture": "#0"},
				"east": {"uv": [0.3125, 5.25, 0.375, 4], "rotation": 90, "texture": "#0"},
				"south": {"uv": [0.3125, 4, 0.375, 4.0625], "texture": "#0"},
				"west": {"uv": [0.3125, 4, 0.375, 5.25], "rotation": 90, "texture": "#0"},
				"up": {"uv": [0.375, 5.25, 0.3125, 4], "texture": "#0"},
				"down": {"uv": [0.375, 5.25, 0.3125, 4], "texture": "#0"}
			}
		},
		{
			"from": [5.9, 15, 9],
			"to": [6.9, 16, 14],
			"faces": {
				"north": {"uv": [0.3125, 4.0625, 0.375, 4.125], "texture": "#0"},
				"east": {"uv": [0.3125, 5.25, 0.375, 4], "rotation": 90, "texture": "#0"},
				"south": {"uv": [0.3125, 4, 0.375, 4.0625], "texture": "#0"},
				"west": {"uv": [0.3125, 4, 0.375, 5.25], "rotation": 90, "texture": "#0"},
				"up": {"uv": [0.375, 5.25, 0.3125, 4], "texture": "#0"},
				"down": {"uv": [0.375, 5.25, 0.3125, 4], "texture": "#0"}
			}
		},
		{
			"from": [4.2, 15, 9],
			"to": [5.6, 15.8, 14],
			"faces": {
				"north": {"uv": [0.375, 4.0625, 0.4375, 4.125], "texture": "#0"},
				"east": {"uv": [0.375, 5.25, 0.4375, 4], "rotation": 90, "texture": "#0"},
				"south": {"uv": [0.375, 4, 0.4375, 4.0625], "texture": "#0"},
				"west": {"uv": [0.375, 4, 0.4375, 5.25], "rotation": 90, "texture": "#0"},
				"up": {"uv": [0.4375, 5.25, 0.375, 4], "texture": "#0"},
				"down": {"uv": [0.4375, 5.25, 0.375, 4], "texture": "#0"}
			}
		},
		{
			"from": [4.4, 15, 9],
			"to": [5.4, 16, 14],
			"faces": {
				"north": {"uv": [0.375, 4.0625, 0.4375, 4.125], "texture": "#0"},
				"east": {"uv": [0.375, 5.25, 0.4375, 4], "rotation": 90, "texture": "#0"},
				"south": {"uv": [0.375, 4, 0.4375, 4.0625], "texture": "#0"},
				"west": {"uv": [0.375, 4, 0.4375, 5.25], "rotation": 90, "texture": "#0"},
				"up": {"uv": [0.4375, 5.25, 0.375, 4], "texture": "#0"},
				"down": {"uv": [0.4375, 5.25, 0.375, 4], "texture": "#0"}
			}
		},
		{
			"from": [10.2, 15, 9],
			"to": [11.6, 15.8, 14],
			"faces": {
				"north": {"uv": [0.4375, 4.0625, 0.5, 4.125], "texture": "#0"},
				"east": {"uv": [0.4375, 5.25, 0.5, 4], "rotation": 90, "texture": "#0"},
				"south": {"uv": [0.4375, 4, 0.5, 4.0625], "texture": "#0"},
				"west": {"uv": [0.4375, 4, 0.5, 5.25], "rotation": 90, "texture": "#0"},
				"up": {"uv": [0.5, 5.25, 0.4375, 4], "texture": "#0"},
				"down": {"uv": [0.5, 5.25, 0.4375, 4], "texture": "#0"}
			}
		},
		{
			"from": [9.6, 16, 9.2],
			"to": [10.6, 17.2, 13.8],
			"faces": {
				"north": {"uv": [0, 3.5625, 0.0625, 3.625], "texture": "#0"},
				"east": {"uv": [0, 4.625, 0.0625, 3.5], "rotation": 90, "texture": "#0"},
				"south": {"uv": [0, 3.5, 0.0625, 3.5625], "texture": "#0"},
				"west": {"uv": [0, 3.5, 0.0625, 4.625], "rotation": 90, "texture": "#0"},
				"up": {"uv": [0.0625, 4.625, 0, 3.5], "texture": "#0"},
				"down": {"uv": [0.0625, 3.5, 0, 4.625], "texture": "#0"}
			}
		},
		{
			"from": [7.9, 16.2, 9.2],
			"to": [9.3, 17, 13.8],
			"faces": {
				"north": {"uv": [0.0625, 3.5625, 0.125, 3.625], "texture": "#0"},
				"east": {"uv": [0.0625, 4.625, 0.125, 3.5], "rotation": 90, "texture": "#0"},
				"south": {"uv": [0.0625, 3.5, 0.125, 3.5625], "texture": "#0"},
				"west": {"uv": [0.0625, 3.5, 0.125, 4.625], "rotation": 90, "texture": "#0"},
				"up": {"uv": [0.125, 4.625, 0.0625, 3.5], "texture": "#0"},
				"down": {"uv": [0.125, 3.5, 0.0625, 4.625], "texture": "#0"}
			}
		},
		{
			"from": [8.1, 16, 9.2],
			"to": [9.1, 17.2, 13.8],
			"faces": {
				"north": {"uv": [0.0625, 3.5625, 0.125, 3.625], "texture": "#0"},
				"east": {"uv": [0.0625, 4.625, 0.125, 3.5], "rotation": 90, "texture": "#0"},
				"south": {"uv": [0.0625, 3.5, 0.125, 3.5625], "texture": "#0"},
				"west": {"uv": [0.0625, 3.5, 0.125, 4.625], "rotation": 90, "texture": "#0"},
				"up": {"uv": [0.125, 4.625, 0.0625, 3.5], "texture": "#0"},
				"down": {"uv": [0.125, 3.5, 0.0625, 4.625], "texture": "#0"}
			}
		},
		{
			"from": [6.4, 16.2, 9.2],
			"to": [7.8, 17, 13.8],
			"faces": {
				"north": {"uv": [0.125, 3.5625, 0.1875, 3.625], "texture": "#0"},
				"east": {"uv": [0.125, 4.625, 0.1875, 3.5], "rotation": 90, "texture": "#0"},
				"south": {"uv": [0.125, 3.5, 0.1875, 3.5625], "texture": "#0"},
				"west": {"uv": [0.125, 3.5, 0.1875, 4.625], "rotation": 90, "texture": "#0"},
				"up": {"uv": [0.1875, 4.625, 0.125, 3.5], "texture": "#0"},
				"down": {"uv": [0.1875, 3.5, 0.125, 4.625], "texture": "#0"}
			}
		},
		{
			"from": [6.6, 16, 9.2],
			"to": [7.6, 17.2, 13.8],
			"faces": {
				"north": {"uv": [0.125, 3.5625, 0.1875, 3.625], "texture": "#0"},
				"east": {"uv": [0.125, 4.625, 0.1875, 3.5], "rotation": 90, "texture": "#0"},
				"south": {"uv": [0.125, 3.5, 0.1875, 3.5625], "texture": "#0"},
				"west": {"uv": [0.125, 3.5, 0.1875, 4.625], "rotation": 90, "texture": "#0"},
				"up": {"uv": [0.1875, 4.625, 0.125, 3.5], "texture": "#0"},
				"down": {"uv": [0.1875, 3.5, 0.125, 4.625], "texture": "#0"}
			}
		},
		{
			"from": [4.9, 16.2, 9.2],
			"to": [6.3, 17, 13.8],
			"faces": {
				"north": {"uv": [0.1875, 3.5625, 0.25, 3.625], "texture": "#0"},
				"east": {"uv": [0.1875, 4.625, 0.25, 3.5], "rotation": 90, "texture": "#0"},
				"south": {"uv": [0.1875, 3.5, 0.25, 3.5625], "texture": "#0"},
				"west": {"uv": [0.1875, 3.5, 0.25, 4.625], "rotation": 90, "texture": "#0"},
				"up": {"uv": [0.25, 4.625, 0.1875, 3.5], "texture": "#0"},
				"down": {"uv": [0.25, 3.5, 0.1875, 4.625], "texture": "#0"}
			}
		},
		{
			"from": [5.1, 16, 9.2],
			"to": [6.1, 17.2, 13.8],
			"faces": {
				"north": {"uv": [0.1875, 3.5625, 0.25, 3.625], "texture": "#0"},
				"east": {"uv": [0.1875, 4.625, 0.25, 3.5], "rotation": 90, "texture": "#0"},
				"south": {"uv": [0.1875, 3.5, 0.25, 3.5625], "texture": "#0"},
				"west": {"uv": [0.1875, 3.5, 0.25, 4.625], "rotation": 90, "texture": "#0"},
				"up": {"uv": [0.25, 4.625, 0.1875, 3.5], "texture": "#0"},
				"down": {"uv": [0.25, 3.5, 0.1875, 4.625], "texture": "#0"}
			}
		},
		{
			"from": [9.4, 16.2, 9.2],
			"to": [10.8, 17, 13.8],
			"faces": {
				"north": {"uv": [0, 3.5625, 0.0625, 3.625], "texture": "#0"},
				"east": {"uv": [0, 4.625, 0.0625, 3.5], "rotation": 90, "texture": "#0"},
				"south": {"uv": [0, 3.5, 0.0625, 3.5625], "texture": "#0"},
				"west": {"uv": [0, 3.5, 0.0625, 4.625], "rotation": 90, "texture": "#0"},
				"up": {"uv": [0.0625, 4.625, 0, 3.5], "texture": "#0"},
				"down": {"uv": [0.0625, 3.5, 0, 4.625], "texture": "#0"}
			}
		},
		{
			"from": [-16, 15, 2],
			"to": [-14, 16, 16],
			"faces": {
				"north": {"uv": [0.75, 4.5, 0.8125, 4.75], "texture": "#0"},
				"east": {"uv": [5.8125, 5.5, 9.3125, 5.75], "texture": "#0"},
				"south": {"uv": [0.75, 4.5, 0.8125, 4.75], "texture": "#0"},
				"west": {"uv": [0.75, 4.5, 0.8125, 4.75], "texture": "#0"},
				"up": {"uv": [5.375, 6.75, 8.875, 6.25], "rotation": 90, "texture": "#0"}
			}
		},
		{
			"from": [29, 15, 0],
			"to": [31, 16, 2],
			"faces": {
				"north": {"uv": [0.75, 4.5, 0.8125, 4.75], "texture": "#0"},
				"east": {"uv": [0.75, 4.5, 0.8125, 4.75], "texture": "#0"},
				"south": {"uv": [5.8125, 5.5, 6.3125, 5.75], "texture": "#0"},
				"west": {"uv": [5.8125, 5.5, 6.3125, 5.75], "texture": "#0"},
				"up": {"uv": [10.25, 5.5, 9.75, 5], "texture": "#0"}
			}
		},
		{
			"from": [-15, 15, 0],
			"to": [-13, 16, 2],
			"faces": {
				"north": {"uv": [0.75, 4.5, 0.8125, 4.75], "texture": "#0"},
				"east": {"uv": [5.8125, 5.5, 6.3125, 5.75], "texture": "#0"},
				"south": {"uv": [5.8125, 5.5, 6.3125, 5.75], "texture": "#0"},
				"west": {"uv": [0.75, 4.5, 0.8125, 4.75], "texture": "#0"},
				"up": {"uv": [9.75, 5.5, 10.25, 5], "texture": "#0"}
			}
		},
		{
			"from": [-13, 15, -2],
			"to": [-11, 16, 0],
			"faces": {
				"north": {"uv": [0.75, 4.5, 0.8125, 4.75], "texture": "#0"},
				"east": {"uv": [5.8125, 5.5, 6.3125, 5.75], "texture": "#0"},
				"south": {"uv": [5.8125, 5.5, 6.3125, 5.75], "texture": "#0"},
				"west": {"uv": [0.75, 4.5, 0.8125, 4.75], "texture": "#0"},
				"up": {"uv": [9.75, 5.5, 10.25, 5], "texture": "#0"}
			}
		},
		{
			"from": [27, 15, -2],
			"to": [29, 16, 0],
			"faces": {
				"north": {"uv": [0.75, 4.5, 0.8125, 4.75], "texture": "#0"},
				"east": {"uv": [0.75, 4.5, 0.8125, 4.75], "texture": "#0"},
				"south": {"uv": [5.8125, 5.5, 6.3125, 5.75], "texture": "#0"},
				"west": {"uv": [5.8125, 5.5, 6.3125, 5.75], "texture": "#0"},
				"up": {"uv": [10.25, 5.5, 9.75, 5], "texture": "#0"}
			}
		},
		{
			"from": [23, 15, -4],
			"to": [27, 16, -2],
			"faces": {
				"north": {"uv": [0.75, 4.5, 0.8125, 4.75], "texture": "#0"},
				"east": {"uv": [0.75, 4.5, 0.8125, 4.75], "texture": "#0"},
				"south": {"uv": [5.8125, 5.5, 6.8125, 5.75], "texture": "#0"},
				"west": {"uv": [5.8125, 5.5, 6.3125, 5.75], "texture": "#0"},
				"up": {"uv": [6.8125, 6.25, 5.8125, 5.75], "texture": "#0"}
			}
		},
		{
			"from": [18, 15, -6],
			"to": [23, 16, -4],
			"faces": {
				"north": {"uv": [0.75, 4.5, 0.8125, 4.75], "texture": "#0"},
				"east": {"uv": [0.75, 4.5, 0.8125, 4.75], "texture": "#0"},
				"south": {"uv": [5.8125, 5.5, 7.0625, 5.75], "texture": "#0"},
				"west": {"uv": [5.8125, 5.5, 6.3125, 5.75], "texture": "#0"},
				"up": {"uv": [8.0625, 6.25, 6.8125, 5.75], "texture": "#0"}
			}
		},
		{
			"from": [-7, 15, -6],
			"to": [-2, 16, -4],
			"faces": {
				"north": {"uv": [0.75, 4.5, 0.8125, 4.75], "texture": "#0"},
				"east": {"uv": [5.8125, 5.5, 6.3125, 5.75], "texture": "#0"},
				"south": {"uv": [5.8125, 5.5, 7.0625, 5.75], "texture": "#0"},
				"west": {"uv": [0.75, 4.5, 0.8125, 4.75], "texture": "#0"},
				"up": {"uv": [6.8125, 6.25, 8.0625, 5.75], "texture": "#0"}
			}
		},
		{
			"from": [-2, 15, -8],
			"to": [18, 16, -6],
			"faces": {
				"north": {"uv": [0.75, 4.5, 0.8125, 4.75], "texture": "#0"},
				"east": {"uv": [0.75, 4.5, 0.8125, 4.75], "texture": "#0"},
				"south": {"uv": [5.8125, 5.5, 9.6875, 5.75], "texture": "#0"},
				"west": {"uv": [0.75, 4.5, 0.8125, 4.75], "texture": "#0"},
				"up": {"uv": [8.5, 7.25, 3.5, 6.75], "texture": "#0"}
			}
		},
		{
			"from": [-11, 15, -4],
			"to": [-7, 16, -2],
			"faces": {
				"north": {"uv": [0.75, 4.5, 0.8125, 4.75], "texture": "#0"},
				"east": {"uv": [5.8125, 5.5, 6.3125, 5.75], "texture": "#0"},
				"south": {"uv": [5.8125, 5.5, 6.8125, 5.75], "texture": "#0"},
				"west": {"uv": [0.75, 4.5, 0.8125, 4.75], "texture": "#0"},
				"up": {"uv": [5.8125, 6.25, 6.8125, 5.75], "texture": "#0"}
			}
		},
		{
			"from": [-15, 14, 0],
			"to": [31, 15, 2],
			"faces": {
				"north": {"uv": [0.75, 4.75, 0.8125, 5], "texture": "#0"},
				"east": {"uv": [0.75, 4.75, 0.8125, 5], "texture": "#0"},
				"west": {"uv": [0.75, 4.75, 0.8125, 5], "texture": "#0"},
				"up": {"uv": [11.75, 4, 0.25, 3.5], "texture": "#0"},
				"down": {"uv": [0.75, 4, 0.5625, 4.125], "texture": "#0"}
			}
		},
		{
			"from": [-13, 14, -2],
			"to": [29, 15, 0],
			"faces": {
				"north": {"uv": [0.75, 4.75, 0.8125, 5], "texture": "#0"},
				"east": {"uv": [0.75, 4.75, 0.8125, 5], "texture": "#0"},
				"west": {"uv": [0.75, 4.75, 0.8125, 5], "texture": "#0"},
				"up": {"uv": [11.25, 4.5, 0.75, 4], "texture": "#0"},
				"down": {"uv": [0.75, 4, 0.5625, 4.125], "texture": "#0"}
			}
		},
		{
			"from": [-11, 14, -4],
			"to": [27, 15, -2],
			"faces": {
				"north": {"uv": [0.75, 4.75, 0.8125, 5], "texture": "#0"},
				"east": {"uv": [0.75, 4.75, 0.8125, 5], "texture": "#0"},
				"west": {"uv": [0.75, 4.75, 0.8125, 5], "texture": "#0"},
				"up": {"uv": [10.75, 5, 1.25, 4.5], "texture": "#0"},
				"down": {"uv": [0.75, 4, 0.5625, 4.125], "texture": "#0"}
			}
		},
		{
			"from": [-7, 14, -6],
			"to": [23, 15, -4],
			"faces": {
				"north": {"uv": [0.75, 4.75, 0.8125, 5], "texture": "#0"},
				"east": {"uv": [0.75, 4.75, 0.8125, 5], "texture": "#0"},
				"west": {"uv": [0.75, 4.75, 0.8125, 5], "texture": "#0"},
				"up": {"uv": [9.75, 5.5, 2.25, 5], "texture": "#0"},
				"down": {"uv": [0.75, 4, 0.5625, 4.125], "texture": "#0"}
			}
		},
		{
			"from": [-2, 14, -8],
			"to": [18, 15, -6],
			"faces": {
				"north": {"uv": [0.75, 4.75, 0.8125, 5], "texture": "#0"},
				"east": {"uv": [0.75, 4.75, 0.8125, 5], "texture": "#0"},
				"west": {"uv": [0.75, 4.75, 0.8125, 5], "texture": "#0"},
				"down": {"uv": [0.75, 4, 0.5625, 4.125], "texture": "#0"}
			}
		},
		{
			"from": [-2, 1, 5],
			"to": [2, 14, 9],
			"faces": {
				"north": {"uv": [0, 5.5, 3.5, 6.5], "rotation": 90, "texture": "#0"},
				"east": {"uv": [0, 5.5, 3.5, 6.5], "rotation": 90, "texture": "#0"},
				"south": {"uv": [0, 5.5, 3.5, 6.5], "rotation": 90, "texture": "#0"},
				"west": {"uv": [0, 5.5, 3.5, 6.5], "rotation": 90, "texture": "#0"}
			}
		},
		{
			"from": [-4, 0, 3],
			"to": [4, 1, 11],
			"faces": {
				"north": {"uv": [5.5, 7.75, 7.5, 8], "texture": "#0"},
				"east": {"uv": [5.5, 7.75, 7.5, 8], "texture": "#0"},
				"south": {"uv": [5.5, 7.75, 7.5, 8], "texture": "#0"},
				"west": {"uv": [5.5, 7.75, 7.5, 8], "texture": "#0"},
				"up": {"uv": [0.75, 4.1875, 0.5625, 4], "texture": "#0"},
				"down": {"uv": [0.75, 4, 0.5625, 4.1875], "texture": "#0"}
			}
		},
		{
			"from": [-3, 1, 4],
			"to": [3, 3, 10],
			"faces": {
				"north": {"uv": [2, 6.5, 3.5, 7.25], "texture": "#0"},
				"east": {"uv": [2, 6.5, 3.5, 7.25], "texture": "#0"},
				"south": {"uv": [2, 6.5, 3.5, 7.25], "texture": "#0"},
				"west": {"uv": [2, 6.5, 3.5, 7.25], "texture": "#0"},
				"up": {"uv": [3.5, 8.75, 2, 7.25], "texture": "#0"}
			}
		},
		{
			"from": [-4, 13, 3],
			"to": [4, 14, 11],
			"faces": {
				"north": {"uv": [3.5, 7.75, 5.5, 8], "texture": "#0"},
				"east": {"uv": [3.5, 7.75, 5.5, 8], "texture": "#0"},
				"south": {"uv": [3.5, 7.75, 5.5, 8], "texture": "#0"},
				"west": {"uv": [3.5, 7.75, 5.5, 8], "texture": "#0"},
				"down": {"uv": [2, 6.5, 0, 8.5], "texture": "#0"}
			}
		},
		{
			"from": [12, 0, 3],
			"to": [20, 1, 11],
			"faces": {
				"north": {"uv": [5.5, 7.75, 7.5, 8], "texture": "#0"},
				"east": {"uv": [5.5, 7.75, 7.5, 8], "texture": "#0"},
				"south": {"uv": [5.5, 7.75, 7.5, 8], "texture": "#0"},
				"west": {"uv": [5.5, 7.75, 7.5, 8], "texture": "#0"},
				"up": {"uv": [0.75, 4.1875, 0.5625, 4], "texture": "#0"},
				"down": {"uv": [0.75, 4, 0.5625, 4.1875], "texture": "#0"}
			}
		},
		{
			"from": [13, 1, 4],
			"to": [19, 3, 10],
			"faces": {
				"north": {"uv": [2, 6.5, 3.5, 7.25], "texture": "#0"},
				"east": {"uv": [2, 6.5, 3.5, 7.25], "texture": "#0"},
				"south": {"uv": [2, 6.5, 3.5, 7.25], "texture": "#0"},
				"west": {"uv": [2, 6.5, 3.5, 7.25], "texture": "#0"},
				"up": {"uv": [3.5, 8.75, 2, 7.25], "texture": "#0"}
			}
		},
		{
			"from": [14, 1, 5],
			"to": [18, 14, 9],
			"faces": {
				"north": {"uv": [0, 5.5, 3.5, 6.5], "rotation": 90, "texture": "#0"},
				"east": {"uv": [0, 5.5, 3.5, 6.5], "rotation": 90, "texture": "#0"},
				"south": {"uv": [0, 5.5, 3.5, 6.5], "rotation": 90, "texture": "#0"},
				"west": {"uv": [0, 5.5, 3.5, 6.5], "rotation": 90, "texture": "#0"}
			}
		},
		{
			"from": [12, 13, 3],
			"to": [20, 14, 11],
			"faces": {
				"north": {"uv": [3.5, 7.75, 5.5, 8], "texture": "#0"},
				"east": {"uv": [3.5, 7.75, 5.5, 8], "texture": "#0"},
				"south": {"uv": [3.5, 7.75, 5.5, 8], "texture": "#0"},
				"west": {"uv": [3.5, 7.75, 5.5, 8], "texture": "#0"},
				"down": {"uv": [2, 6.5, 0, 8.5], "texture": "#0"}
			}
		}
	],
	"gui_light": "front",
	"display": {
		"thirdperson_righthand": {
			"scale": [0.53, 0.53, 0.53]
		},
		"thirdperson_lefthand": {
			"scale": [0.53, 0.53, 0.53]
		},
		"firstperson_righthand": {
			"translation": [0, -1.25, 0],
			"scale": [0.53, 0.53, 0.53]
		},
		"firstperson_lefthand": {
			"translation": [0, -1.25, 0],
			"scale": [0.53, 0.53, 0.53]
		},
		"ground": {
			"translation": [0, 4.25, 0]
		},
		"gui": {
			"rotation": [38, 180, 0],
			"translation": [0, -0.75, 0],
			"scale": [0.31, 0.31, 0.31]
		},
		"head": {
			"translation": [0, -31.25, 0],
			"scale": [1.49, 1.49, 1.49]
		},
		"fixed": {
			"rotation": [-90, 0, 0],
			"translation": [0, 0, 5]
		}
	},
	"groups": [
		{
			"name": "group",
			"origin": [0, 0, 0],
			"color": 0,
			"children": [
				0,
				1,
				2,
				3,
				4,
				5,
				6,
				7,
				8,
				9,
				10,
				11,
				12,
				13,
				14,
				15,
				16,
				17,
				18,
				19,
				20,
				21,
				22,
				23,
				24,
				25,
				26,
				27,
				28,
				29,
				30,
				31,
				32,
				33,
				34,
				35,
				36,
				37,
				38,
				39,
				40,
				41,
				42,
				43,
				44,
				45,
				46,
				47,
				48,
				49,
				50,
				51,
				52,
				53,
				54,
				55,
				56,
				57,
				58
			]
		}
	]
}