{
	"credit": "Made with Blockbench",
	"texture_size": [256, 256],
	"textures": {
		"0": "item/blocks/crash",
		"1": "item/blocks/crash_anim",
		"particle": "item/blocks/crash"
	},
	"elements": [
		{
			"from": [0, 14, 3],
			"to": [16, 31, 3],
			"faces": {
				"north": {"uv": [0, 0, 8, 8.5], "texture": "#1"}
			}
		},
		{
			"from": [0, 0, 0],
			"to": [16, 14, 0],
			"faces": {
				"north": {"uv": [0, 8.5, 8, 15.5], "texture": "#1"}
			}
		},
		{
			"from": [0, 0, 0],
			"to": [16, 14, 16],
			"faces": {
				"east": {"uv": [0, 1, 4, 4.5], "texture": "#0"},
				"south": {"uv": [0, 4.5, 4, 8], "texture": "#0"},
				"west": {"uv": [0, 8.25, 4, 11.75], "texture": "#0"},
				"down": {"uv": [8, 4.25, 4, 8.25], "texture": "#0"}
			}
		},
		{
			"from": [0, 9.15076, -10.29289],
			"to": [16, 13.15076, -8.09289],
			"rotation": {"angle": 45, "axis": "x", "origin": [0, -0.84924, 0.70711]},
			"faces": {
				"north": {"uv": [0, 0, 4, 1], "texture": "#0"},
				"east": {"uv": [8, 9, 8.5, 10], "texture": "#0"},
				"west": {"uv": [8.5, 9, 8, 10], "texture": "#0"},
				"up": {"uv": [2, 2.3125, 2.375, 2.6875], "texture": "#0"}
			}
		},
		{
			"from": [12, 10.15076, -10.49289],
			"to": [14, 12.15076, -10.29289],
			"rotation": {"angle": 45, "axis": "x", "origin": [0, -0.84924, 0.70711]},
			"faces": {
				"north": {"uv": [8, 8.5, 8.5, 9], "texture": "#0"},
				"east": {"uv": [8, 8.5, 8.0625, 9], "texture": "#0"},
				"west": {"uv": [8, 8.5, 8.0625, 9], "texture": "#0"},
				"up": {"uv": [8.0625, 9, 8, 8.5], "rotation": 90, "texture": "#0"},
				"down": {"uv": [8, 9, 8.0625, 8.5], "rotation": 90, "texture": "#0"}
			}
		},
		{
			"from": [9.5, 11.25076, -10.49289],
			"to": [11.5, 12.15076, -10.29289],
			"rotation": {"angle": 45, "axis": "x", "origin": [0, -0.84924, 0.70711]},
			"faces": {
				"north": {"uv": [8, 8.5, 8.5, 8.75], "texture": "#0"},
				"east": {"uv": [8, 8.5, 8.0625, 8.75], "texture": "#0"},
				"west": {"uv": [8, 8.5, 8.0625, 8.75], "texture": "#0"},
				"up": {"uv": [8.0625, 9, 8, 8.5], "rotation": 90, "texture": "#0"},
				"down": {"uv": [8, 9, 8.0625, 8.5], "rotation": 90, "texture": "#0"}
			}
		},
		{
			"from": [9.6, 11.35076, -10.69289],
			"to": [11.4, 12.05076, -10.49289],
			"rotation": {"angle": 45, "axis": "x", "origin": [0, -0.84924, 0.70711]},
			"faces": {
				"north": {"uv": [9.25, 8.6875, 9.6875, 8.875], "texture": "#0"},
				"east": {"uv": [9.25, 8.6875, 9.3125, 8.875], "texture": "#0"},
				"west": {"uv": [9.625, 8.6875, 9.6875, 8.875], "texture": "#0"},
				"up": {"uv": [9.6875, 8.75, 9.25, 8.6875], "texture": "#0"},
				"down": {"uv": [9.6875, 8.8125, 9.25, 8.875], "texture": "#0"}
			}
		},
		{
			"from": [9.5, 10.15076, -10.49289],
			"to": [11.5, 11.05076, -10.29289],
			"rotation": {"angle": 45, "axis": "x", "origin": [0, -0.84924, 0.70711]},
			"faces": {
				"north": {"uv": [8, 8.5, 8.5, 8.75], "texture": "#0"},
				"east": {"uv": [8, 8.5, 8.0625, 8.75], "texture": "#0"},
				"west": {"uv": [8, 8.5, 8.0625, 8.75], "texture": "#0"},
				"up": {"uv": [8.0625, 9, 8, 8.5], "rotation": 90, "texture": "#0"},
				"down": {"uv": [8, 9, 8.0625, 8.5], "rotation": 90, "texture": "#0"}
			}
		},
		{
			"from": [9.6, 10.25076, -10.69289],
			"to": [11.4, 10.95076, -10.49289],
			"rotation": {"angle": 45, "axis": "x", "origin": [0, -0.84924, 0.70711]},
			"faces": {
				"north": {"uv": [9.25, 8.5, 9.6875, 8.6875], "texture": "#0"},
				"east": {"uv": [9.25, 8.5, 9.3125, 8.6875], "texture": "#0"},
				"west": {"uv": [9.625, 8.5, 9.6875, 8.6875], "texture": "#0"},
				"up": {"uv": [9.6875, 8.5625, 9.25, 8.5], "texture": "#0"},
				"down": {"uv": [9.6875, 8.625, 9.25, 8.6875], "texture": "#0"}
			}
		},
		{
			"from": [12.2, 10.35076, -10.99289],
			"to": [13.8, 11.95076, -10.49289],
			"rotation": {"angle": 45, "axis": "x", "origin": [0, -0.84924, 0.70711]},
			"faces": {
				"north": {"uv": [8.5, 8.5, 8.875, 8.875], "texture": "#0"},
				"east": {"uv": [8.5, 8.5, 8.5625, 8.875], "texture": "#0"},
				"west": {"uv": [8.5, 8.5, 8.5625, 8.875], "texture": "#0"},
				"up": {"uv": [8.5625, 8.875, 8.5, 8.5], "rotation": 90, "texture": "#0"},
				"down": {"uv": [8.5, 8.875, 8.5625, 8.5], "rotation": 90, "texture": "#0"}
			}
		},
		{
			"from": [7, 10.15076, -10.49289],
			"to": [9, 12.15076, -10.29289],
			"rotation": {"angle": 45, "axis": "x", "origin": [0, -0.84924, 0.70711]},
			"faces": {
				"north": {"uv": [8, 8.5, 8.5, 9], "texture": "#0"},
				"east": {"uv": [8, 8.5, 8.0625, 9], "texture": "#0"},
				"west": {"uv": [8, 8.5, 8.0625, 9], "texture": "#0"},
				"up": {"uv": [8.5, 8.5625, 8, 8.5], "texture": "#0"},
				"down": {"uv": [8.5, 8.5, 8, 8.5625], "texture": "#0"}
			}
		},
		{
			"from": [7.2, 10.35076, -10.99289],
			"to": [8.8, 11.95076, -10.49289],
			"rotation": {"angle": 45, "axis": "x", "origin": [0, -0.84924, 0.70711]},
			"faces": {
				"north": {"uv": [8.875, 8.5, 9.25, 8.875], "texture": "#0"},
				"east": {"uv": [8.875, 8.5, 8.9375, 8.875], "texture": "#0"},
				"west": {"uv": [8.875, 8.5, 8.9375, 8.875], "texture": "#0"},
				"up": {"uv": [9.25, 8.5625, 8.875, 8.5], "texture": "#0"},
				"down": {"uv": [9.25, 8.5, 8.875, 8.5625], "texture": "#0"}
			}
		},
		{
			"from": [0, 14, 3],
			"to": [16, 31, 16],
			"faces": {
				"east": {"uv": [8, 0, 11.25, 4.25], "texture": "#0"},
				"south": {"uv": [4, 0, 8, 4.25], "texture": "#0"},
				"west": {"uv": [8, 4.25, 11.25, 8.5], "texture": "#0"}
			}
		},
		{
			"from": [0, 31, 2],
			"to": [16, 32, 16],
			"faces": {
				"north": {"uv": [11.5, 4.25, 11.25, 8.25], "rotation": 90, "texture": "#0"},
				"east": {"uv": [11.5, 7.8125, 11.25, 4.3125], "rotation": 90, "texture": "#0"},
				"south": {"uv": [11.5, 4.25, 11.25, 8.25], "rotation": 90, "texture": "#0"},
				"west": {"uv": [11.5, 4.4375, 11.25, 7.9375], "rotation": 90, "texture": "#0"},
				"up": {"uv": [8, 11.75, 4, 8.25], "texture": "#0"},
				"down": {"uv": [8, 4.3125, 4, 7.8125], "texture": "#0"}
			}
		},
		{
			"from": [0, 16.5, 2.5],
			"to": [1, 31, 3],
			"faces": {
				"north": {"uv": [11.5, 0, 11.25, 4.25], "texture": "#0"},
				"east": {"uv": [11.375, 0, 11.5, 4.25], "texture": "#0"},
				"west": {"uv": [11.25, 0, 11.375, 4.25], "texture": "#0"}
			}
		},
		{
			"from": [2, 14.3, 0.5],
			"to": [5, 16.6, 3],
			"faces": {
				"north": {"uv": [8.5, 9.5, 9.25, 10.0625], "texture": "#0"},
				"east": {"uv": [9.25, 8.875, 9.875, 9.4375], "texture": "#0"},
				"west": {"uv": [9.25, 8.875, 9.875, 9.4375], "texture": "#0"},
				"up": {"uv": [9.25, 9.5, 8.5, 8.875], "texture": "#0"}
			}
		},
		{
			"from": [15, 16.5, 2.5],
			"to": [16, 31, 3],
			"faces": {
				"north": {"uv": [11.25, 0, 11.5, 4.25], "texture": "#0"},
				"east": {"uv": [11.375, 0, 11.25, 4.25], "texture": "#0"},
				"west": {"uv": [11.5, 0, 11.375, 4.25], "texture": "#0"}
			}
		},
		{
			"from": [1, 30, 2.5],
			"to": [15, 31, 3],
			"faces": {
				"north": {"uv": [11.25, 0.4375, 11.5, 3.9375], "rotation": 90, "texture": "#0"},
				"down": {"uv": [11.375, 3.9375, 11.5, 0.4375], "rotation": 90, "texture": "#0"}
			}
		}
	],
	"gui_light": "front",
	"display": {
		"thirdperson_righthand": {
			"rotation": [69, 0, 0],
			"scale": [0.5, 0.5, 0.5]
		},
		"thirdperson_lefthand": {
			"rotation": [69, 0, 0],
			"scale": [0.5, 0.5, 0.5]
		},
		"firstperson_righthand": {
			"rotation": [0, 180, 0],
			"scale": [0.5, 0.5, 0.5]
		},
		"firstperson_lefthand": {
			"rotation": [0, -180, 0],
			"scale": [0.5, 0.5, 0.5]
		},
		"ground": {
			"translation": [0, 4.75, 0]
		},
		"gui": {
			"rotation": [0, 180, 0],
			"translation": [0, -4, 0],
			"scale": [0.5, 0.5, 0.5]
		},
		"head": {
			"translation": [0, -31.25, 0],
			"scale": [1.5, 1.5, 1.5]
		}
	},
	"groups": [
		0,
		1,
		{
			"name": "group",
			"origin": [0, 0, 0],
			"color": 0,
			"children": [2, 3, 4, 5, 6, 7, 8, 9, 10, 11, 12, 13, 14, 15, 16, 17]
		}
	]
}