{
	"credit": "Made with Blockbench",
	"texture_size": [256, 256],
	"textures": {
		"0": "item/blocks/deadmanschest",
		"1": "item/blocks/deadmanschest_anim",
		"particle": "item/blocks/deadmanschest"
	},
	"elements": [
		{
			"from": [3, 19, 3],
			"to": [13, 27, 13],
			"faces": {
				"north": {"uv": [0, 0, 10, 8.0625], "texture": "#1"},
				"east": {"uv": [0, 0, 10, 8.0625], "texture": "#1"},
				"south": {"uv": [0, 0, 10, 8.0625], "texture": "#1"},
				"west": {"uv": [0, 0, 10, 8.0625], "texture": "#1"}
			}
		},
		{
			"from": [1, 0, 1],
			"to": [15, 2, 15],
			"faces": {
				"north": {"uv": [0, 3.5, 3.5, 4], "texture": "#0"},
				"east": {"uv": [0, 3.5, 3.5, 4], "texture": "#0"},
				"south": {"uv": [0, 3.5, 3.5, 4], "texture": "#0"},
				"west": {"uv": [0, 3.5, 3.5, 4], "texture": "#0"},
				"up": {"uv": [3.5, 3.625, 0, 3.5], "texture": "#0"},
				"down": {"uv": [3.5, 3.875, 0, 4], "texture": "#0"}
			}
		},
		{
			"from": [1, 9, 1],
			"to": [15, 11, 15],
			"faces": {
				"north": {"uv": [0, 4.5, 3.5, 5], "texture": "#0"},
				"east": {"uv": [3.5, 4.5, 0, 5], "texture": "#0"},
				"south": {"uv": [0, 4.5, 3.5, 5], "texture": "#0"},
				"west": {"uv": [3.5, 4.5, 0, 5], "texture": "#0"},
				"up": {"uv": [3.5, 3.5, 0, 0], "texture": "#0"},
				"down": {"uv": [3.5, 0, 0, 3.5], "texture": "#0"}
			}
		},
		{
			"from": [1, 17, 1],
			"to": [15, 19, 15],
			"faces": {
				"north": {"uv": [3.5, 4, 0, 4.5], "texture": "#0"},
				"east": {"uv": [0, 4, 3.5, 4.5], "texture": "#0"},
				"south": {"uv": [3.5, 4, 0, 4.5], "texture": "#0"},
				"west": {"uv": [0, 4, 3.5, 4.5], "texture": "#0"},
				"up": {"uv": [3.5, 3.5, 0, 0], "texture": "#0"},
				"down": {"uv": [3.5, 0, 0, 3.5], "texture": "#0"}
			}
		},
		{
			"from": [3, 19, 3],
			"to": [13, 27, 13],
			"faces": {
				"up": {"uv": [1.625, 5.625, 1.5, 5.375], "texture": "#0"}
			}
		},
		{
			"from": [4, 27, 4],
			"to": [12, 28, 12],
			"faces": {
				"north": {"uv": [1.5, 5.375, 1.625, 5.625], "texture": "#0"},
				"east": {"uv": [1.5, 5.375, 1.625, 5.625], "texture": "#0"},
				"south": {"uv": [1.5, 5.375, 1.625, 5.625], "texture": "#0"},
				"west": {"uv": [1.5, 5.375, 1.625, 5.625], "texture": "#0"},
				"up": {"uv": [1.625, 5.625, 1.5, 5.375], "texture": "#0"}
			}
		},
		{
			"from": [5, 28, 5],
			"to": [11, 29, 11],
			"faces": {
				"north": {"uv": [1.5, 5.375, 1.625, 5.625], "texture": "#0"},
				"east": {"uv": [1.5, 5.375, 1.625, 5.625], "texture": "#0"},
				"south": {"uv": [1.5, 5.375, 1.625, 5.625], "texture": "#0"},
				"west": {"uv": [1.5, 5.375, 1.625, 5.625], "texture": "#0"},
				"up": {"uv": [1.625, 5.625, 1.5, 5.375], "texture": "#0"}
			}
		},
		{
			"from": [13, 19, 13],
			"to": [15, 23.4, 15],
			"faces": {
				"north": {"uv": [0, 5, 0.5, 6.125], "texture": "#0"},
				"east": {"uv": [0.5, 5, 0, 6.125], "texture": "#0"},
				"south": {"uv": [0, 5, 0.5, 6.125], "texture": "#0"},
				"west": {"uv": [0.5, 5, 0, 6.125], "texture": "#0"}
			}
		},
		{
			"from": [13, 5.23705, 27.15076],
			"to": [15, 9.63705, 29.15076],
			"rotation": {"angle": -45, "axis": "x", "origin": [0, -2.76295, 0.15076]},
			"faces": {
				"north": {"uv": [0, 5, 0.5, 6.0625], "texture": "#0"},
				"east": {"uv": [0.5, 5, 0, 6.0625], "texture": "#0"},
				"south": {"uv": [1.5, 5, 2, 5.125], "texture": "#0"},
				"west": {"uv": [0.5, 5, 0, 6], "texture": "#0"}
			}
		},
		{
			"from": [13, 26.4122, -2.06789],
			"to": [15, 28.4122, 0.33211],
			"rotation": {"angle": 22.5, "axis": "x", "origin": [0, -1.5878, 1.33211]},
			"faces": {
				"east": {"uv": [0.5, 5, 0, 5.625], "rotation": 90, "texture": "#0"},
				"west": {"uv": [0.5, 5.0625, 0, 5.6875], "rotation": 90, "texture": "#0"},
				"up": {"uv": [2, 5.6875, 1.5, 5.0625], "texture": "#0"},
				"down": {"uv": [0.5, 5, 0, 5.625], "texture": "#0"}
			}
		},
		{
			"from": [13, 25.42971, 6.27142],
			"to": [15, 27.42971, 9.67142],
			"rotation": {"angle": 0, "axis": "y", "origin": [0, -2.57029, 12.67142]},
			"faces": {
				"east": {"uv": [0.5, 5, 0, 5.875], "rotation": 90, "texture": "#0"},
				"west": {"uv": [0.5, 5.125, 0, 6], "rotation": 90, "texture": "#0"},
				"up": {"uv": [2, 5.9375, 1.5, 5.0625], "texture": "#0"},
				"down": {"uv": [0.5, 5.0625, 0, 5.9375], "texture": "#0"}
			}
		},
		{
			"from": [13, 19, 1],
			"to": [15, 23.4, 3],
			"faces": {
				"north": {"uv": [0.5, 5, 0, 6.125], "texture": "#0"},
				"east": {"uv": [0, 5, 0.5, 6.125], "texture": "#0"},
				"south": {"uv": [0.5, 5, 0, 6.125], "texture": "#0"},
				"west": {"uv": [0, 5, 0.5, 6.125], "texture": "#0"}
			}
		},
		{
			"from": [27.56497, 6.23705, 1],
			"to": [29.56497, 10.63705, 3],
			"rotation": {"angle": 45, "axis": "z", "origin": [1.56497, -2.76295, 0]},
			"faces": {
				"north": {"uv": [0.5, 5, 0, 6], "texture": "#0"},
				"east": {"uv": [1.5, 5, 2, 6.125], "texture": "#0"},
				"south": {"uv": [0.5, 5.0625, 0, 6.0625], "texture": "#0"},
				"west": {"uv": [0, 5, 0.5, 6.0625], "texture": "#0"}
			}
		},
		{
			"from": [-2.9855, 25.79907, 1],
			"to": [-0.5855, 27.79907, 3],
			"rotation": {"angle": -22.5, "axis": "z", "origin": [2.4145, -4.20093, 0]},
			"faces": {
				"north": {"uv": [0.5, 5.6875, 0, 5.0625], "rotation": 90, "texture": "#0"},
				"south": {"uv": [0.5, 5.125, 0, 5.75], "rotation": 90, "texture": "#0"},
				"up": {"uv": [2, 5.8125, 1.5, 5.1875], "rotation": 90, "texture": "#0"},
				"down": {"uv": [0.5, 5.6875, 0, 5.0625], "rotation": 90, "texture": "#0"}
			}
		},
		{
			"from": [20.88284, 13.39857, 1],
			"to": [25.28284, 15.39857, 3],
			"rotation": {"angle": 45, "axis": "z", "origin": [1.28284, -4.60143, 0]},
			"faces": {
				"north": {"uv": [0.5, 5, 0, 6.0625], "rotation": 90, "texture": "#0"},
				"south": {"uv": [0, 5, 0.5, 6.0625], "rotation": 90, "texture": "#0"},
				"up": {"uv": [2, 6.125, 1.5, 5], "rotation": 90, "texture": "#0"},
				"down": {"uv": [0.5, 6.125, 0, 5.0625], "rotation": 90, "texture": "#0"}
			}
		},
		{
			"from": [27.56497, 6.23705, 13],
			"to": [29.56497, 10.63705, 15],
			"rotation": {"angle": 45, "axis": "z", "origin": [1.56497, -2.76295, 12]},
			"faces": {
				"north": {"uv": [0, 5, 0.5, 6.0625], "texture": "#0"},
				"east": {"uv": [1.5, 5, 2, 6.125], "texture": "#0"},
				"south": {"uv": [0, 5, 0.5, 6.0625], "texture": "#0"},
				"west": {"uv": [0.5, 5.0625, 0, 6.125], "texture": "#0"}
			}
		},
		{
			"from": [-2.9855, 25.79907, 13],
			"to": [-0.5855, 27.79907, 15],
			"rotation": {"angle": -22.5, "axis": "z", "origin": [2.4145, -4.20093, 12]},
			"faces": {
				"north": {"uv": [0.5, 5.3125, 0, 5.9375], "rotation": 90, "texture": "#0"},
				"south": {"uv": [0.5, 5.3125, 0, 5.9375], "rotation": 90, "texture": "#0"},
				"up": {"uv": [2, 6, 1.5, 5.375], "rotation": 90, "texture": "#0"},
				"down": {"uv": [0, 5.875, 0.5, 5.25], "rotation": 90, "texture": "#0"}
			}
		},
		{
			"from": [6.27142, 25.42971, 13],
			"to": [9.67142, 27.42971, 15],
			"rotation": {"angle": 0, "axis": "y", "origin": [1.67142, -5.57029, 12]},
			"faces": {
				"north": {"uv": [0.5, 5.125, 0, 6], "rotation": 90, "texture": "#0"},
				"south": {"uv": [0.5, 6.0625, 0, 5.1875], "rotation": 90, "texture": "#0"},
				"up": {"uv": [2, 5.9375, 1.5, 5.0625], "rotation": 90, "texture": "#0"},
				"down": {"uv": [0, 6.0625, 0.5, 5.1875], "rotation": 90, "texture": "#0"}
			}
		},
		{
			"from": [16.01388, 20.67278, 13],
			"to": [18.41388, 22.67278, 15],
			"rotation": {"angle": 22.5, "axis": "z", "origin": [0.41388, -5.32722, 12]},
			"faces": {
				"north": {"uv": [0.5, 5.25, 0, 5.875], "rotation": 90, "texture": "#0"},
				"south": {"uv": [0.5, 5.0625, 0, 5.6875], "rotation": 90, "texture": "#0"},
				"up": {"uv": [2, 5.875, 1.5, 5.25], "rotation": 90, "texture": "#0"},
				"down": {"uv": [0, 5.8125, 0.5, 5.1875], "rotation": 90, "texture": "#0"}
			}
		},
		{
			"from": [20.88284, 13.39857, 13],
			"to": [25.28284, 15.39857, 15],
			"rotation": {"angle": 45, "axis": "z", "origin": [1.28284, -4.60143, 12]},
			"faces": {
				"north": {"uv": [0, 5, 0.5, 6.0625], "rotation": 90, "texture": "#0"},
				"south": {"uv": [0.5, 5, 0, 6.0625], "rotation": 90, "texture": "#0"},
				"up": {"uv": [2, 6.125, 1.5, 5], "rotation": 90, "texture": "#0"},
				"down": {"uv": [0, 6.125, 0.5, 5.0625], "rotation": 90, "texture": "#0"}
			}
		},
		{
			"from": [16.01388, 20.67278, 1],
			"to": [18.41388, 22.67278, 3],
			"rotation": {"angle": 22.5, "axis": "z", "origin": [0.41388, -5.32722, 0]},
			"faces": {
				"north": {"uv": [0.5, 5.25, 0, 5.875], "rotation": 90, "texture": "#0"},
				"south": {"uv": [0.5, 5.1875, 0, 5.8125], "rotation": 90, "texture": "#0"},
				"up": {"uv": [2, 5.9375, 1.5, 5.3125], "rotation": 90, "texture": "#0"},
				"down": {"uv": [0.5, 5.625, 0, 5], "rotation": 90, "texture": "#0"}
			}
		},
		{
			"from": [6.27142, 25.42971, 1],
			"to": [9.67142, 27.42971, 3],
			"rotation": {"angle": 0, "axis": "y", "origin": [1.67142, -5.57029, 0]},
			"faces": {
				"north": {"uv": [0.5, 5.0625, 0, 5.9375], "rotation": 90, "texture": "#0"},
				"south": {"uv": [0.5, 5.1875, 0, 6.0625], "rotation": 90, "texture": "#0"},
				"up": {"uv": [2, 6, 1.5, 5.125], "rotation": 90, "texture": "#0"},
				"down": {"uv": [0.5, 5.9375, 0, 5.0625], "rotation": 90, "texture": "#0"}
			}
		},
		{
			"from": [1, 19, 13],
			"to": [3, 23.4, 15],
			"rotation": {"angle": 0, "axis": "y", "origin": [-12, 0, 0]},
			"faces": {
				"north": {"uv": [0.5, 5, 0, 6.125], "texture": "#0"},
				"east": {"uv": [0, 5, 0.5, 6.125], "texture": "#0"},
				"south": {"uv": [0.5, 5, 0, 6.125], "texture": "#0"},
				"west": {"uv": [0, 5, 0.5, 6.125], "texture": "#0"}
			}
		},
		{
			"from": [1, 5.23705, 27.15076],
			"to": [3, 9.63705, 29.15076],
			"rotation": {"angle": -45, "axis": "x", "origin": [-12, -2.76295, 0.15076]},
			"faces": {
				"north": {"uv": [0.5, 5, 0, 6.0625], "texture": "#0"},
				"east": {"uv": [0, 5, 0.5, 6.0625], "texture": "#0"},
				"south": {"uv": [1.5, 5.0625, 2, 5.375], "texture": "#0"},
				"west": {"uv": [0, 5, 0.5, 6.0625], "texture": "#0"}
			}
		},
		{
			"from": [1, 26.4122, -2.06789],
			"to": [3, 28.4122, 0.33211],
			"rotation": {"angle": 22.5, "axis": "x", "origin": [-12, -1.5878, 1.33211]},
			"faces": {
				"east": {"uv": [0.5, 5.3125, 0, 5.9375], "rotation": 90, "texture": "#0"},
				"west": {"uv": [0.5, 5.75, 0, 5.125], "rotation": 90, "texture": "#0"},
				"up": {"uv": [2, 5.6875, 1.5, 5.0625], "texture": "#0"},
				"down": {"uv": [0, 5.125, 0.5, 5.75], "texture": "#0"}
			}
		},
		{
			"from": [1, 25.42971, 6.27142],
			"to": [3, 27.42971, 9.67142],
			"rotation": {"angle": 0, "axis": "y", "origin": [-12, -2.57029, 12.67142]},
			"faces": {
				"east": {"uv": [0.5, 5.125, 0, 6], "rotation": 90, "texture": "#0"},
				"west": {"uv": [0.5, 5.125, 0, 6], "rotation": 90, "texture": "#0"},
				"up": {"uv": [2, 5.9375, 1.5, 5.0625], "texture": "#0"},
				"down": {"uv": [0, 5.0625, 0.5, 5.9375], "texture": "#0"}
			}
		},
		{
			"from": [1, 20.98059, 14.36136],
			"to": [3, 22.98059, 16.76136],
			"rotation": {"angle": -22.5, "axis": "x", "origin": [-12, -1.01941, 0.36136]},
			"faces": {
				"east": {"uv": [0.5, 5.1875, 0, 5.8125], "rotation": 90, "texture": "#0"},
				"west": {"uv": [0.5, 5.3125, 0, 5.9375], "rotation": 90, "texture": "#0"},
				"up": {"uv": [2, 5.75, 1.5, 5.125], "texture": "#0"},
				"down": {"uv": [0, 5.875, 0.5, 5.25], "texture": "#0"}
			}
		},
		{
			"from": [1, 17.06548, -15.70711],
			"to": [3, 21.46548, -13.70711],
			"rotation": {"angle": 45, "axis": "x", "origin": [-12, 0.06548, 0.29289]},
			"faces": {
				"north": {"uv": [1.5, 5, 2, 6.125], "texture": "#0"},
				"east": {"uv": [0.5, 6.0625, 0, 5], "texture": "#0"},
				"south": {"uv": [0, 5.0625, 0.5, 6.125], "texture": "#0"},
				"west": {"uv": [0.5, 5, 0, 6.0625], "texture": "#0"}
			}
		},
		{
			"from": [1, 19, 1],
			"to": [3, 23.4, 3],
			"rotation": {"angle": 0, "axis": "y", "origin": [-12, 0, 0]},
			"faces": {
				"north": {"uv": [0, 5, 0.5, 6.125], "texture": "#0"},
				"east": {"uv": [0.5, 5, 0, 6.125], "texture": "#0"},
				"south": {"uv": [0, 5, 0.5, 6.125], "texture": "#0"},
				"west": {"uv": [0.5, 5, 0, 6.125], "texture": "#0"}
			}
		},
		{
			"from": [13, 17.06548, -15.70711],
			"to": [15, 21.46548, -13.70711],
			"rotation": {"angle": 45, "axis": "x", "origin": [0, 0.06548, 0.29289]},
			"faces": {
				"north": {"uv": [1.5, 5, 2, 6.125], "texture": "#0"},
				"east": {"uv": [0, 5, 0.5, 6.0625], "texture": "#0"},
				"south": {"uv": [0.5, 5.0625, 0, 6.0625], "texture": "#0"},
				"west": {"uv": [0, 5, 0.5, 6.0625], "texture": "#0"}
			}
		},
		{
			"from": [13, 20.98059, 14.36136],
			"to": [15, 22.98059, 16.76136],
			"rotation": {"angle": -22.5, "axis": "x", "origin": [0, -1.01941, 0.36136]},
			"faces": {
				"east": {"uv": [0.5, 5.1875, 0, 5.8125], "rotation": 90, "texture": "#0"},
				"west": {"uv": [0.5, 5.4375, 0, 6.0625], "rotation": 90, "texture": "#0"},
				"up": {"uv": [2, 5.75, 1.5, 5.125], "texture": "#0"},
				"down": {"uv": [0.5, 5.125, 0, 5.75], "texture": "#0"}
			}
		},
		{
			"from": [11.5, 11, 11.5],
			"to": [14.5, 18, 14.5],
			"faces": {
				"north": {"uv": [6.5, 0, 7.25, 1.75], "texture": "#0"},
				"east": {"uv": [6.5, 0, 7.25, 1.75], "texture": "#0"},
				"south": {"uv": [7.25, 0, 6.5, 1.75], "texture": "#0"},
				"west": {"uv": [6.5, 0, 7.25, 1.75], "texture": "#0"}
			}
		},
		{
			"from": [1.5, 11, 11.5],
			"to": [4.5, 18, 14.5],
			"faces": {
				"north": {"uv": [6.5, 0, 7.25, 1.75], "texture": "#0"},
				"east": {"uv": [7.25, 0, 6.5, 1.75], "texture": "#0"},
				"south": {"uv": [6.5, 0, 7.25, 1.75], "texture": "#0"},
				"west": {"uv": [7.25, 0, 6.5, 1.75], "texture": "#0"}
			}
		},
		{
			"from": [1.5, 11, 1.5],
			"to": [4.5, 18, 4.5],
			"faces": {
				"north": {"uv": [7.25, 0, 6.5, 1.75], "texture": "#0"},
				"east": {"uv": [6.5, 0, 7.25, 1.75], "texture": "#0"},
				"south": {"uv": [7.25, 0, 6.5, 1.75], "texture": "#0"},
				"west": {"uv": [6.5, 0, 7.25, 1.75], "texture": "#0"}
			}
		},
		{
			"from": [11.5, 11, 1.5],
			"to": [14.5, 18, 4.5],
			"faces": {
				"north": {"uv": [6.5, 0, 7.25, 1.75], "texture": "#0"},
				"east": {"uv": [7.25, 0, 6.5, 1.75], "texture": "#0"},
				"south": {"uv": [6.5, 0, 7.25, 1.75], "texture": "#0"},
				"west": {"uv": [7.25, 0, 6.5, 1.75], "texture": "#0"}
			}
		},
		{
			"from": [2, 8, 2],
			"to": [14, 9, 14],
			"faces": {
				"north": {"uv": [3.5, 4.5, 6.5, 4.75], "texture": "#0"},
				"east": {"uv": [3.5, 4.5, 6.5, 4.75], "texture": "#0"},
				"south": {"uv": [3.5, 4.5, 6.5, 4.75], "texture": "#0"},
				"west": {"uv": [3.5, 4.5, 6.5, 4.75], "texture": "#0"},
				"down": {"uv": [6.5, 0, 3.5, 3], "texture": "#0"}
			}
		},
		{
			"from": [2, 4, 6],
			"to": [14, 8, 10],
			"faces": {
				"north": {"uv": [3.5, 0.375, 6.5, 1.375], "texture": "#0"},
				"east": {"uv": [6.5, 1.75, 7.5, 2.75], "texture": "#0"},
				"south": {"uv": [3.5, 0.875, 6.5, 1.875], "texture": "#0"},
				"west": {"uv": [6.5, 1.75, 7.5, 2.75], "texture": "#0"}
			}
		},
		{
			"from": [6, 4, 2],
			"to": [10, 8, 14],
			"faces": {
				"north": {"uv": [6.5, 1.75, 7.5, 2.75], "texture": "#0"},
				"east": {"uv": [3.5, 0.4375, 6.5, 1.4375], "texture": "#0"},
				"south": {"uv": [6.5, 1.75, 7.5, 2.75], "texture": "#0"},
				"west": {"uv": [3.5, 0.375, 6.5, 1.375], "texture": "#0"}
			}
		},
		{
			"from": [5, 11, 10],
			"to": [11, 17, 16],
			"faces": {
				"north": {"uv": [6, 3, 7.5, 4.5], "texture": "#0"},
				"east": {"uv": [6, 3, 7.5, 4.5], "texture": "#0"},
				"south": {"uv": [6, 3, 7.5, 4.5], "texture": "#0"},
				"west": {"uv": [6, 3, 7.5, 4.5], "texture": "#0"},
				"up": {"uv": [7.5, 4.5, 6, 3], "texture": "#0"},
				"down": {"uv": [7.5, 3, 6, 4.5], "texture": "#0"}
			}
		},
		{
			"from": [7.5, 13.5, 16],
			"to": [8.5, 15, 16.5],
			"faces": {
				"east": {"uv": [7.375, 1.125, 7.5, 1.625], "texture": "#0"},
				"south": {"uv": [7.25, 1.125, 7.5, 1.625], "texture": "#0"},
				"west": {"uv": [7.25, 1.125, 7.375, 1.625], "texture": "#0"},
				"up": {"uv": [7.5, 1.75, 7.25, 1.625], "texture": "#0"},
				"down": {"uv": [7.5, 1.625, 7.25, 1.75], "texture": "#0"}
			}
		},
		{
			"from": [16, 13.5, 7.5],
			"to": [16.5, 15, 8.5],
			"faces": {
				"north": {"uv": [7.375, 1.125, 7.5, 1.625], "texture": "#0"},
				"east": {"uv": [7.25, 1.125, 7.5, 1.625], "texture": "#0"},
				"south": {"uv": [7.25, 1.125, 7.375, 1.625], "texture": "#0"},
				"up": {"uv": [7.5, 1.25, 7.25, 1.125], "rotation": 90, "texture": "#0"},
				"down": {"uv": [7.25, 1.25, 7.5, 1.125], "rotation": 90, "texture": "#0"}
			}
		},
		{
			"from": [-0.5, 13.5, 7.5],
			"to": [0, 15, 8.5],
			"faces": {
				"north": {"uv": [7.25, 1.125, 7.375, 1.625], "texture": "#0"},
				"south": {"uv": [7.375, 1.125, 7.5, 1.625], "texture": "#0"},
				"west": {"uv": [7.25, 1.125, 7.5, 1.625], "texture": "#0"},
				"up": {"uv": [7.25, 1.25, 7.5, 1.125], "rotation": 90, "texture": "#0"},
				"down": {"uv": [7.25, 1.75, 7.5, 1.625], "rotation": 90, "texture": "#0"}
			}
		},
		{
			"from": [5, 11, 0],
			"to": [11, 17, 6],
			"faces": {
				"north": {"uv": [6, 3, 7.5, 4.5], "texture": "#0"},
				"east": {"uv": [6, 3, 7.5, 4.5], "texture": "#0"},
				"south": {"uv": [6, 3, 7.5, 4.5], "texture": "#0"},
				"west": {"uv": [6, 3, 7.5, 4.5], "texture": "#0"},
				"up": {"uv": [7.5, 4.5, 6, 3], "texture": "#0"},
				"down": {"uv": [7.5, 3, 6, 4.5], "texture": "#0"}
			}
		},
		{
			"from": [0, 11, 5],
			"to": [6, 17, 11],
			"faces": {
				"north": {"uv": [6, 3, 7.5, 4.5], "texture": "#0"},
				"east": {"uv": [6, 3, 7.5, 4.5], "texture": "#0"},
				"south": {"uv": [6, 3, 7.5, 4.5], "texture": "#0"},
				"west": {"uv": [6, 3, 7.5, 4.5], "texture": "#0"},
				"up": {"uv": [7.5, 4.5, 6, 3], "rotation": 90, "texture": "#0"},
				"down": {"uv": [6, 4.5, 7.5, 3], "rotation": 90, "texture": "#0"}
			}
		},
		{
			"from": [10, 11, 5],
			"to": [16, 17, 11],
			"faces": {
				"north": {"uv": [6, 3, 7.5, 4.5], "texture": "#0"},
				"east": {"uv": [6, 3, 7.5, 4.5], "texture": "#0"},
				"south": {"uv": [6, 3, 7.5, 4.5], "texture": "#0"},
				"west": {"uv": [6, 3, 7.5, 4.5], "texture": "#0"},
				"up": {"uv": [7.5, 4.5, 6, 3], "rotation": 90, "texture": "#0"},
				"down": {"uv": [6, 4.5, 7.5, 3], "rotation": 90, "texture": "#0"}
			}
		},
		{
			"from": [7.5, 13.5, -0.5],
			"to": [8.5, 15, 0],
			"faces": {
				"north": {"uv": [7.25, 1.125, 7.5, 1.625], "texture": "#0"},
				"east": {"uv": [7.25, 1.125, 7.375, 1.625], "texture": "#0"},
				"west": {"uv": [7.375, 1.125, 7.5, 1.625], "texture": "#0"},
				"up": {"uv": [7.5, 1.25, 7.25, 1.125], "texture": "#0"},
				"down": {"uv": [7.5, 1.125, 7.25, 1.25], "texture": "#0"}
			}
		},
		{
			"from": [0.15851, 1.76956, 3],
			"to": [2.15851, 7.76956, 13],
			"rotation": {"angle": -22.5, "axis": "z", "origin": [1.15851, -0.23044, -2]},
			"faces": {
				"north": {"uv": [5.375, 3, 5.875, 4.5], "texture": "#0"},
				"south": {"uv": [3.75, 3, 4.25, 4.5], "texture": "#0"},
				"west": {"uv": [3.5, 3, 6, 4.5], "texture": "#0"}
			}
		},
		{
			"from": [3, 2, 3],
			"to": [13, 9, 13],
			"faces": {
				"north": {"uv": [3.5625, 3.125, 3.75, 3.3125], "texture": "#0"},
				"east": {"uv": [3.625, 3.1875, 4, 3.375], "texture": "#0"},
				"south": {"uv": [3.625, 3.1875, 3.9375, 3.375], "texture": "#0"},
				"west": {"uv": [3.625, 3.125, 3.875, 3.3125], "texture": "#0"}
			}
		},
		{
			"from": [13.75912, -3.81637, 3],
			"to": [15.75912, 2.18363, 13],
			"rotation": {"angle": 22.5, "axis": "z", "origin": [0.75912, -2.81637, 2]},
			"faces": {
				"north": {"uv": [3.75, 3, 4.25, 4.5], "texture": "#0"},
				"east": {"uv": [3.5, 3, 6, 4.5], "texture": "#0"},
				"south": {"uv": [5.3125, 3, 5.8125, 4.5], "texture": "#0"}
			}
		},
		{
			"from": [3, -3.81637, 13.75912],
			"to": [13, 2.18363, 15.75912],
			"rotation": {"angle": -22.5, "axis": "x", "origin": [-2, -2.81637, 0.75912]},
			"faces": {
				"east": {"uv": [3.6875, 3, 4.1875, 4.5], "texture": "#0"},
				"south": {"uv": [3.5, 3, 6, 4.5], "texture": "#0"},
				"west": {"uv": [5.3125, 3, 5.8125, 4.5], "texture": "#0"}
			}
		},
		{
			"from": [3, 1.76956, 0.15851],
			"to": [13, 7.76956, 2.15851],
			"rotation": {"angle": 22.5, "axis": "x", "origin": [-2, -0.23044, 1.15851]},
			"faces": {
				"north": {"uv": [3.5, 3, 6, 4.5], "texture": "#0"},
				"east": {"uv": [5.3125, 3, 5.8125, 4.5], "texture": "#0"},
				"west": {"uv": [3.75, 3, 4.25, 4.5], "texture": "#0"}
			}
		}
	],
	"gui_light": "front",
	"display": {
		"thirdperson_righthand": {
			"scale": [0.5, 0.5, 0.5]
		},
		"thirdperson_lefthand": {
			"scale": [0.5, 0.5, 0.5]
		},
		"firstperson_righthand": {
			"scale": [0.5, 0.5, 0.5]
		},
		"firstperson_lefthand": {
			"scale": [0.5, 0.5, 0.5]
		},
		"ground": {
			"translation": [0, 4.5, 0]
		},
		"gui": {
			"translation": [0, -3.75, 0],
			"scale": [0.53, 0.53, 0.53]
		},
		"head": {
			"translation": [0, -31.25, 0],
			"scale": [1.49, 1.49, 1.49]
		},
		"fixed": {
			"translation": [0, -3, 0],
			"scale": [0.7, 0.7, 0.7]
		}
	},
	"groups": [
		0,
		{
			"name": "group",
			"origin": [-2, -0.23044, 1.15851],
			"color": 0,
			"children": [
				1,
				2,
				3,
				4,
				5,
				6,
				7,
				8,
				9,
				10,
				11,
				12,
				13,
				14,
				15,
				16,
				17,
				18,
				19,
				20,
				21,
				22,
				23,
				24,
				25,
				26,
				27,
				28,
				29,
				30,
				31,
				32,
				33,
				34,
				35,
				36,
				37,
				38,
				39,
				40,
				41,
				42,
				43,
				44,
				45,
				46,
				47,
				48,
				49,
				50
			]
		}
	]
}