{
	"credit": "Made with Blockbench",
	"texture_size": [256, 256],
	"textures": {
		"0": "item/blocks/lottery",
		"particle": "item/blocks/lottery"
	},
	"elements": [
		{
			"from": [1, 14, 1],
			"to": [15, 16, 15],
			"faces": {
				"north": {"uv": [0, 10.5, 3.5, 11], "texture": "#0"},
				"east": {"uv": [0, 10.5, 3.5, 11], "texture": "#0"},
				"south": {"uv": [0, 10.5, 3.5, 11], "texture": "#0"},
				"west": {"uv": [0, 10.5, 3.5, 11], "texture": "#0"},
				"up": {"uv": [7.5, 3.5, 4, 0], "texture": "#0"},
				"down": {"uv": [7.5, 3.5, 4, 7], "texture": "#0"}
			}
		},
		{
			"from": [5, 17, 4],
			"to": [11, 18, 12],
			"faces": {
				"north": {"uv": [10.5, 1.5, 12, 1.75], "texture": "#0"},
				"east": {"uv": [0.5, 9.5, 2.5, 9.75], "texture": "#0"},
				"south": {"uv": [10.5, 2.75, 12, 3], "texture": "#0"},
				"west": {"uv": [0.5, 9.5, 2.5, 9.75], "texture": "#0"},
				"down": {"uv": [12, 2.625, 10.5, 4.625], "texture": "#0"}
			}
		},
		{
			"from": [5, 26, 4],
			"to": [11, 27, 12],
			"faces": {
				"north": {"uv": [0, 10, 1.5, 10.25], "texture": "#0"},
				"east": {"uv": [0.5, 7.25, 2.5, 7.5], "texture": "#0"},
				"south": {"uv": [10.5, 2.75, 12, 3], "texture": "#0"},
				"west": {"uv": [0.5, 7.25, 2.5, 7.5], "texture": "#0"},
				"up": {"uv": [12, 4.75, 10.5, 2.75], "texture": "#0"}
			}
		},
		{
			"from": [5, 16, 5],
			"to": [11, 17, 11],
			"faces": {
				"north": {"uv": [1.5, 10.25, 3, 10.5], "texture": "#0"},
				"east": {"uv": [0.75, 9.75, 2.25, 10], "texture": "#0"},
				"south": {"uv": [10.5, 2.6875, 12, 2.9375], "texture": "#0"},
				"west": {"uv": [0.75, 9.75, 2.25, 10], "texture": "#0"}
			}
		},
		{
			"from": [5, 27, 5],
			"to": [11, 28, 11],
			"faces": {
				"north": {"uv": [10.5, 1.5, 12, 1.75], "texture": "#0"},
				"east": {"uv": [0.75, 7, 2.25, 7.25], "texture": "#0"},
				"south": {"uv": [10.5, 3, 12, 3.25], "texture": "#0"},
				"west": {"uv": [0.75, 7, 2.25, 7.25], "texture": "#0"},
				"up": {"uv": [12, 4.25, 10.5, 2.75], "texture": "#0"}
			}
		},
		{
			"from": [4, 17.5, 6.5],
			"to": [5, 18.5, 9.5],
			"faces": {
				"north": {"uv": [8.5, 6.75, 8.75, 7], "texture": "#0"},
				"south": {"uv": [8.75, 6.75, 9, 7], "texture": "#0"},
				"up": {"uv": [4, 6.5, 3.75, 5.75], "texture": "#0"},
				"down": {"uv": [0.25, 9.25, 0, 10], "texture": "#0"}
			}
		},
		{
			"from": [9.06473, 15.46408, 6.5],
			"to": [11.76473, 16.46408, 9.5],
			"rotation": {"angle": 22.5, "axis": "z", "origin": [2.76473, -2.03592, 3]},
			"faces": {
				"north": {"uv": [10.5, 0.25, 11.1875, 0.5], "texture": "#0"},
				"south": {"uv": [14.5, 0, 15.375, 0.3125], "texture": "#0"},
				"up": {"uv": [8.1875, 6.75, 7.5, 6], "texture": "#0"},
				"down": {"uv": [8.9375, 6, 8.25, 6.75], "texture": "#0"}
			}
		},
		{
			"from": [9.14741, 16.5402, 9],
			"to": [12.14741, 17.0402, 9.5],
			"rotation": {"angle": 22.5, "axis": "z", "origin": [3.14741, -1.9598, 3]},
			"faces": {
				"north": {"uv": [9.25, 9.625, 10, 9.75], "texture": "#0"},
				"south": {"uv": [9.25, 9.75, 10, 9.875], "texture": "#0"},
				"up": {"uv": [10, 9.375, 9.25, 9.25], "texture": "#0"}
			}
		},
		{
			"from": [9.24741, 16.5402, 6.5],
			"to": [12.14741, 17.0402, 7],
			"rotation": {"angle": 22.5, "axis": "z", "origin": [3.14741, -1.9598, 3]},
			"faces": {
				"north": {"uv": [9.25, 9.375, 10, 9.5], "texture": "#0"},
				"south": {"uv": [9.25, 9.4375, 10, 9.5625], "texture": "#0"},
				"up": {"uv": [11.25, 5.625, 10.5, 5.5], "texture": "#0"}
			}
		},
		{
			"from": [4, 18.5, 6.5],
			"to": [5, 19.5, 7.5],
			"faces": {
				"north": {"uv": [3.25, 8.625, 3, 8.875], "texture": "#0"},
				"east": {"uv": [3, 10.75, 3.25, 11], "texture": "#0"},
				"south": {"uv": [3.25, 6.25, 3.5, 6.5], "texture": "#0"},
				"west": {"uv": [3, 6.25, 3.25, 6.5], "texture": "#0"},
				"up": {"uv": [3.75, 6.5, 3.5, 6.25], "texture": "#0"}
			}
		},
		{
			"from": [4.7, 21, 7],
			"to": [5, 23, 9],
			"faces": {
				"north": {"uv": [1.25, 8.25, 1.3125, 8.75], "texture": "#0"},
				"south": {"uv": [1.25, 8.25, 1.3125, 8.75], "texture": "#0"},
				"west": {"uv": [1.25, 8.25, 1.75, 8.75], "texture": "#0"},
				"up": {"uv": [1.3125, 8.75, 1.25, 8.25], "texture": "#0"},
				"down": {"uv": [1.3125, 8.25, 1.25, 8.75], "texture": "#0"}
			}
		},
		{
			"from": [-1, 16.5, 0.5],
			"to": [2, 17.5, 9.5],
			"faces": {
				"north": {"uv": [11.25, 0.25, 12, 0.5], "texture": "#0"},
				"east": {"uv": [4, 11, 6.25, 11.25], "texture": "#0"},
				"south": {"uv": [13.4375, 0, 14.375, 0.3125], "texture": "#0"},
				"west": {"uv": [4, 11.25, 6.25, 11.5], "texture": "#0"},
				"up": {"uv": [3.75, 6.25, 3, 4], "texture": "#0"},
				"down": {"uv": [3.1875, 7.25, 3.125, 7.3125], "texture": "#0"}
			}
		},
		{
			"from": [-1, 17.5, 9],
			"to": [2, 18, 9.5],
			"faces": {
				"north": {"uv": [9.25, 9.75, 10, 9.875], "texture": "#0"},
				"south": {"uv": [9.25, 9.375, 10, 9.5], "texture": "#0"},
				"west": {"uv": [0.375, 7, 0.5, 7.125], "texture": "#0"},
				"up": {"uv": [12, 5.625, 11.25, 5.5], "texture": "#0"}
			}
		},
		{
			"from": [-1, 17.5, 0.5],
			"to": [-0.5, 18, 9],
			"faces": {
				"north": {"uv": [0.375, 7, 0.5, 7.125], "texture": "#0"},
				"east": {"uv": [12.25, 0, 12.375, 2.125], "rotation": 90, "texture": "#0"},
				"west": {"uv": [12.375, 2.125, 12.25, 4.25], "rotation": 90, "texture": "#0"},
				"up": {"uv": [9.125, 11.125, 9, 9], "texture": "#0"}
			}
		},
		{
			"from": [1.5, 17.5, 0.5],
			"to": [2, 18, 7],
			"faces": {
				"north": {"uv": [0.375, 7, 0.5, 7.125], "texture": "#0"},
				"east": {"uv": [12.375, 4.25, 12.25, 5.875], "rotation": 90, "texture": "#0"},
				"west": {"uv": [12.25, 0.5, 12.375, 2.125], "rotation": 90, "texture": "#0"},
				"up": {"uv": [9.25, 10.625, 9.125, 9], "texture": "#0"}
			}
		},
		{
			"from": [7.5, 8.9, 12.5],
			"to": [8.5, 9.9, 16.5],
			"rotation": {"angle": -45, "axis": "x", "origin": [0, 0, 0]},
			"faces": {
				"east": {"uv": [11.625, 5.75, 10.625, 6], "texture": "#0"},
				"west": {"uv": [3.375, 10, 2.375, 10.25], "texture": "#0"},
				"up": {"uv": [2.375, 10, 1.375, 10.25], "rotation": 90, "texture": "#0"},
				"down": {"uv": [3.25, 8.625, 3, 9.625], "texture": "#0"}
			}
		},
		{
			"from": [7.5, 20.2, -4.7],
			"to": [8.5, 21.2, -0.7],
			"rotation": {"angle": 45, "axis": "x", "origin": [0, 0, 0]},
			"faces": {
				"east": {"uv": [10.5, 5.75, 11.5, 6], "texture": "#0"},
				"west": {"uv": [2.5, 10, 3.5, 10.25], "texture": "#0"},
				"up": {"uv": [1.5, 10, 2.5, 10.25], "rotation": 90, "texture": "#0"},
				"down": {"uv": [3.25, 8.625, 3, 9.625], "texture": "#0"}
			}
		},
		{
			"from": [-0.5, 17.5, 0.5],
			"to": [1.5, 18, 1],
			"faces": {
				"north": {"uv": [3.125, 6.5, 3, 7], "rotation": 90, "texture": "#0"},
				"south": {"uv": [9.25, 9.875, 9.75, 10], "texture": "#0"},
				"up": {"uv": [9.75, 10.125, 9.25, 10], "texture": "#0"}
			}
		},
		{
			"from": [4, 18.5, 8.5],
			"to": [5, 19.5, 9.5],
			"faces": {
				"north": {"uv": [2.25, 7, 2.5, 7.25], "texture": "#0"},
				"south": {"uv": [3, 8.625, 3.25, 8.875], "texture": "#0"},
				"west": {"uv": [3, 8.875, 3.25, 9.125], "texture": "#0"},
				"up": {"uv": [3.25, 9.375, 3, 9.125], "texture": "#0"},
				"down": {"uv": [3.25, 9.375, 3, 9.625], "texture": "#0"}
			}
		},
		{
			"from": [5, 18, 3],
			"to": [11, 19, 13],
			"faces": {
				"north": {"uv": [10.5, 2.25, 12, 2.5], "texture": "#0"},
				"east": {"uv": [0.25, 9.25, 2.75, 9.5], "texture": "#0"},
				"south": {"uv": [0, 10.25, 1.5, 10.5], "texture": "#0"},
				"west": {"uv": [0.25, 9.25, 2.75, 9.5], "texture": "#0"},
				"down": {"uv": [12, 2.75, 10.5, 5.25], "texture": "#0"}
			}
		},
		{
			"from": [5, 25, 3],
			"to": [11, 26, 13],
			"faces": {
				"north": {"uv": [10.5, 1.75, 12, 2], "texture": "#0"},
				"east": {"uv": [0.25, 7.5, 2.75, 7.75], "texture": "#0"},
				"south": {"uv": [10.5, 3, 12, 3.25], "texture": "#0"},
				"west": {"uv": [0.25, 7.5, 2.75, 7.75], "texture": "#0"},
				"up": {"uv": [12, 5.5, 10.5, 3], "texture": "#0"}
			}
		},
		{
			"from": [5, 19, 2],
			"to": [11, 25, 14],
			"faces": {
				"north": {"uv": [10.5, 2.625, 12, 4.125], "texture": "#0"},
				"east": {"uv": [0, 7.75, 3, 9.25], "texture": "#0"},
				"south": {"uv": [10.5, 2.75, 12, 4.25], "texture": "#0"},
				"west": {"uv": [0, 7.75, 3, 9.25], "texture": "#0"},
				"up": {"uv": [12, 5.5, 10.5, 2.75], "texture": "#0"},
				"down": {"uv": [12, 2.875, 10.5, 5.5], "texture": "#0"}
			}
		},
		{
			"from": [14, 16, 3],
			"to": [15, 32, 13],
			"faces": {
				"north": {"uv": [0, 11, 4, 11.25], "rotation": 90, "texture": "#0"},
				"east": {"uv": [4, 7, 6.5, 11], "texture": "#0"},
				"south": {"uv": [0, 11.25, 4, 11.5], "rotation": 90, "texture": "#0"},
				"west": {"uv": [6.5, 7, 9, 11], "texture": "#0"},
				"up": {"uv": [4, 6.5, 3.75, 4], "texture": "#0"}
			}
		},
		{
			"from": [13, 16, 3],
			"to": [14, 32, 4],
			"faces": {
				"north": {"uv": [12.25, 0, 12, 4], "texture": "#0"},
				"south": {"uv": [12, 4, 12.25, 8], "texture": "#0"},
				"west": {"uv": [12, 0, 12.25, 4], "texture": "#0"},
				"up": {"uv": [0.75, 7.25, 0.5, 7], "texture": "#0"}
			}
		},
		{
			"from": [13, 16, 12],
			"to": [14, 32, 13],
			"faces": {
				"north": {"uv": [12.25, 0, 12, 4], "texture": "#0"},
				"south": {"uv": [12, 4, 12.25, 8], "texture": "#0"},
				"west": {"uv": [12, 0, 12.25, 4], "texture": "#0"},
				"up": {"uv": [0.75, 7.25, 0.5, 7], "texture": "#0"}
			}
		},
		{
			"from": [13, 16, 6],
			"to": [14, 32, 7],
			"faces": {
				"north": {"uv": [12.25, 0, 12, 4], "texture": "#0"},
				"south": {"uv": [12, 4, 12.25, 8], "texture": "#0"},
				"west": {"uv": [12, 0, 12.25, 4], "texture": "#0"},
				"up": {"uv": [0.75, 7.25, 0.5, 7], "texture": "#0"}
			}
		},
		{
			"from": [12.4, 30.2, 4.3],
			"to": [13.8, 31.4, 5.7],
			"faces": {
				"north": {"uv": [3.125, 8.3125, 3.5, 8.625], "texture": "#0"},
				"east": {"uv": [0, 7, 0.375, 7.3125], "texture": "#0"},
				"south": {"uv": [3.125, 7.625, 3.5, 7.9375], "texture": "#0"},
				"west": {"uv": [0, 7, 0.375, 7.3125], "texture": "#0"},
				"up": {"uv": [3.5, 6.875, 3.125, 6.5], "texture": "#0"},
				"down": {"uv": [3.5, 6.875, 3.125, 7.25], "texture": "#0"}
			}
		},
		{
			"from": [12.4, 25.1, 4.3],
			"to": [13.8, 26.3, 5.7],
			"faces": {
				"north": {"uv": [3.125, 8.3125, 3.5, 8.625], "texture": "#0"},
				"east": {"uv": [0, 7, 0.375, 7.3125], "texture": "#0"},
				"south": {"uv": [3.125, 7.625, 3.5, 7.9375], "texture": "#0"},
				"west": {"uv": [0, 7, 0.375, 7.3125], "texture": "#0"},
				"up": {"uv": [3.5, 6.875, 3.125, 6.5], "texture": "#0"},
				"down": {"uv": [3.5, 6.875, 3.125, 7.25], "texture": "#0"}
			}
		},
		{
			"from": [12.5, 24.9, 4.4],
			"to": [13.7, 26.5, 5.6],
			"faces": {
				"north": {"uv": [3.1875, 7.25, 3.5, 7.625], "texture": "#0"},
				"east": {"uv": [12, 9.25, 12.3125, 9.625], "texture": "#0"},
				"south": {"uv": [3.1875, 7.25, 3.5, 7.625], "texture": "#0"},
				"west": {"uv": [3.1875, 7.25, 3.5, 7.625], "texture": "#0"},
				"up": {"uv": [3.125, 7.3125, 2.8125, 7], "texture": "#0"},
				"down": {"uv": [2.8125, 7, 2.5, 7.3125], "texture": "#0"}
			}
		},
		{
			"from": [12.5, 26.6, 4.4],
			"to": [13.7, 28.2, 5.6],
			"faces": {
				"north": {"uv": [3.1875, 7.25, 3.5, 7.625], "texture": "#0"},
				"east": {"uv": [12, 9.25, 12.3125, 9.625], "texture": "#0"},
				"south": {"uv": [3.1875, 7.25, 3.5, 7.625], "texture": "#0"},
				"west": {"uv": [3.1875, 7.25, 3.5, 7.625], "texture": "#0"},
				"up": {"uv": [3.125, 7.3125, 2.8125, 7], "texture": "#0"},
				"down": {"uv": [2.8125, 7, 2.5, 7.3125], "texture": "#0"}
			}
		},
		{
			"from": [12.4, 26.8, 4.3],
			"to": [13.8, 28, 5.7],
			"faces": {
				"north": {"uv": [3.125, 8.3125, 3.5, 8.625], "texture": "#0"},
				"east": {"uv": [0, 7, 0.375, 7.3125], "texture": "#0"},
				"south": {"uv": [3.125, 7.625, 3.5, 7.9375], "texture": "#0"},
				"west": {"uv": [0, 7, 0.375, 7.3125], "texture": "#0"},
				"up": {"uv": [3.5, 6.875, 3.125, 6.5], "texture": "#0"},
				"down": {"uv": [3.5, 6.875, 3.125, 7.25], "texture": "#0"}
			}
		},
		{
			"from": [12.4, 21.7, 4.3],
			"to": [13.8, 22.9, 5.7],
			"faces": {
				"north": {"uv": [3.125, 8.3125, 3.5, 8.625], "texture": "#0"},
				"east": {"uv": [0, 7, 0.375, 7.3125], "texture": "#0"},
				"south": {"uv": [3.125, 7.625, 3.5, 7.9375], "texture": "#0"},
				"west": {"uv": [0, 7, 0.375, 7.3125], "texture": "#0"},
				"up": {"uv": [3.5, 6.875, 3.125, 6.5], "texture": "#0"},
				"down": {"uv": [3.5, 6.875, 3.125, 7.25], "texture": "#0"}
			}
		},
		{
			"from": [12.5, 21.5, 4.4],
			"to": [13.7, 23.1, 5.6],
			"faces": {
				"north": {"uv": [3.1875, 7.25, 3.5, 7.625], "texture": "#0"},
				"east": {"uv": [12, 9.25, 12.3125, 9.625], "texture": "#0"},
				"south": {"uv": [3.1875, 7.25, 3.5, 7.625], "texture": "#0"},
				"west": {"uv": [3.1875, 7.25, 3.5, 7.625], "texture": "#0"},
				"up": {"uv": [3.125, 7.3125, 2.8125, 7], "texture": "#0"},
				"down": {"uv": [2.8125, 7, 2.5, 7.3125], "texture": "#0"}
			}
		},
		{
			"from": [12.5, 23.2, 4.4],
			"to": [13.7, 24.8, 5.6],
			"faces": {
				"north": {"uv": [3.1875, 7.25, 3.5, 7.625], "texture": "#0"},
				"east": {"uv": [12, 9.25, 12.3125, 9.625], "texture": "#0"},
				"south": {"uv": [3.1875, 7.25, 3.5, 7.625], "texture": "#0"},
				"west": {"uv": [3.1875, 7.25, 3.5, 7.625], "texture": "#0"},
				"up": {"uv": [3.125, 7.3125, 2.8125, 7], "texture": "#0"},
				"down": {"uv": [2.8125, 7, 2.5, 7.3125], "texture": "#0"}
			}
		},
		{
			"from": [12.4, 23.4, 4.3],
			"to": [13.8, 24.6, 5.7],
			"faces": {
				"north": {"uv": [3.125, 8.3125, 3.5, 8.625], "texture": "#0"},
				"east": {"uv": [0, 7, 0.375, 7.3125], "texture": "#0"},
				"south": {"uv": [3.125, 7.625, 3.5, 7.9375], "texture": "#0"},
				"west": {"uv": [0, 7, 0.375, 7.3125], "texture": "#0"},
				"up": {"uv": [3.5, 6.875, 3.125, 6.5], "texture": "#0"},
				"down": {"uv": [3.5, 6.875, 3.125, 7.25], "texture": "#0"}
			}
		},
		{
			"from": [12.4, 18.3, 4.3],
			"to": [13.8, 19.5, 5.7],
			"faces": {
				"north": {"uv": [3.125, 8.3125, 3.5, 8.625], "texture": "#0"},
				"east": {"uv": [0, 7, 0.375, 7.3125], "texture": "#0"},
				"south": {"uv": [3.125, 7.625, 3.5, 7.9375], "texture": "#0"},
				"west": {"uv": [0, 7, 0.375, 7.3125], "texture": "#0"},
				"up": {"uv": [3.5, 6.875, 3.125, 6.5], "texture": "#0"},
				"down": {"uv": [3.5, 6.875, 3.125, 7.25], "texture": "#0"}
			}
		},
		{
			"from": [12.5, 18.1, 4.4],
			"to": [13.7, 19.7, 5.6],
			"faces": {
				"north": {"uv": [3.1875, 7.25, 3.5, 7.625], "texture": "#0"},
				"east": {"uv": [12, 9.25, 12.3125, 9.625], "texture": "#0"},
				"south": {"uv": [3.1875, 7.25, 3.5, 7.625], "texture": "#0"},
				"west": {"uv": [3.1875, 7.25, 3.5, 7.625], "texture": "#0"},
				"up": {"uv": [3.125, 7.3125, 2.8125, 7], "texture": "#0"},
				"down": {"uv": [2.8125, 7, 2.5, 7.3125], "texture": "#0"}
			}
		},
		{
			"from": [12.4, 16.6, 4.3],
			"to": [13.8, 17.8, 5.7],
			"faces": {
				"north": {"uv": [3.125, 8.3125, 3.5, 8.625], "texture": "#0"},
				"east": {"uv": [0, 7, 0.375, 7.3125], "texture": "#0"},
				"south": {"uv": [3.125, 7.625, 3.5, 7.9375], "texture": "#0"},
				"west": {"uv": [0, 7, 0.375, 7.3125], "texture": "#0"},
				"up": {"uv": [3.5, 6.875, 3.125, 6.5], "texture": "#0"},
				"down": {"uv": [3.5, 6.875, 3.125, 7.25], "texture": "#0"}
			}
		},
		{
			"from": [12.4, 30.2, 7.3],
			"to": [13.8, 31.4, 8.7],
			"faces": {
				"north": {"uv": [3.125, 8.3125, 3.5, 8.625], "texture": "#0"},
				"east": {"uv": [0, 7, 0.375, 7.3125], "texture": "#0"},
				"south": {"uv": [3.125, 7.625, 3.5, 7.9375], "texture": "#0"},
				"west": {"uv": [0, 7, 0.375, 7.3125], "texture": "#0"},
				"up": {"uv": [3.5, 6.875, 3.125, 6.5], "texture": "#0"},
				"down": {"uv": [3.5, 6.875, 3.125, 7.25], "texture": "#0"}
			}
		},
		{
			"from": [12.5, 30, 7.4],
			"to": [13.7, 31.6, 8.6],
			"faces": {
				"north": {"uv": [3.1875, 7.25, 3.5, 7.625], "texture": "#0"},
				"east": {"uv": [12, 9.25, 12.3125, 9.625], "texture": "#0"},
				"south": {"uv": [3.1875, 7.25, 3.5, 7.625], "texture": "#0"},
				"west": {"uv": [3.1875, 7.25, 3.5, 7.625], "texture": "#0"},
				"up": {"uv": [3.125, 7.3125, 2.8125, 7], "texture": "#0"},
				"down": {"uv": [2.8125, 7, 2.5, 7.3125], "texture": "#0"}
			}
		},
		{
			"from": [12.5, 28.3, 7.4],
			"to": [13.7, 29.9, 8.6],
			"faces": {
				"north": {"uv": [3.1875, 7.25, 3.5, 7.625], "texture": "#0"},
				"east": {"uv": [12, 9.25, 12.3125, 9.625], "texture": "#0"},
				"south": {"uv": [3.1875, 7.25, 3.5, 7.625], "texture": "#0"},
				"west": {"uv": [3.1875, 7.25, 3.5, 7.625], "texture": "#0"},
				"up": {"uv": [3.125, 7.3125, 2.8125, 7], "texture": "#0"},
				"down": {"uv": [2.8125, 7, 2.5, 7.3125], "texture": "#0"}
			}
		},
		{
			"from": [12.4, 28.5, 7.3],
			"to": [13.8, 29.7, 8.7],
			"faces": {
				"north": {"uv": [3.125, 8.3125, 3.5, 8.625], "texture": "#0"},
				"east": {"uv": [0, 7, 0.375, 7.3125], "texture": "#0"},
				"south": {"uv": [3.125, 7.625, 3.5, 7.9375], "texture": "#0"},
				"west": {"uv": [0, 7, 0.375, 7.3125], "texture": "#0"},
				"up": {"uv": [3.5, 6.875, 3.125, 6.5], "texture": "#0"},
				"down": {"uv": [3.5, 6.875, 3.125, 7.25], "texture": "#0"}
			}
		},
		{
			"from": [12.5, 26.6, 7.4],
			"to": [13.7, 28.2, 8.6],
			"faces": {
				"north": {"uv": [3.1875, 7.25, 3.5, 7.625], "texture": "#0"},
				"east": {"uv": [12, 9.25, 12.3125, 9.625], "texture": "#0"},
				"south": {"uv": [3.1875, 7.25, 3.5, 7.625], "texture": "#0"},
				"west": {"uv": [3.1875, 7.25, 3.5, 7.625], "texture": "#0"},
				"up": {"uv": [3.125, 7.3125, 2.8125, 7], "texture": "#0"},
				"down": {"uv": [2.8125, 7, 2.5, 7.3125], "texture": "#0"}
			}
		},
		{
			"from": [12.4, 26.8, 7.3],
			"to": [13.8, 28, 8.7],
			"faces": {
				"north": {"uv": [3.125, 8.3125, 3.5, 8.625], "texture": "#0"},
				"east": {"uv": [0, 7, 0.375, 7.3125], "texture": "#0"},
				"south": {"uv": [3.125, 7.625, 3.5, 7.9375], "texture": "#0"},
				"west": {"uv": [0, 7, 0.375, 7.3125], "texture": "#0"},
				"up": {"uv": [3.5, 6.875, 3.125, 6.5], "texture": "#0"},
				"down": {"uv": [3.5, 6.875, 3.125, 7.25], "texture": "#0"}
			}
		},
		{
			"from": [12.5, 24.9, 7.4],
			"to": [13.7, 26.5, 8.6],
			"faces": {
				"north": {"uv": [3.1875, 7.25, 3.5, 7.625], "texture": "#0"},
				"east": {"uv": [12, 9.25, 12.3125, 9.625], "texture": "#0"},
				"south": {"uv": [3.1875, 7.25, 3.5, 7.625], "texture": "#0"},
				"west": {"uv": [3.1875, 7.25, 3.5, 7.625], "texture": "#0"},
				"up": {"uv": [3.125, 7.3125, 2.8125, 7], "texture": "#0"},
				"down": {"uv": [2.8125, 7, 2.5, 7.3125], "texture": "#0"}
			}
		},
		{
			"from": [12.4, 25.1, 7.3],
			"to": [13.8, 26.3, 8.7],
			"faces": {
				"north": {"uv": [3.125, 8.3125, 3.5, 8.625], "texture": "#0"},
				"east": {"uv": [0, 7, 0.375, 7.3125], "texture": "#0"},
				"south": {"uv": [3.125, 7.625, 3.5, 7.9375], "texture": "#0"},
				"west": {"uv": [0, 7, 0.375, 7.3125], "texture": "#0"},
				"up": {"uv": [3.5, 6.875, 3.125, 6.5], "texture": "#0"},
				"down": {"uv": [3.5, 6.875, 3.125, 7.25], "texture": "#0"}
			}
		},
		{
			"from": [12.5, 23.2, 7.4],
			"to": [13.7, 24.8, 8.6],
			"faces": {
				"north": {"uv": [3.1875, 7.25, 3.5, 7.625], "texture": "#0"},
				"east": {"uv": [12, 9.25, 12.3125, 9.625], "texture": "#0"},
				"south": {"uv": [3.1875, 7.25, 3.5, 7.625], "texture": "#0"},
				"west": {"uv": [3.1875, 7.25, 3.5, 7.625], "texture": "#0"},
				"up": {"uv": [3.125, 7.3125, 2.8125, 7], "texture": "#0"},
				"down": {"uv": [2.8125, 7, 2.5, 7.3125], "texture": "#0"}
			}
		},
		{
			"from": [12.4, 23.4, 7.3],
			"to": [13.8, 24.6, 8.7],
			"faces": {
				"north": {"uv": [3.125, 8.3125, 3.5, 8.625], "texture": "#0"},
				"east": {"uv": [0, 7, 0.375, 7.3125], "texture": "#0"},
				"south": {"uv": [3.125, 7.625, 3.5, 7.9375], "texture": "#0"},
				"west": {"uv": [0, 7, 0.375, 7.3125], "texture": "#0"},
				"up": {"uv": [3.5, 6.875, 3.125, 6.5], "texture": "#0"},
				"down": {"uv": [3.5, 6.875, 3.125, 7.25], "texture": "#0"}
			}
		},
		{
			"from": [12.5, 21.5, 7.4],
			"to": [13.7, 23.1, 8.6],
			"faces": {
				"north": {"uv": [3.1875, 7.25, 3.5, 7.625], "texture": "#0"},
				"east": {"uv": [12, 9.25, 12.3125, 9.625], "texture": "#0"},
				"south": {"uv": [3.1875, 7.25, 3.5, 7.625], "texture": "#0"},
				"west": {"uv": [3.1875, 7.25, 3.5, 7.625], "texture": "#0"},
				"up": {"uv": [3.125, 7.3125, 2.8125, 7], "texture": "#0"},
				"down": {"uv": [2.8125, 7, 2.5, 7.3125], "texture": "#0"}
			}
		},
		{
			"from": [12.4, 21.7, 7.3],
			"to": [13.8, 22.9, 8.7],
			"faces": {
				"north": {"uv": [3.125, 8.3125, 3.5, 8.625], "texture": "#0"},
				"east": {"uv": [0, 7, 0.375, 7.3125], "texture": "#0"},
				"south": {"uv": [3.125, 7.625, 3.5, 7.9375], "texture": "#0"},
				"west": {"uv": [0, 7, 0.375, 7.3125], "texture": "#0"},
				"up": {"uv": [3.5, 6.875, 3.125, 6.5], "texture": "#0"},
				"down": {"uv": [3.5, 6.875, 3.125, 7.25], "texture": "#0"}
			}
		},
		{
			"from": [12.5, 19.8, 7.4],
			"to": [13.7, 21.4, 8.6],
			"faces": {
				"north": {"uv": [3.1875, 7.25, 3.5, 7.625], "texture": "#0"},
				"east": {"uv": [12, 9.25, 12.3125, 9.625], "texture": "#0"},
				"south": {"uv": [3.1875, 7.25, 3.5, 7.625], "texture": "#0"},
				"west": {"uv": [3.1875, 7.25, 3.5, 7.625], "texture": "#0"},
				"up": {"uv": [3.125, 7.3125, 2.8125, 7], "texture": "#0"},
				"down": {"uv": [2.8125, 7, 2.5, 7.3125], "texture": "#0"}
			}
		},
		{
			"from": [12.4, 20, 7.3],
			"to": [13.8, 21.2, 8.7],
			"faces": {
				"north": {"uv": [3.125, 8.3125, 3.5, 8.625], "texture": "#0"},
				"east": {"uv": [0, 7, 0.375, 7.3125], "texture": "#0"},
				"south": {"uv": [3.125, 7.625, 3.5, 7.9375], "texture": "#0"},
				"west": {"uv": [0, 7, 0.375, 7.3125], "texture": "#0"},
				"up": {"uv": [3.5, 6.875, 3.125, 6.5], "texture": "#0"},
				"down": {"uv": [3.5, 6.875, 3.125, 7.25], "texture": "#0"}
			}
		},
		{
			"from": [12.5, 18.1, 7.4],
			"to": [13.7, 19.7, 8.6],
			"faces": {
				"north": {"uv": [3.1875, 7.25, 3.5, 7.625], "texture": "#0"},
				"east": {"uv": [12, 9.25, 12.3125, 9.625], "texture": "#0"},
				"south": {"uv": [3.1875, 7.25, 3.5, 7.625], "texture": "#0"},
				"west": {"uv": [3.1875, 7.25, 3.5, 7.625], "texture": "#0"},
				"up": {"uv": [3.125, 7.3125, 2.8125, 7], "texture": "#0"},
				"down": {"uv": [2.8125, 7, 2.5, 7.3125], "texture": "#0"}
			}
		},
		{
			"from": [12.4, 18.3, 7.3],
			"to": [13.8, 19.5, 8.7],
			"faces": {
				"north": {"uv": [3.125, 8.3125, 3.5, 8.625], "texture": "#0"},
				"east": {"uv": [0, 7, 0.375, 7.3125], "texture": "#0"},
				"south": {"uv": [3.125, 7.625, 3.5, 7.9375], "texture": "#0"},
				"west": {"uv": [0, 7, 0.375, 7.3125], "texture": "#0"},
				"up": {"uv": [3.5, 6.875, 3.125, 6.5], "texture": "#0"},
				"down": {"uv": [3.5, 6.875, 3.125, 7.25], "texture": "#0"}
			}
		},
		{
			"from": [12.5, 16.4, 7.4],
			"to": [13.7, 18, 8.6],
			"faces": {
				"north": {"uv": [3.1875, 7.25, 3.5, 7.625], "texture": "#0"},
				"east": {"uv": [12, 9.25, 12.3125, 9.625], "texture": "#0"},
				"south": {"uv": [3.1875, 7.25, 3.5, 7.625], "texture": "#0"},
				"west": {"uv": [3.1875, 7.25, 3.5, 7.625], "texture": "#0"},
				"up": {"uv": [3.125, 7.3125, 2.8125, 7], "texture": "#0"},
				"down": {"uv": [2.8125, 7, 2.5, 7.3125], "texture": "#0"}
			}
		},
		{
			"from": [12.4, 16.6, 7.3],
			"to": [13.8, 17.8, 8.7],
			"faces": {
				"north": {"uv": [3.125, 8.3125, 3.5, 8.625], "texture": "#0"},
				"east": {"uv": [0, 7, 0.375, 7.3125], "texture": "#0"},
				"south": {"uv": [3.125, 7.625, 3.5, 7.9375], "texture": "#0"},
				"west": {"uv": [0, 7, 0.375, 7.3125], "texture": "#0"},
				"up": {"uv": [3.5, 6.875, 3.125, 6.5], "texture": "#0"},
				"down": {"uv": [3.5, 6.875, 3.125, 7.25], "texture": "#0"}
			}
		},
		{
			"from": [12.4, 30.2, 10.3],
			"to": [13.8, 31.4, 11.7],
			"faces": {
				"north": {"uv": [3.125, 8.3125, 3.5, 8.625], "texture": "#0"},
				"east": {"uv": [0, 7, 0.375, 7.3125], "texture": "#0"},
				"south": {"uv": [3.125, 7.625, 3.5, 7.9375], "texture": "#0"},
				"west": {"uv": [0, 7, 0.375, 7.3125], "texture": "#0"},
				"up": {"uv": [3.5, 6.875, 3.125, 6.5], "texture": "#0"},
				"down": {"uv": [3.5, 6.875, 3.125, 7.25], "texture": "#0"}
			}
		},
		{
			"from": [12.5, 30, 10.4],
			"to": [13.7, 31.6, 11.6],
			"faces": {
				"north": {"uv": [3.1875, 7.25, 3.5, 7.625], "texture": "#0"},
				"east": {"uv": [12, 9.25, 12.3125, 9.625], "texture": "#0"},
				"south": {"uv": [3.1875, 7.25, 3.5, 7.625], "texture": "#0"},
				"west": {"uv": [3.1875, 7.25, 3.5, 7.625], "texture": "#0"},
				"up": {"uv": [3.125, 7.3125, 2.8125, 7], "texture": "#0"},
				"down": {"uv": [2.8125, 7, 2.5, 7.3125], "texture": "#0"}
			}
		},
		{
			"from": [12.5, 28.3, 10.4],
			"to": [13.7, 29.9, 11.6],
			"faces": {
				"north": {"uv": [3.1875, 7.25, 3.5, 7.625], "texture": "#0"},
				"east": {"uv": [12, 9.25, 12.3125, 9.625], "texture": "#0"},
				"south": {"uv": [3.1875, 7.25, 3.5, 7.625], "texture": "#0"},
				"west": {"uv": [3.1875, 7.25, 3.5, 7.625], "texture": "#0"},
				"up": {"uv": [3.125, 7.3125, 2.8125, 7], "texture": "#0"},
				"down": {"uv": [2.8125, 7, 2.5, 7.3125], "texture": "#0"}
			}
		},
		{
			"from": [12.4, 28.5, 10.3],
			"to": [13.8, 29.7, 11.7],
			"faces": {
				"north": {"uv": [3.125, 8.3125, 3.5, 8.625], "texture": "#0"},
				"east": {"uv": [0, 7, 0.375, 7.3125], "texture": "#0"},
				"south": {"uv": [3.125, 7.625, 3.5, 7.9375], "texture": "#0"},
				"west": {"uv": [0, 7, 0.375, 7.3125], "texture": "#0"},
				"up": {"uv": [3.5, 6.875, 3.125, 6.5], "texture": "#0"},
				"down": {"uv": [3.5, 6.875, 3.125, 7.25], "texture": "#0"}
			}
		},
		{
			"from": [12.5, 26.6, 10.4],
			"to": [13.7, 28.2, 11.6],
			"faces": {
				"north": {"uv": [3.1875, 7.25, 3.5, 7.625], "texture": "#0"},
				"east": {"uv": [12, 9.25, 12.3125, 9.625], "texture": "#0"},
				"south": {"uv": [3.1875, 7.25, 3.5, 7.625], "texture": "#0"},
				"west": {"uv": [3.1875, 7.25, 3.5, 7.625], "texture": "#0"},
				"up": {"uv": [3.125, 7.3125, 2.8125, 7], "texture": "#0"},
				"down": {"uv": [2.8125, 7, 2.5, 7.3125], "texture": "#0"}
			}
		},
		{
			"from": [12.4, 26.8, 10.3],
			"to": [13.8, 28, 11.7],
			"faces": {
				"north": {"uv": [3.125, 8.3125, 3.5, 8.625], "texture": "#0"},
				"east": {"uv": [0, 7, 0.375, 7.3125], "texture": "#0"},
				"south": {"uv": [3.125, 7.625, 3.5, 7.9375], "texture": "#0"},
				"west": {"uv": [0, 7, 0.375, 7.3125], "texture": "#0"},
				"up": {"uv": [3.5, 6.875, 3.125, 6.5], "texture": "#0"},
				"down": {"uv": [3.5, 6.875, 3.125, 7.25], "texture": "#0"}
			}
		},
		{
			"from": [12.5, 24.9, 10.4],
			"to": [13.7, 26.5, 11.6],
			"faces": {
				"north": {"uv": [3.1875, 7.25, 3.5, 7.625], "texture": "#0"},
				"east": {"uv": [12, 9.25, 12.3125, 9.625], "texture": "#0"},
				"south": {"uv": [3.1875, 7.25, 3.5, 7.625], "texture": "#0"},
				"west": {"uv": [3.1875, 7.25, 3.5, 7.625], "texture": "#0"},
				"up": {"uv": [3.125, 7.3125, 2.8125, 7], "texture": "#0"},
				"down": {"uv": [2.8125, 7, 2.5, 7.3125], "texture": "#0"}
			}
		},
		{
			"from": [12.4, 25.1, 10.3],
			"to": [13.8, 26.3, 11.7],
			"faces": {
				"north": {"uv": [3.125, 8.3125, 3.5, 8.625], "texture": "#0"},
				"east": {"uv": [0, 7, 0.375, 7.3125], "texture": "#0"},
				"south": {"uv": [3.125, 7.625, 3.5, 7.9375], "texture": "#0"},
				"west": {"uv": [0, 7, 0.375, 7.3125], "texture": "#0"},
				"up": {"uv": [3.5, 6.875, 3.125, 6.5], "texture": "#0"},
				"down": {"uv": [3.5, 6.875, 3.125, 7.25], "texture": "#0"}
			}
		},
		{
			"from": [12.5, 23.2, 10.4],
			"to": [13.7, 24.8, 11.6],
			"faces": {
				"north": {"uv": [3.1875, 7.25, 3.5, 7.625], "texture": "#0"},
				"east": {"uv": [12, 9.25, 12.3125, 9.625], "texture": "#0"},
				"south": {"uv": [3.1875, 7.25, 3.5, 7.625], "texture": "#0"},
				"west": {"uv": [3.1875, 7.25, 3.5, 7.625], "texture": "#0"},
				"up": {"uv": [3.125, 7.3125, 2.8125, 7], "texture": "#0"},
				"down": {"uv": [2.8125, 7, 2.5, 7.3125], "texture": "#0"}
			}
		},
		{
			"from": [12.4, 23.4, 10.3],
			"to": [13.8, 24.6, 11.7],
			"faces": {
				"north": {"uv": [3.125, 8.3125, 3.5, 8.625], "texture": "#0"},
				"east": {"uv": [0, 7, 0.375, 7.3125], "texture": "#0"},
				"south": {"uv": [3.125, 7.625, 3.5, 7.9375], "texture": "#0"},
				"west": {"uv": [0, 7, 0.375, 7.3125], "texture": "#0"},
				"up": {"uv": [3.5, 6.875, 3.125, 6.5], "texture": "#0"},
				"down": {"uv": [3.5, 6.875, 3.125, 7.25], "texture": "#0"}
			}
		},
		{
			"from": [12.5, 21.5, 10.4],
			"to": [13.7, 23.1, 11.6],
			"faces": {
				"north": {"uv": [3.1875, 7.25, 3.5, 7.625], "texture": "#0"},
				"east": {"uv": [12, 9.25, 12.3125, 9.625], "texture": "#0"},
				"south": {"uv": [3.1875, 7.25, 3.5, 7.625], "texture": "#0"},
				"west": {"uv": [3.1875, 7.25, 3.5, 7.625], "texture": "#0"},
				"up": {"uv": [3.125, 7.3125, 2.8125, 7], "texture": "#0"},
				"down": {"uv": [2.8125, 7, 2.5, 7.3125], "texture": "#0"}
			}
		},
		{
			"from": [12.4, 21.7, 10.3],
			"to": [13.8, 22.9, 11.7],
			"faces": {
				"north": {"uv": [3.125, 8.3125, 3.5, 8.625], "texture": "#0"},
				"east": {"uv": [0, 7, 0.375, 7.3125], "texture": "#0"},
				"south": {"uv": [3.125, 7.625, 3.5, 7.9375], "texture": "#0"},
				"west": {"uv": [0, 7, 0.375, 7.3125], "texture": "#0"},
				"up": {"uv": [3.5, 6.875, 3.125, 6.5], "texture": "#0"},
				"down": {"uv": [3.5, 6.875, 3.125, 7.25], "texture": "#0"}
			}
		},
		{
			"from": [12.5, 19.8, 10.4],
			"to": [13.7, 21.4, 11.6],
			"faces": {
				"north": {"uv": [3.1875, 7.25, 3.5, 7.625], "texture": "#0"},
				"east": {"uv": [12, 9.25, 12.3125, 9.625], "texture": "#0"},
				"south": {"uv": [3.1875, 7.25, 3.5, 7.625], "texture": "#0"},
				"west": {"uv": [3.1875, 7.25, 3.5, 7.625], "texture": "#0"},
				"up": {"uv": [3.125, 7.3125, 2.8125, 7], "texture": "#0"},
				"down": {"uv": [2.8125, 7, 2.5, 7.3125], "texture": "#0"}
			}
		},
		{
			"from": [12.4, 20, 10.3],
			"to": [13.8, 21.2, 11.7],
			"faces": {
				"north": {"uv": [3.125, 8.3125, 3.5, 8.625], "texture": "#0"},
				"east": {"uv": [0, 7, 0.375, 7.3125], "texture": "#0"},
				"south": {"uv": [3.125, 7.625, 3.5, 7.9375], "texture": "#0"},
				"west": {"uv": [0, 7, 0.375, 7.3125], "texture": "#0"},
				"up": {"uv": [3.5, 6.875, 3.125, 6.5], "texture": "#0"},
				"down": {"uv": [3.5, 6.875, 3.125, 7.25], "texture": "#0"}
			}
		},
		{
			"from": [12.5, 18.1, 10.4],
			"to": [13.7, 19.7, 11.6],
			"faces": {
				"north": {"uv": [3.1875, 7.25, 3.5, 7.625], "texture": "#0"},
				"east": {"uv": [12, 9.25, 12.3125, 9.625], "texture": "#0"},
				"south": {"uv": [3.1875, 7.25, 3.5, 7.625], "texture": "#0"},
				"west": {"uv": [3.1875, 7.25, 3.5, 7.625], "texture": "#0"},
				"up": {"uv": [3.125, 7.3125, 2.8125, 7], "texture": "#0"},
				"down": {"uv": [2.8125, 7, 2.5, 7.3125], "texture": "#0"}
			}
		},
		{
			"from": [12.4, 18.3, 10.3],
			"to": [13.8, 19.5, 11.7],
			"faces": {
				"north": {"uv": [3.125, 8.3125, 3.5, 8.625], "texture": "#0"},
				"east": {"uv": [0, 7, 0.375, 7.3125], "texture": "#0"},
				"south": {"uv": [3.125, 7.625, 3.5, 7.9375], "texture": "#0"},
				"west": {"uv": [0, 7, 0.375, 7.3125], "texture": "#0"},
				"up": {"uv": [3.5, 6.875, 3.125, 6.5], "texture": "#0"},
				"down": {"uv": [3.5, 6.875, 3.125, 7.25], "texture": "#0"}
			}
		},
		{
			"from": [12.5, 16.4, 10.4],
			"to": [13.7, 18, 11.6],
			"faces": {
				"north": {"uv": [3.1875, 7.25, 3.5, 7.625], "texture": "#0"},
				"east": {"uv": [12, 9.25, 12.3125, 9.625], "texture": "#0"},
				"south": {"uv": [3.1875, 7.25, 3.5, 7.625], "texture": "#0"},
				"west": {"uv": [3.1875, 7.25, 3.5, 7.625], "texture": "#0"},
				"up": {"uv": [3.125, 7.3125, 2.8125, 7], "texture": "#0"},
				"down": {"uv": [2.8125, 7, 2.5, 7.3125], "texture": "#0"}
			}
		},
		{
			"from": [12.4, 16.6, 10.3],
			"to": [13.8, 17.8, 11.7],
			"faces": {
				"north": {"uv": [3.125, 8.3125, 3.5, 8.625], "texture": "#0"},
				"east": {"uv": [0, 7, 0.375, 7.3125], "texture": "#0"},
				"south": {"uv": [3.125, 7.625, 3.5, 7.9375], "texture": "#0"},
				"west": {"uv": [0, 7, 0.375, 7.3125], "texture": "#0"},
				"up": {"uv": [3.5, 6.875, 3.125, 6.5], "texture": "#0"},
				"down": {"uv": [3.5, 6.875, 3.125, 7.25], "texture": "#0"}
			}
		},
		{
			"from": [12.5, 16.4, 4.4],
			"to": [13.7, 18, 5.6],
			"faces": {
				"north": {"uv": [3.1875, 7.25, 3.5, 7.625], "texture": "#0"},
				"east": {"uv": [12, 9.25, 12.3125, 9.625], "texture": "#0"},
				"south": {"uv": [3.1875, 7.25, 3.5, 7.625], "texture": "#0"},
				"west": {"uv": [3.1875, 7.25, 3.5, 7.625], "texture": "#0"},
				"up": {"uv": [3.125, 7.3125, 2.8125, 7], "texture": "#0"},
				"down": {"uv": [2.8125, 7, 2.5, 7.3125], "texture": "#0"}
			}
		},
		{
			"from": [12.5, 19.8, 4.4],
			"to": [13.7, 21.4, 5.6],
			"faces": {
				"north": {"uv": [3.1875, 7.25, 3.5, 7.625], "texture": "#0"},
				"east": {"uv": [12, 9.25, 12.3125, 9.625], "texture": "#0"},
				"south": {"uv": [3.1875, 7.25, 3.5, 7.625], "texture": "#0"},
				"west": {"uv": [3.1875, 7.25, 3.5, 7.625], "texture": "#0"},
				"up": {"uv": [3.125, 7.3125, 2.8125, 7], "texture": "#0"},
				"down": {"uv": [2.8125, 7, 2.5, 7.3125], "texture": "#0"}
			}
		},
		{
			"from": [12.4, 20, 4.3],
			"to": [13.8, 21.2, 5.7],
			"faces": {
				"north": {"uv": [3.125, 8.3125, 3.5, 8.625], "texture": "#0"},
				"east": {"uv": [0, 7, 0.375, 7.3125], "texture": "#0"},
				"south": {"uv": [3.125, 7.625, 3.5, 7.9375], "texture": "#0"},
				"west": {"uv": [0, 7, 0.375, 7.3125], "texture": "#0"},
				"up": {"uv": [3.5, 6.875, 3.125, 6.5], "texture": "#0"},
				"down": {"uv": [3.5, 6.875, 3.125, 7.25], "texture": "#0"}
			}
		},
		{
			"from": [12.5, 30, 4.4],
			"to": [13.7, 31.6, 5.6],
			"faces": {
				"north": {"uv": [3.1875, 7.25, 3.5, 7.625], "texture": "#0"},
				"east": {"uv": [3.1875, 7.25, 3.5, 7.625], "texture": "#0"},
				"south": {"uv": [3.1875, 7.25, 3.5, 7.625], "texture": "#0"},
				"west": {"uv": [3.1875, 7.25, 3.5, 7.625], "texture": "#0"},
				"up": {"uv": [3.125, 7.3125, 2.8125, 7], "texture": "#0"},
				"down": {"uv": [2.8125, 7, 2.5, 7.3125], "texture": "#0"}
			}
		},
		{
			"from": [-0.2, 17.7, 1.1],
			"to": [1.2, 18.9, 2.5],
			"faces": {
				"north": {"uv": [3.125, 8.3125, 3.5, 8.625], "texture": "#0"},
				"east": {"uv": [2.8125, 7.3125, 3.1875, 7.625], "texture": "#0"},
				"south": {"uv": [3.125, 7.625, 3.5, 7.9375], "texture": "#0"},
				"west": {"uv": [0, 7, 0.375, 7.3125], "texture": "#0"},
				"up": {"uv": [3.5, 6.875, 3.125, 6.5], "texture": "#0"},
				"down": {"uv": [3.5, 6.875, 3.125, 7.25], "texture": "#0"}
			}
		},
		{
			"from": [-0.1, 17.5, 1.2],
			"to": [1.1, 19.1, 2.4],
			"faces": {
				"north": {"uv": [3.1875, 7.25, 3.5, 7.625], "texture": "#0"},
				"east": {"uv": [12, 9.25, 12.3125, 9.625], "texture": "#0"},
				"south": {"uv": [3.1875, 7.25, 3.5, 7.625], "texture": "#0"},
				"west": {"uv": [3.1875, 7.25, 3.5, 7.625], "texture": "#0"},
				"up": {"uv": [3.125, 7.3125, 2.8125, 7], "texture": "#0"},
				"down": {"uv": [2.8125, 7, 2.5, 7.3125], "texture": "#0"}
			}
		},
		{
			"from": [-0.2, 17.7, 2.7],
			"to": [1.2, 18.9, 4.1],
			"faces": {
				"north": {"uv": [3.125, 8.3125, 3.5, 8.625], "texture": "#0"},
				"east": {"uv": [2.8125, 7.3125, 3.1875, 7.625], "texture": "#0"},
				"south": {"uv": [3.125, 7.625, 3.5, 7.9375], "texture": "#0"},
				"west": {"uv": [0, 7, 0.375, 7.3125], "texture": "#0"},
				"up": {"uv": [3.5, 6.875, 3.125, 6.5], "texture": "#0"},
				"down": {"uv": [3.5, 6.875, 3.125, 7.25], "texture": "#0"}
			}
		},
		{
			"from": [-0.1, 17.5, 2.8],
			"to": [1.1, 19.1, 4],
			"faces": {
				"north": {"uv": [3.1875, 7.25, 3.5, 7.625], "texture": "#0"},
				"east": {"uv": [12, 9.25, 12.3125, 9.625], "texture": "#0"},
				"south": {"uv": [3.1875, 7.25, 3.5, 7.625], "texture": "#0"},
				"west": {"uv": [3.1875, 7.25, 3.5, 7.625], "texture": "#0"},
				"up": {"uv": [3.125, 7.3125, 2.8125, 7], "texture": "#0"},
				"down": {"uv": [2.8125, 7, 2.5, 7.3125], "texture": "#0"}
			}
		},
		{
			"from": [-0.2, 17.7, 4.3],
			"to": [1.2, 18.9, 5.7],
			"faces": {
				"north": {"uv": [3.125, 8.3125, 3.5, 8.625], "texture": "#0"},
				"east": {"uv": [2.8125, 7.3125, 3.1875, 7.625], "texture": "#0"},
				"south": {"uv": [3.125, 7.625, 3.5, 7.9375], "texture": "#0"},
				"west": {"uv": [0, 7, 0.375, 7.3125], "texture": "#0"},
				"up": {"uv": [3.5, 6.875, 3.125, 6.5], "texture": "#0"},
				"down": {"uv": [3.5, 6.875, 3.125, 7.25], "texture": "#0"}
			}
		},
		{
			"from": [-0.1, 17.5, 4.4],
			"to": [1.1, 19.1, 5.6],
			"faces": {
				"north": {"uv": [3.1875, 7.25, 3.5, 7.625], "texture": "#0"},
				"east": {"uv": [12, 9.25, 12.3125, 9.625], "texture": "#0"},
				"south": {"uv": [3.1875, 7.25, 3.5, 7.625], "texture": "#0"},
				"west": {"uv": [3.1875, 7.25, 3.5, 7.625], "texture": "#0"},
				"up": {"uv": [3.125, 7.3125, 2.8125, 7], "texture": "#0"},
				"down": {"uv": [2.8125, 7, 2.5, 7.3125], "texture": "#0"}
			}
		},
		{
			"from": [-0.2, 17.7, 5.9],
			"to": [1.2, 18.9, 7.3],
			"faces": {
				"north": {"uv": [3.125, 8.3125, 3.5, 8.625], "texture": "#0"},
				"east": {"uv": [2.8125, 7.3125, 3.1875, 7.625], "texture": "#0"},
				"south": {"uv": [3.125, 7.625, 3.5, 7.9375], "texture": "#0"},
				"west": {"uv": [0, 7, 0.375, 7.3125], "texture": "#0"},
				"up": {"uv": [3.5, 6.875, 3.125, 6.5], "texture": "#0"},
				"down": {"uv": [3.5, 6.875, 3.125, 7.25], "texture": "#0"}
			}
		},
		{
			"from": [-0.1, 17.5, 6],
			"to": [1.1, 19.1, 7.2],
			"faces": {
				"north": {"uv": [3.1875, 7.25, 3.5, 7.625], "texture": "#0"},
				"east": {"uv": [12, 9.25, 12.3125, 9.625], "texture": "#0"},
				"south": {"uv": [3.1875, 7.25, 3.5, 7.625], "texture": "#0"},
				"west": {"uv": [3.1875, 7.25, 3.5, 7.625], "texture": "#0"},
				"up": {"uv": [3.125, 7.3125, 2.8125, 7], "texture": "#0"},
				"down": {"uv": [2.8125, 7, 2.5, 7.3125], "texture": "#0"}
			}
		},
		{
			"from": [-0.2, 17.7, 7.5],
			"to": [1.2, 18.9, 8.9],
			"faces": {
				"north": {"uv": [3.125, 8.3125, 3.5, 8.625], "texture": "#0"},
				"east": {"uv": [2.8125, 7.3125, 3.1875, 7.625], "texture": "#0"},
				"south": {"uv": [3.125, 7.625, 3.5, 7.9375], "texture": "#0"},
				"west": {"uv": [0, 7, 0.375, 7.3125], "texture": "#0"},
				"up": {"uv": [3.5, 6.875, 3.125, 6.5], "texture": "#0"},
				"down": {"uv": [3.5, 6.875, 3.125, 7.25], "texture": "#0"}
			}
		},
		{
			"from": [-0.1, 17.5, 7.6],
			"to": [1.1, 19.1, 8.8],
			"faces": {
				"north": {"uv": [3.1875, 7.25, 3.5, 7.625], "texture": "#0"},
				"east": {"uv": [12, 9.25, 12.3125, 9.625], "texture": "#0"},
				"south": {"uv": [3.1875, 7.25, 3.5, 7.625], "texture": "#0"},
				"west": {"uv": [3.1875, 7.25, 3.5, 7.625], "texture": "#0"},
				"up": {"uv": [3.125, 7.3125, 2.8125, 7], "texture": "#0"},
				"down": {"uv": [2.8125, 7, 2.5, 7.3125], "texture": "#0"}
			}
		},
		{
			"from": [12.4, 28.5, 4.3],
			"to": [13.8, 29.7, 5.7],
			"faces": {
				"north": {"uv": [3.125, 8.3125, 3.5, 8.625], "texture": "#0"},
				"east": {"uv": [0, 7, 0.375, 7.3125], "texture": "#0"},
				"south": {"uv": [3.125, 7.625, 3.5, 7.9375], "texture": "#0"},
				"west": {"uv": [0, 7, 0.375, 7.3125], "texture": "#0"},
				"up": {"uv": [3.5, 6.875, 3.125, 6.5], "texture": "#0"},
				"down": {"uv": [3.5, 6.875, 3.125, 7.25], "texture": "#0"}
			}
		},
		{
			"from": [12.5, 28.3, 4.4],
			"to": [13.7, 29.9, 5.6],
			"faces": {
				"north": {"uv": [3.1875, 7.25, 3.5, 7.625], "texture": "#0"},
				"east": {"uv": [12, 9.25, 12.3125, 9.625], "texture": "#0"},
				"south": {"uv": [3.1875, 7.25, 3.5, 7.625], "texture": "#0"},
				"west": {"uv": [3.1875, 7.25, 3.5, 7.625], "texture": "#0"},
				"up": {"uv": [3.125, 7.3125, 2.8125, 7], "texture": "#0"},
				"down": {"uv": [2.8125, 7, 2.5, 7.3125], "texture": "#0"}
			}
		},
		{
			"from": [13, 16, 9],
			"to": [14, 32, 10],
			"faces": {
				"north": {"uv": [12.25, 0, 12, 4], "texture": "#0"},
				"south": {"uv": [12, 4, 12.25, 8], "texture": "#0"},
				"west": {"uv": [12, 0, 12.25, 4], "texture": "#0"},
				"up": {"uv": [0.75, 7.25, 0.5, 7], "texture": "#0"}
			}
		},
		{
			"from": [0, 0, 0],
			"to": [16, 2, 16],
			"faces": {
				"north": {"uv": [4, 7, 3.5, 11], "rotation": 90, "texture": "#0"},
				"east": {"uv": [4, 11, 3.5, 7], "rotation": 90, "texture": "#0"},
				"south": {"uv": [4, 7, 3.5, 11], "rotation": 90, "texture": "#0"},
				"west": {"uv": [4, 11, 3.5, 7], "rotation": 90, "texture": "#0"},
				"up": {"uv": [4, 4, 0, 0], "texture": "#0"},
				"down": {"uv": [4, 0, 0, 4], "texture": "#0"}
			}
		},
		{
			"from": [2, 2, 2],
			"to": [14, 14, 14],
			"faces": {
				"north": {"uv": [7.5, 0, 10.5, 3], "texture": "#0"},
				"east": {"uv": [7.5, 3, 10.5, 6], "texture": "#0"},
				"south": {"uv": [0, 4, 3, 7], "texture": "#0"},
				"west": {"uv": [9, 6, 12, 9], "texture": "#0"}
			}
		}
	],
	"gui_light": "front",
	"display": {
		"thirdperson_righthand": {
			"scale": [0.6, 0.6, 0.6]
		},
		"thirdperson_lefthand": {
			"scale": [0.5, 0.5, 0.5]
		},
		"firstperson_righthand": {
			"scale": [0.6, 0.6, 0.6]
		},
		"firstperson_lefthand": {
			"rotation": [0, 180, 0],
			"scale": [0.6, 0.6, 0.6]
		},
		"ground": {
			"translation": [0, 4.75, 0]
		},
		"gui": {
			"rotation": [0, 90, 0],
			"translation": [0, -4, 0],
			"scale": [0.5, 0.5, 0.5]
		},
		"head": {
			"rotation": [0, -90, 0],
			"translation": [0, -31.25, 0],
			"scale": [1.5, 1.5, 1.5]
		},
		"fixed": {
			"rotation": [180, -90, 180]
		}
	},
	"groups": [
		{
			"name": "group",
			"origin": [0, 0, 0],
			"color": 0,
			"children": [
				0,
				1,
				2,
				3,
				4,
				5,
				6,
				7,
				8,
				9,
				10,
				11,
				12,
				13,
				14,
				15,
				16,
				17,
				18,
				19,
				20,
				21,
				22,
				23,
				24,
				25,
				26,
				27,
				28,
				29,
				30,
				31,
				32,
				33,
				34,
				35,
				36,
				37,
				38,
				39,
				40,
				41,
				42,
				43,
				44,
				45,
				46,
				47,
				48,
				49,
				50,
				51,
				52,
				53,
				54,
				55,
				56,
				57,
				58,
				59,
				60,
				61,
				62,
				63,
				64,
				65,
				66,
				67,
				68,
				69,
				70,
				71,
				72,
				73,
				74,
				75,
				76,
				77,
				78,
				79,
				80,
				81,
				82,
				83,
				84,
				85,
				86,
				87,
				88,
				89,
				90,
				91,
				92
			]
		}
	]
}