{
	"credit": "Made with Blockbench",
	"texture_size": [256, 256],
	"textures": {
		"0": "item/blocks/minesweeper",
		"1": "item/blocks/minesweeper_anim",
		"particle": "item/blocks/minesweeper"
	},
	"elements": [
		{
			"from": [2, 14, 4],
			"to": [14, 32, 4],
			"rotation": {"angle": 0, "axis": "y", "origin": [1, 22, 1]},
			"faces": {
				"north": {"uv": [0, 0, 6, 9], "texture": "#1"}
			}
		},
		{
			"from": [1, 0, 1],
			"to": [15, 2, 15],
			"rotation": {"angle": 0, "axis": "y", "origin": [1, 0, 1]},
			"faces": {
				"north": {"uv": [0, 8, 3.5, 8.5], "texture": "#0"},
				"east": {"uv": [0, 8, 3.5, 8.5], "texture": "#0"},
				"south": {"uv": [0, 8, 3.5, 8.5], "texture": "#0"},
				"west": {"uv": [0, 8, 3.5, 8.5], "texture": "#0"},
				"up": {"uv": [9.5, 3.5, 6, 0], "texture": "#0"},
				"down": {"uv": [9.5, 0, 6, 3.5], "texture": "#0"}
			}
		},
		{
			"from": [1, 12, 1],
			"to": [15, 14, 15],
			"rotation": {"angle": 0, "axis": "y", "origin": [1, 12, 1]},
			"faces": {
				"north": {"uv": [3.5, 7.25, 7, 7.75], "texture": "#0"},
				"east": {"uv": [3.5, 7.25, 7, 7.75], "texture": "#0"},
				"south": {"uv": [3.5, 7.25, 7, 7.75], "texture": "#0"},
				"west": {"uv": [3.5, 7.25, 7, 7.75], "texture": "#0"},
				"up": {"uv": [3.5, 8, 0, 4.5], "texture": "#0"},
				"down": {"uv": [3.5, 4.5, 0, 8], "texture": "#0"}
			}
		},
		{
			"from": [2, 2, 3],
			"to": [14, 12, 15],
			"rotation": {"angle": 0, "axis": "y", "origin": [1, 2, 1]},
			"faces": {
				"north": {"uv": [3.5, 4.5, 6.5, 7], "texture": "#0"},
				"east": {"uv": [0, 0, 3, 2.5], "texture": "#0"},
				"south": {"uv": [0, 0, 3, 2.5], "texture": "#0"},
				"west": {"uv": [0, 0, 3, 2.5], "texture": "#0"}
			}
		},
		{
			"from": [2, 14, 4],
			"to": [14, 32, 15],
			"rotation": {"angle": 0, "axis": "y", "origin": [1, 22, 1]},
			"faces": {
				"east": {"uv": [3.125, 0, 5.875, 4.5], "texture": "#0"},
				"south": {"uv": [3, 0, 6, 4.5], "texture": "#0"},
				"west": {"uv": [3.125, 0, 5.875, 4.5], "texture": "#0"},
				"up": {"uv": [9.5, 7.25, 6.5, 4.5], "texture": "#0"}
			}
		},
		{
			"from": [13, 14, 2],
			"to": [14, 32, 4],
			"rotation": {"angle": 0, "axis": "y", "origin": [1, 22, -10]},
			"faces": {
				"north": {"uv": [3.5, 8.25, 8, 8.5], "rotation": 90, "texture": "#0"},
				"east": {"uv": [3.5, 8.25, 8, 7.75], "rotation": 90, "texture": "#0"},
				"west": {"uv": [3.5, 7.75, 8, 8.25], "rotation": 90, "texture": "#0"}
			}
		},
		{
			"from": [11, 2, 2],
			"to": [12, 12, 3],
			"rotation": {"angle": 0, "axis": "y", "origin": [-1, 10, -10]},
			"faces": {
				"north": {"uv": [7, 7.5, 9.5, 7.75], "rotation": 90, "texture": "#0"},
				"east": {"uv": [7, 7.5, 9.5, 7.25], "rotation": 90, "texture": "#0"},
				"west": {"uv": [7, 7.25, 9.5, 7.5], "rotation": 90, "texture": "#0"}
			}
		},
		{
			"from": [4, 2, 2],
			"to": [5, 12, 3],
			"rotation": {"angle": 0, "axis": "y", "origin": [-8, 10, -10]},
			"faces": {
				"north": {"uv": [7, 7.5, 9.5, 7.75], "rotation": 90, "texture": "#0"},
				"east": {"uv": [7, 7.5, 9.5, 7.25], "rotation": 90, "texture": "#0"},
				"west": {"uv": [7, 7.25, 9.5, 7.5], "rotation": 90, "texture": "#0"}
			}
		},
		{
			"from": [2, 22.44365, 12.58579],
			"to": [14, 26.44365, 15.58579],
			"rotation": {"angle": -45, "axis": "x", "origin": [0, 16.44365, 0.58579]},
			"faces": {
				"north": {"uv": [6, 3.5, 9, 4.5], "texture": "#0"},
				"east": {"uv": [8.5, 8.5, 9.5, 7.75], "rotation": 90, "texture": "#0"},
				"south": {"uv": [0, 2.5, 3, 3.5], "texture": "#0"},
				"west": {"uv": [8.5, 7.75, 9.5, 8.5], "rotation": 90, "texture": "#0"},
				"up": {"uv": [3, 4.25, 0, 3.5], "texture": "#0"}
			}
		},
		{
			"from": [2, 14, 2],
			"to": [3, 32, 4],
			"rotation": {"angle": 0, "axis": "y", "origin": [-10, 22, -10]},
			"faces": {
				"north": {"uv": [3.5, 8.5, 8, 8.25], "rotation": 90, "texture": "#0"},
				"east": {"uv": [8, 8.25, 3.5, 7.75], "rotation": 90, "texture": "#0"},
				"west": {"uv": [3.5, 7.75, 8, 8.25], "rotation": 90, "texture": "#0"}
			}
		}
	],
	"gui_light": "front",
	"display": {
		"thirdperson_righthand": {
			"rotation": [67, 0, 0],
			"scale": [0.5, 0.5, 0.5]
		},
		"thirdperson_lefthand": {
			"rotation": [67, 0, 0],
			"scale": [0.5, 0.5, 0.5]
		},
		"firstperson_righthand": {
			"rotation": [0, 180, 0],
			"scale": [0.5, 0.5, 0.5]
		},
		"firstperson_lefthand": {
			"rotation": [0, 180, 0],
			"scale": [0.5, 0.5, 0.5]
		},
		"ground": {
			"translation": [0, 4.5, 0]
		},
		"gui": {
			"rotation": [0, 180, 0],
			"translation": [0, -4.25, 0],
			"scale": [0.46, 0.46, 0.46]
		},
		"head": {
			"translation": [0, -31.25, 0],
			"scale": [1.5, 1.5, 1.5]
		},
		"fixed": {
			"translation": [0, -1.5, 0]
		}
	},
	"groups": [
		0,
		{
			"name": "group",
			"origin": [-10, 22, -10],
			"color": 0,
			"children": [1, 2, 3, 4, 5, 6, 7, 8, 9]
		}
	]
}