{
	"credit": "Made with Blockbench",
	"texture_size": [256, 256],
	"textures": {
		"0": "item/blocks/pyramid",
		"1": "item/blocks/pyramid_anim",
		"particle": "item/blocks/pyramid"
	},
	"elements": [
		{
			"from": [2, 18, 14],
			"to": [14, 31, 14],
			"rotation": {"angle": -22.5, "axis": "x", "origin": [0, 0, 0]},
			"faces": {
				"north": {"uv": [0, 7, 6, 13.5], "texture": "#1"}
			}
		},
		{
			"from": [2, 9, 6],
			"to": [14, 23, 6],
			"faces": {
				"north": {"uv": [0, 0, 6, 7], "texture": "#1"}
			}
		},
		{
			"from": [1, 0, 2],
			"to": [15, 8, 15],
			"faces": {
				"north": {"uv": [9.8125, 9.75, 13.3125, 11.75], "texture": "#0"},
				"east": {"uv": [6.75, 9.75, 10, 11.75], "texture": "#0"},
				"south": {"uv": [9.25, 0, 12.75, 2], "texture": "#0"},
				"west": {"uv": [3.5, 9.75, 6.75, 11.75], "texture": "#0"},
				"down": {"uv": [3.5, 0, 0, 3.25], "texture": "#0"}
			}
		},
		{
			"from": [1, 9, 6],
			"to": [15, 32, 15],
			"faces": {
				"east": {"uv": [7, 0, 9.25, 5.75], "texture": "#0"},
				"south": {"uv": [3.5, 0, 7, 5.75], "texture": "#0"},
				"west": {"uv": [9.25, 0, 7, 5.75], "texture": "#0"},
				"up": {"uv": [3.5, 5.5, 0, 3.25], "texture": "#0"}
			}
		},
		{
			"from": [1, 9, 5],
			"to": [2, 22, 6],
			"faces": {
				"north": {"uv": [8.6875, 5.75, 8.9375, 9.75], "texture": "#0"},
				"east": {"uv": [8, 5.75, 8.25, 9.75], "texture": "#0"},
				"west": {"uv": [8.25, 5.75, 8.5, 9.75], "texture": "#0"}
			}
		},
		{
			"from": [14, 9, 5],
			"to": [15, 22, 6],
			"faces": {
				"north": {"uv": [8.5, 5.75, 8.75, 9.75], "texture": "#0"},
				"east": {"uv": [9, 5.75, 9.25, 9.75], "texture": "#0"},
				"west": {"uv": [9.25, 5.75, 9.5, 9.75], "texture": "#0"}
			}
		},
		{
			"from": [1, 18, 14],
			"to": [15, 32, 19],
			"rotation": {"angle": -22.5, "axis": "x", "origin": [0, 0, 0]},
			"faces": {
				"east": {"uv": [12.25, 5.75, 11, 9.25], "texture": "#0"},
				"south": {"uv": [0, 9.75, 3.5, 13.25], "texture": "#0"},
				"west": {"uv": [11, 5.75, 12.25, 9.25], "texture": "#0"},
				"up": {"uv": [12.75, 3.25, 9.25, 2], "texture": "#0"}
			}
		},
		{
			"from": [2, 31, 13],
			"to": [14, 32, 14],
			"rotation": {"angle": -22.5, "axis": "x", "origin": [0, 0, 0]},
			"faces": {
				"north": {"uv": [10.25, 3.5, 13.25, 3.75], "texture": "#0"},
				"up": {"uv": [13.25, 4, 10.25, 3.75], "texture": "#0"},
				"down": {"uv": [13.25, 4, 10.25, 4.25], "texture": "#0"}
			}
		},
		{
			"from": [1, 18, 13],
			"to": [2, 32, 14],
			"rotation": {"angle": -22.5, "axis": "x", "origin": [0, 0, 0]},
			"faces": {
				"north": {"uv": [9.5, 5.75, 9.75, 9.25], "texture": "#0"},
				"east": {"uv": [9.75, 5.75, 10, 9.25], "texture": "#0"},
				"west": {"uv": [10, 5.75, 10.25, 9.25], "texture": "#0"},
				"up": {"uv": [11.5, 4.75, 11.25, 4.5], "texture": "#0"}
			}
		},
		{
			"from": [14, 18, 13],
			"to": [15, 32, 14],
			"rotation": {"angle": -22.5, "axis": "x", "origin": [0, 0, 0]},
			"faces": {
				"north": {"uv": [10.25, 5.75, 10.5, 9.25], "texture": "#0"},
				"east": {"uv": [10.5, 5.75, 10.75, 9.25], "texture": "#0"},
				"west": {"uv": [10.75, 5.75, 11, 9.25], "texture": "#0"},
				"up": {"uv": [11.75, 4.75, 11.5, 4.5], "texture": "#0"}
			}
		},
		{
			"from": [0, 8, -1],
			"to": [16, 9, 15],
			"faces": {
				"north": {"uv": [9.25, 3.25, 13.25, 3.5], "texture": "#0"},
				"east": {"uv": [9.25, 3.25, 13.25, 3.5], "texture": "#0"},
				"south": {"uv": [9.25, 3.25, 13.25, 3.5], "texture": "#0"},
				"west": {"uv": [9.25, 3.25, 13.25, 3.5], "texture": "#0"},
				"up": {"uv": [4, 9.75, 0, 5.75], "texture": "#0"},
				"down": {"uv": [8, 9.75, 4, 5.75], "texture": "#0"}
			}
		},
		{
			"from": [2, 9, 0],
			"to": [6, 10, 4],
			"faces": {
				"north": {"uv": [9.25, 4.5, 10.25, 4.75], "texture": "#0"},
				"east": {"uv": [9.25, 4.5, 10.25, 4.75], "texture": "#0"},
				"south": {"uv": [9.25, 4.5, 10.25, 4.75], "texture": "#0"},
				"west": {"uv": [9.25, 4.5, 10.25, 4.75], "texture": "#0"},
				"up": {"uv": [10.25, 4.5, 9.25, 3.5], "texture": "#0"}
			}
		},
		{
			"from": [11.9, 9, 0.9],
			"to": [14.1, 9.5, 3.1],
			"faces": {
				"north": {"uv": [10.9375, 5.3125, 11.5, 5.4375], "texture": "#0"},
				"east": {"uv": [10.9375, 5.5625, 11.5, 5.6875], "texture": "#0"},
				"south": {"uv": [10.9375, 5.5625, 11.5, 5.6875], "texture": "#0"},
				"west": {"uv": [10.9375, 5.3125, 11.5, 5.4375], "texture": "#0"},
				"up": {"uv": [11.0625, 5.3125, 10.5, 4.75], "texture": "#0"}
			}
		},
		{
			"from": [9.1, 9.5, 1.1],
			"to": [10.9, 9.7, 2.9],
			"faces": {
				"north": {"uv": [11.25, 4.25, 11.6875, 4.3125], "texture": "#0"},
				"east": {"uv": [11.25, 4.3125, 11.6875, 4.375], "texture": "#0"},
				"south": {"uv": [11.25, 4.4375, 11.6875, 4.5], "texture": "#0"},
				"west": {"uv": [11.25, 4.375, 11.6875, 4.4375], "texture": "#0"},
				"up": {"uv": [11.25, 4.6875, 10.8125, 4.25], "texture": "#0"}
			}
		},
		{
			"from": [8.9, 9, 0.9],
			"to": [11.1, 9.5, 3.1],
			"faces": {
				"north": {"uv": [10.25, 4.375, 10.8125, 4.5], "texture": "#0"},
				"east": {"uv": [10.25, 4.5, 10.8125, 4.625], "texture": "#0"},
				"south": {"uv": [10.25, 4.5625, 10.8125, 4.6875], "texture": "#0"},
				"west": {"uv": [10.25, 4.25, 10.8125, 4.375], "texture": "#0"},
				"up": {"uv": [11.625, 5.3125, 11.0625, 4.75], "texture": "#0"}
			}
		},
		{
			"from": [12.1, 9.5, 1.1],
			"to": [13.9, 9.7, 2.9],
			"faces": {
				"north": {"uv": [9.25, 5.5, 9.6875, 5.5625], "texture": "#0"},
				"east": {"uv": [9.25, 5.625, 9.6875, 5.6875], "texture": "#0"},
				"south": {"uv": [9.25, 5.625, 9.6875, 5.6875], "texture": "#0"},
				"west": {"uv": [9.25, 5.5, 9.6875, 5.5625], "texture": "#0"},
				"up": {"uv": [10.9375, 5.75, 10.5, 5.3125], "texture": "#0"}
			}
		},
		{
			"from": [3.5, 9, 1.5],
			"to": [4.5, 12, 2.5],
			"faces": {
				"north": {"uv": [12.25, 6.5, 12.5, 7.25], "texture": "#0"},
				"east": {"uv": [12.25, 6.5, 12.5, 7.25], "texture": "#0"},
				"south": {"uv": [12.25, 6.5, 12.5, 7.25], "texture": "#0"},
				"west": {"uv": [12.25, 6.5, 12.5, 7.25], "texture": "#0"}
			}
		},
		{
			"from": [3, 12, 1],
			"to": [5, 14, 3],
			"faces": {
				"north": {"uv": [12.75, 9.25, 13.25, 9.75], "texture": "#0"},
				"east": {"uv": [12.25, 7.25, 12.75, 7.75], "texture": "#0"},
				"south": {"uv": [12.25, 7.75, 12.75, 8.25], "texture": "#0"},
				"west": {"uv": [12.25, 8.25, 12.75, 8.75], "texture": "#0"},
				"up": {"uv": [12.75, 9.25, 12.25, 8.75], "texture": "#0"},
				"down": {"uv": [12.75, 9.25, 12.25, 9.75], "texture": "#0"}
			}
		},
		{
			"from": [2.8, 12.3, 0.8],
			"to": [5.2, 13.7, 3.2],
			"faces": {
				"north": {"uv": [11.375, 9.25, 12, 9.625], "texture": "#0"},
				"east": {"uv": [10.75, 9.25, 11.375, 9.625], "texture": "#0"},
				"south": {"uv": [10.125, 9.25, 10.75, 9.625], "texture": "#0"},
				"west": {"uv": [9.5, 9.25, 10.125, 9.625], "texture": "#0"},
				"up": {"uv": [9.875, 5.375, 9.25, 4.75], "texture": "#0"},
				"down": {"uv": [10.5, 4.75, 9.875, 5.375], "texture": "#0"}
			}
		}
	],
	"gui_light": "front",
	"display": {
		"thirdperson_righthand": {
			"rotation": [78, 0, 0],
			"scale": [0.53, 0.53, 0.53]
		},
		"thirdperson_lefthand": {
			"rotation": [78, 0, 0],
			"scale": [0.53, 0.53, 0.53]
		},
		"firstperson_righthand": {
			"rotation": [0, 180, 0],
			"scale": [0.53, 0.53, 0.53]
		},
		"firstperson_lefthand": {
			"rotation": [0, 180, 0],
			"scale": [0.53, 0.53, 0.53]
		},
		"ground": {
			"translation": [0, 4.25, 0]
		},
		"gui": {
			"rotation": [0, 180, 0],
			"translation": [0, -4.5, 0],
			"scale": [0.42, 0.42, 0.42]
		},
		"head": {
			"translation": [0, -31, 0],
			"scale": [1.51, 1.51, 1.51]
		}
	},
	"groups": [
		0,
		1,
		{
			"name": "group",
			"origin": [0, 0, 0],
			"color": 0,
			"children": [2, 3, 4, 5, 6, 7, 8, 9, 10, 11, 12, 13, 14, 15, 16, 17, 18]
		}
	]
}