{
	"credit": "Made with Blockbench",
	"texture_size": [256, 256],
	"textures": {
		"0": "item/blocks/races",
		"particle": "item/blocks/races"
	},
	"elements": [
		{
			"from": [1, 0, 1],
			"to": [15, 1, 15],
			"faces": {
				"north": {"uv": [0, 4, 3.5, 4.25], "texture": "#0"},
				"east": {"uv": [0, 4, 3.5, 4.25], "texture": "#0"},
				"south": {"uv": [0, 4, 3.5, 4.25], "texture": "#0"},
				"west": {"uv": [0, 4, 3.5, 4.25], "texture": "#0"},
				"up": {"uv": [10.5, 3.5, 7, 0], "texture": "#0"},
				"down": {"uv": [10.5, 0, 7, 3.5], "texture": "#0"}
			}
		},
		{
			"from": [2, 1, 3],
			"to": [14, 1.5, 5],
			"faces": {
				"north": {"uv": [3.5, 4, 3.625, 4.125], "texture": "#0"},
				"east": {"uv": [3.5, 4, 3.625, 4.125], "texture": "#0"},
				"west": {"uv": [3.5, 4, 3.625, 4.125], "texture": "#0"},
				"up": {"uv": [3, 4.75, 0, 4.25], "texture": "#0"},
				"down": {"uv": [3, 4.25, 0, 4.75], "texture": "#0"}
			}
		},
		{
			"from": [2, 1, 5],
			"to": [14, 14, 15],
			"faces": {
				"north": {"uv": [4, 3.75, 7, 7], "texture": "#0"},
				"east": {"uv": [7.5, 6.75, 10, 10], "texture": "#0"},
				"south": {"uv": [7, 3.5, 10, 6.75], "texture": "#0"},
				"west": {"uv": [10, 6.75, 7.5, 10], "texture": "#0"}
			}
		},
		{
			"from": [14, 11, 6],
			"to": [15, 11.4, 21],
			"rotation": {"angle": -22.5, "axis": "x", "origin": [0, 0, 0]},
			"faces": {
				"north": {"uv": [3.5, 4.125, 3.625, 4.25], "texture": "#0"},
				"east": {"uv": [3.5, 4.125, 3.625, 4.25], "texture": "#0"},
				"south": {"uv": [3.5, 4.125, 3.625, 4.25], "texture": "#0"},
				"west": {"uv": [3.5, 4, 3.625, 4.125], "texture": "#0"},
				"up": {"uv": [4, 7.5, 3.75, 3.75], "texture": "#0"}
			}
		},
		{
			"from": [1, 11, 6],
			"to": [2, 11.4, 21],
			"rotation": {"angle": -22.5, "axis": "x", "origin": [0, 0, 0]},
			"faces": {
				"north": {"uv": [3.5, 4.125, 3.625, 4.25], "texture": "#0"},
				"east": {"uv": [3.5, 4, 3.625, 4.125], "texture": "#0"},
				"south": {"uv": [3.5, 4.125, 3.625, 4.25], "texture": "#0"},
				"west": {"uv": [3.5, 4.125, 3.625, 4.25], "texture": "#0"},
				"up": {"uv": [3.75, 7.5, 4, 3.75], "texture": "#0"}
			}
		},
		{
			"from": [2, 11, 20],
			"to": [14, 11.4, 21],
			"rotation": {"angle": -22.5, "axis": "x", "origin": [0, 0, 0]},
			"faces": {
				"north": {"uv": [3.5, 4, 3.625, 4.125], "texture": "#0"},
				"south": {"uv": [3.5, 4.125, 3.625, 4.25], "texture": "#0"},
				"up": {"uv": [4, 7.25, 3.75, 4.25], "rotation": 90, "texture": "#0"}
			}
		},
		{
			"from": [2, 11, 6],
			"to": [14, 11.4, 7],
			"rotation": {"angle": -22.5, "axis": "x", "origin": [0, 0, 0]},
			"faces": {
				"north": {"uv": [3.5, 4.125, 3.625, 4.25], "texture": "#0"},
				"south": {"uv": [3.5, 4, 3.625, 4.125], "texture": "#0"},
				"up": {"uv": [3.75, 7.1875, 4, 4.1875], "rotation": 90, "texture": "#0"}
			}
		},
		{
			"from": [2, 11, 9.6],
			"to": [14, 11.2, 10],
			"rotation": {"angle": -22.5, "axis": "x", "origin": [0, 0, 0]},
			"faces": {
				"north": {"uv": [3.5, 4, 3.625, 4.125], "texture": "#0"},
				"south": {"uv": [3.5, 4, 3.625, 4.125], "texture": "#0"},
				"up": {"uv": [3.625, 4.125, 3.5, 4], "texture": "#0"},
				"down": {"uv": [3.625, 4, 3.5, 4.125], "texture": "#0"}
			}
		},
		{
			"from": [11.7, 11, 7.4],
			"to": [13.3, 11.2, 9],
			"rotation": {"angle": -22.5, "axis": "x", "origin": [0, 0, 0]},
			"faces": {
				"north": {"uv": [1.3125, 6, 1.6875, 6.0625], "texture": "#0"},
				"east": {"uv": [1.3125, 5.9375, 1.6875, 6], "texture": "#0"},
				"south": {"uv": [1.3125, 5.9375, 1.6875, 6], "texture": "#0"},
				"west": {"uv": [1.3125, 5.875, 1.6875, 5.9375], "texture": "#0"},
				"up": {"uv": [0.375, 6.25, 0, 5.875], "texture": "#0"}
			}
		},
		{
			"from": [11.9, 11, 7.6],
			"to": [13.1, 11.4, 8.8],
			"rotation": {"angle": -22.5, "axis": "x", "origin": [0, 0, 0]},
			"faces": {
				"north": {"uv": [0.6875, 5.875, 1, 6], "texture": "#0"},
				"east": {"uv": [1, 5.875, 1.3125, 6], "texture": "#0"},
				"south": {"uv": [1, 5.875, 1.3125, 6], "texture": "#0"},
				"west": {"uv": [1, 6, 1.3125, 6.125], "texture": "#0"},
				"up": {"uv": [0.6875, 6.1875, 0.375, 5.875], "texture": "#0"}
			}
		},
		{
			"from": [9.7, 11, 7.4],
			"to": [11.3, 11.2, 9],
			"rotation": {"angle": -22.5, "axis": "x", "origin": [0, 0, 0]},
			"faces": {
				"north": {"uv": [1.3125, 6.375, 1.6875, 6.4375], "texture": "#0"},
				"east": {"uv": [1.3125, 6.3125, 1.6875, 6.375], "texture": "#0"},
				"south": {"uv": [1.3125, 6.3125, 1.6875, 6.375], "texture": "#0"},
				"west": {"uv": [1.3125, 6.25, 1.6875, 6.3125], "texture": "#0"},
				"up": {"uv": [0.375, 6.625, 0, 6.25], "texture": "#0"}
			}
		},
		{
			"from": [7.9, 11, 7.6],
			"to": [9.1, 11.4, 8.8],
			"rotation": {"angle": -22.5, "axis": "x", "origin": [0, 0, 0]},
			"faces": {
				"north": {"uv": [0.6875, 6.625, 1, 6.75], "texture": "#0"},
				"east": {"uv": [1, 6.625, 1.3125, 6.75], "texture": "#0"},
				"south": {"uv": [1, 6.625, 1.3125, 6.75], "texture": "#0"},
				"west": {"uv": [1, 6.75, 1.3125, 6.875], "texture": "#0"},
				"up": {"uv": [0.6875, 6.9375, 0.375, 6.625], "texture": "#0"}
			}
		},
		{
			"from": [7.7, 11, 7.4],
			"to": [9.3, 11.2, 9],
			"rotation": {"angle": -22.5, "axis": "x", "origin": [0, 0, 0]},
			"faces": {
				"north": {"uv": [1.3125, 6.75, 1.6875, 6.8125], "texture": "#0"},
				"east": {"uv": [1.3125, 6.6875, 1.6875, 6.75], "texture": "#0"},
				"south": {"uv": [1.3125, 6.6875, 1.6875, 6.75], "texture": "#0"},
				"west": {"uv": [1.3125, 6.625, 1.6875, 6.6875], "texture": "#0"},
				"up": {"uv": [0.375, 7, 0, 6.625], "texture": "#0"}
			}
		},
		{
			"from": [2.7, 11, 8.8],
			"to": [4.3, 11.1, 9],
			"rotation": {"angle": -22.5, "axis": "x", "origin": [0, 0, 0]},
			"faces": {
				"north": {"uv": [3.5, 4, 3.625, 4.125], "texture": "#0"},
				"east": {"uv": [3.5, 4, 3.625, 4.125], "texture": "#0"},
				"south": {"uv": [3.5, 4, 3.625, 4.125], "texture": "#0"},
				"west": {"uv": [3.5, 4, 3.625, 4.125], "texture": "#0"},
				"up": {"uv": [3.625, 4.125, 3.5, 4], "texture": "#0"},
				"down": {"uv": [3.625, 4, 3.5, 4.125], "texture": "#0"}
			}
		},
		{
			"from": [2.7, 11, 8.3],
			"to": [4.3, 11.1, 8.5],
			"rotation": {"angle": -22.5, "axis": "x", "origin": [0, 0, 0]},
			"faces": {
				"north": {"uv": [3.5, 4, 3.625, 4.125], "texture": "#0"},
				"east": {"uv": [3.5, 4, 3.625, 4.125], "texture": "#0"},
				"south": {"uv": [3.5, 4, 3.625, 4.125], "texture": "#0"},
				"west": {"uv": [3.5, 4, 3.625, 4.125], "texture": "#0"},
				"up": {"uv": [3.625, 4.125, 3.5, 4], "texture": "#0"}
			}
		},
		{
			"from": [4.1, 11, 8.5],
			"to": [4.3, 11.1, 8.8],
			"rotation": {"angle": -22.5, "axis": "x", "origin": [0, 0, 0]},
			"faces": {
				"north": {"uv": [3.5, 4, 3.625, 4.125], "texture": "#0"},
				"east": {"uv": [3.5, 4, 3.625, 4.125], "texture": "#0"},
				"west": {"uv": [3.5, 4, 3.625, 4.125], "texture": "#0"},
				"up": {"uv": [3.625, 4.125, 3.5, 4], "texture": "#0"},
				"down": {"uv": [3.625, 4, 3.5, 4.125], "texture": "#0"}
			}
		},
		{
			"from": [2.7, 11, 8.5],
			"to": [2.9, 11.1, 8.8],
			"rotation": {"angle": -22.5, "axis": "x", "origin": [0, 0, 0]},
			"faces": {
				"east": {"uv": [3.5, 4, 3.625, 4.125], "texture": "#0"},
				"south": {"uv": [3.5, 4, 3.625, 4.125], "texture": "#0"},
				"west": {"uv": [3.5, 4, 3.625, 4.125], "texture": "#0"},
				"up": {"uv": [3.625, 4.125, 3.5, 4], "texture": "#0"},
				"down": {"uv": [3.625, 4, 3.5, 4.125], "texture": "#0"}
			}
		},
		{
			"from": [9.9, 11, 7.6],
			"to": [11.1, 11.4, 8.8],
			"rotation": {"angle": -22.5, "axis": "x", "origin": [0, 0, 0]},
			"faces": {
				"north": {"uv": [0.6875, 6.25, 1, 6.375], "texture": "#0"},
				"east": {"uv": [0.6875, 6.375, 1, 6.5], "texture": "#0"},
				"south": {"uv": [0.6875, 6.375, 1, 6.5], "texture": "#0"},
				"west": {"uv": [1, 6.375, 1.3125, 6.5], "texture": "#0"},
				"up": {"uv": [0.6875, 6.5625, 0.375, 6.25], "texture": "#0"}
			}
		},
		{
			"from": [1, 10, 6],
			"to": [15, 11, 21],
			"rotation": {"angle": -22.5, "axis": "x", "origin": [0, 0, 0]},
			"faces": {
				"north": {"uv": [0, 3.75, 3.5, 4], "texture": "#0"},
				"east": {"uv": [0, 3.75, 3.75, 4], "texture": "#0"},
				"south": {"uv": [0, 3.75, 3.5, 4], "texture": "#0"},
				"west": {"uv": [0, 3.75, 3.75, 4], "texture": "#0"},
				"up": {"uv": [3.5, 3.75, 0, 0], "texture": "#0"},
				"down": {"uv": [7, 0, 3.5, 3.75], "texture": "#0"}
			}
		},
		{
			"from": [1.5, 9, 6.5],
			"to": [14.5, 10, 20.5],
			"rotation": {"angle": -22.5, "axis": "x", "origin": [0, 0, 0]},
			"faces": {
				"north": {"uv": [0, 4.75, 3.25, 5], "texture": "#0"},
				"east": {"uv": [0, 4.75, 3.5, 5], "texture": "#0"},
				"south": {"uv": [0, 4.75, 3.25, 5], "texture": "#0"},
				"west": {"uv": [0, 4.75, 3.5, 5], "texture": "#0"},
				"down": {"uv": [6.75, 0, 3.5, 3.5], "texture": "#0"}
			}
		},
		{
			"from": [2, 7.52932, 9.4697],
			"to": [14, 9.32932, 19.4697],
			"rotation": {"angle": -22.5, "axis": "x", "origin": [0, -0.47068, 0.9697]},
			"faces": {
				"east": {"uv": [0, 5.4375, 2.5, 5.875], "texture": "#0"},
				"south": {"uv": [0, 5, 3, 5.4375], "texture": "#0"},
				"west": {"uv": [2.5, 5.4375, 0, 5.875], "texture": "#0"}
			}
		}
	],
	"gui_light": "front",
	"display": {
		"thirdperson_righthand": {
			"scale": [0.65, 0.65, 0.65]
		},
		"thirdperson_lefthand": {
			"scale": [0.65, 0.65, 0.65]
		},
		"firstperson_righthand": {
			"rotation": [-180, 0, -180],
			"scale": [0.65, 0.65, 0.65]
		},
		"firstperson_lefthand": {
			"rotation": [0, -180, 0],
			"scale": [0.65, 0.65, 0.65]
		},
		"ground": {
			"translation": [0, 4.5, 0]
		},
		"gui": {
			"rotation": [-107.75, 0, -180],
			"translation": [0, -0.5, 0],
			"scale": [0.83, 0.83, 0.83]
		},
		"head": {
			"translation": [0, -31.25, 0],
			"scale": [1.49, 1.49, 1.49]
		},
		"fixed": {
			"rotation": [-66.75, 0, 0]
		}
	},
	"groups": [
		{
			"name": "group",
			"origin": [0, -0.47068, 0.9697],
			"color": 0,
			"children": [0, 1, 2, 3, 4, 5, 6, 7, 8, 9, 10, 11, 12, 13, 14, 15, 16, 17, 18, 19, 20]
		}
	]
}