{
	"credit": "Made with Blockbench",
	"texture_size": [256, 256],
	"textures": {
		"0": "item/blocks/rockpaperscissors",
		"1": "item/blocks/rockpaperscissors_anim",
		"particle": "item/blocks/rockpaperscissors"
	},
	"elements": [
		{
			"from": [1, 27.5, 14],
			"to": [15, 32, 14],
			"faces": {
				"north": {"uv": [0, 0, 7, 2.25], "texture": "#1"}
			}
		},
		{
			"from": [2, 18, 14],
			"to": [14, 27, 14],
			"faces": {
				"north": {"uv": [0.5, 2.0625, 6.5, 6.5625], "texture": "#1"}
			}
		},
		{
			"from": [2, 13.08493, 5.46366],
			"to": [14, 22.08493, 5.46366],
			"rotation": {"angle": 22.5, "axis": "x", "origin": [0, -1.41507, 1.46366]},
			"faces": {
				"north": {"uv": [0.5, 6.125, 6.5, 10.625], "texture": "#1"}
			}
		},
		{
			"from": [0.5, 0, 7],
			"to": [2, 10, 16],
			"faces": {
				"north": {"uv": [8.875, 5, 9.25, 7.5], "texture": "#0"},
				"east": {"uv": [7, 2.5, 9.25, 5], "texture": "#0"},
				"south": {"uv": [8.875, 5, 9.25, 7.5], "texture": "#0"},
				"west": {"uv": [7, 2.5, 9.25, 5], "texture": "#0"},
				"down": {"uv": [7.5, 4.6875, 7.125, 4.9375], "texture": "#0"}
			}
		},
		{
			"from": [14, 0, 7],
			"to": [15.5, 10, 16],
			"faces": {
				"north": {"uv": [8.875, 5, 9.25, 7.5], "texture": "#0"},
				"east": {"uv": [7, 2.5, 9.25, 5], "texture": "#0"},
				"south": {"uv": [8.875, 5, 9.25, 7.5], "texture": "#0"},
				"west": {"uv": [7, 2.5, 9.25, 5], "texture": "#0"},
				"down": {"uv": [7.5, 4.6875, 7.125, 4.9375], "texture": "#0"}
			}
		},
		{
			"from": [2, 0, 14],
			"to": [14, 10, 16],
			"faces": {
				"south": {"uv": [7, 0, 10, 2.5], "texture": "#0"},
				"down": {"uv": [7.5625, 4.6875, 7.4375, 4.9375], "texture": "#0"}
			}
		},
		{
			"from": [2, 18, 14],
			"to": [14, 27, 16],
			"faces": {
				"south": {"uv": [0.4375, 3.1875, 3.4375, 5.4375], "texture": "#0"},
				"up": {"uv": [7.375, 4.9375, 7.125, 4.6875], "texture": "#0"}
			}
		},
		{
			"from": [3, 11, 14],
			"to": [5, 18, 15.5],
			"faces": {
				"north": {"uv": [9.25, 4.4375, 9.75, 6.1875], "texture": "#0"},
				"east": {"uv": [9.25, 4.4375, 9.75, 6.1875], "texture": "#0"},
				"south": {"uv": [9.25, 4.4375, 9.75, 6.1875], "texture": "#0"},
				"west": {"uv": [9.25, 4.4375, 9.75, 6.1875], "texture": "#0"}
			}
		},
		{
			"from": [11, 11, 14],
			"to": [13, 18, 15.5],
			"faces": {
				"north": {"uv": [9.25, 4.375, 9.75, 6.125], "texture": "#0"},
				"east": {"uv": [9.25, 4.375, 9.75, 6.125], "texture": "#0"},
				"south": {"uv": [9.25, 4.375, 9.75, 6.125], "texture": "#0"},
				"west": {"uv": [9.25, 4.375, 9.75, 6.125], "texture": "#0"}
			}
		},
		{
			"from": [1, 18, 13.7],
			"to": [2, 27, 16],
			"faces": {
				"north": {"uv": [3.375, 6, 3.625, 8.25], "texture": "#0"},
				"east": {"uv": [2.875, 6, 3.4375, 8.25], "texture": "#0"},
				"south": {"uv": [1.625, 3.25, 1.875, 5.5], "texture": "#0"},
				"west": {"uv": [3.625, 6, 3.0625, 8.25], "texture": "#0"},
				"up": {"uv": [3, 8.5, 3.5625, 8.75], "rotation": 90, "texture": "#0"}
			}
		},
		{
			"from": [14, 13.08493, 4.96366],
			"to": [15, 22.08493, 7.46366],
			"rotation": {"angle": 22.5, "axis": "x", "origin": [12, -1.41507, 1.46366]},
			"faces": {
				"north": {"uv": [4, 6, 3.75, 8.25], "texture": "#0"},
				"east": {"uv": [3, 6, 3.625, 8.25], "texture": "#0"},
				"south": {"uv": [1.625, 3.3125, 1.875, 5.5625], "texture": "#0"},
				"west": {"uv": [3.8125, 6, 3.1875, 8.25], "texture": "#0"}
			}
		},
		{
			"from": [14, 18, 13.7],
			"to": [15, 27, 16],
			"rotation": {"angle": 0, "axis": "y", "origin": [12, 0, 0]},
			"faces": {
				"north": {"uv": [4, 6, 3.75, 8.25], "texture": "#0"},
				"east": {"uv": [3.0625, 6, 3.625, 8.25], "texture": "#0"},
				"south": {"uv": [1.875, 3.25, 2.125, 5.5], "texture": "#0"},
				"west": {"uv": [3.4375, 6, 2.875, 8.25], "texture": "#0"},
				"up": {"uv": [3, 8.75, 3.5625, 8.5], "rotation": 90, "texture": "#0"}
			}
		},
		{
			"from": [1, 27.5, 14],
			"to": [15, 32, 16],
			"faces": {
				"east": {"uv": [3.0625, 6.375, 3.5625, 7.5], "texture": "#0"},
				"south": {"uv": [0.1875, 3.4375, 3.6875, 4.5625], "texture": "#0"},
				"west": {"uv": [3.5625, 6.375, 3.0625, 7.5], "texture": "#0"},
				"up": {"uv": [7.5, 6.5, 4, 6], "texture": "#0"},
				"down": {"uv": [7.5, 6.75, 4, 7.25], "texture": "#0"}
			}
		},
		{
			"from": [14, 27.5, 13.7],
			"to": [15, 32, 14],
			"faces": {
				"north": {"uv": [4, 6.375, 3.75, 7.5], "texture": "#0"},
				"east": {"uv": [3.9375, 6.375, 4, 7.5], "texture": "#0"},
				"west": {"uv": [3.75, 6.375, 3.8125, 7.5], "texture": "#0"},
				"up": {"uv": [3.75, 6.4375, 4, 6.375], "texture": "#0"},
				"down": {"uv": [4, 6.0625, 3.75, 6.125], "texture": "#0"}
			}
		},
		{
			"from": [1, 27.5, 13.7],
			"to": [2, 32, 14],
			"faces": {
				"north": {"uv": [3.75, 6.375, 4, 7.5], "texture": "#0"},
				"east": {"uv": [3.75, 6.375, 3.8125, 7.5], "texture": "#0"},
				"west": {"uv": [3.9375, 6.375, 4, 7.5], "texture": "#0"},
				"up": {"uv": [4, 6.1875, 3.75, 6.125], "texture": "#0"},
				"down": {"uv": [4, 6, 3.75, 6.0625], "texture": "#0"}
			}
		},
		{
			"from": [2, 31, 13.7],
			"to": [14, 32, 14],
			"faces": {
				"north": {"uv": [4.25, 6.5, 7.25, 6.75], "texture": "#0"},
				"up": {"uv": [7.25, 6.5625, 4.25, 6.5], "texture": "#0"},
				"down": {"uv": [7.25, 6.6875, 4.25, 6.75], "texture": "#0"}
			}
		},
		{
			"from": [5, 27, 14],
			"to": [11, 27.5, 16],
			"faces": {
				"north": {"uv": [1.5, 4.25, 3, 4.375], "texture": "#0"},
				"east": {"uv": [2, 4.0625, 2.5, 4.1875], "texture": "#0"},
				"south": {"uv": [1.125, 3.625, 2.625, 3.75], "texture": "#0"},
				"west": {"uv": [1.125, 3.5625, 1.625, 3.6875], "texture": "#0"}
			}
		},
		{
			"from": [2, 13.08493, 5.46366],
			"to": [14, 22.08493, 7.46366],
			"rotation": {"angle": 22.5, "axis": "x", "origin": [0, -1.41507, 1.46366]},
			"faces": {
				"south": {"uv": [0, 6, 3, 8.25], "texture": "#0"}
			}
		},
		{
			"from": [1, 13.08493, 4.96366],
			"to": [2, 22.08493, 7.46366],
			"rotation": {"angle": 22.5, "axis": "x", "origin": [0, -1.41507, 1.46366]},
			"faces": {
				"north": {"uv": [3.75, 6, 4, 8.25], "texture": "#0"},
				"east": {"uv": [3.1875, 6, 3.8125, 8.25], "texture": "#0"},
				"south": {"uv": [1.375, 3.1875, 1.625, 5.4375], "texture": "#0"},
				"west": {"uv": [3.625, 6, 3, 8.25], "texture": "#0"}
			}
		},
		{
			"from": [2, 0, 12],
			"to": [14, 1, 14],
			"faces": {
				"down": {"uv": [7.5, 4.6875, 7.125, 4.9375], "texture": "#0"}
			}
		},
		{
			"from": [0, 10, 4],
			"to": [16, 11, 16],
			"faces": {
				"north": {"uv": [0, 8.25, 4, 8.5], "texture": "#0"},
				"east": {"uv": [0, 8.5, 3, 8.75], "texture": "#0"},
				"south": {"uv": [0, 8.5, 2.25, 8.75], "texture": "#0"},
				"west": {"uv": [3, 8.5, 0, 8.75], "texture": "#0"},
				"up": {"uv": [4, 3, 0, 0], "texture": "#0"},
				"down": {"uv": [4, 3, 0, 6], "texture": "#0"}
			}
		},
		{
			"from": [11, 11, 5.5],
			"to": [14, 11.2, 8.5],
			"faces": {
				"north": {"uv": [9.375, 2.625, 9.4375, 2.6875], "texture": "#0"},
				"east": {"uv": [9.375, 2.625, 9.4375, 2.6875], "texture": "#0"},
				"south": {"uv": [9.375, 2.625, 9.4375, 2.6875], "texture": "#0"},
				"west": {"uv": [9.375, 2.625, 9.4375, 2.6875], "texture": "#0"},
				"up": {"uv": [9.5, 2.75, 9.375, 2.625], "texture": "#0"}
			}
		},
		{
			"from": [11.3, 11.2, 5.8],
			"to": [13.7, 11.7, 8.2],
			"faces": {
				"north": {"uv": [9.875, 3.125, 10, 3.75], "rotation": 270, "texture": "#0"},
				"east": {"uv": [9.875, 3.125, 10, 3.75], "rotation": 270, "texture": "#0"},
				"south": {"uv": [9.875, 3.125, 10, 3.75], "rotation": 270, "texture": "#0"},
				"west": {"uv": [9.875, 3.125, 10, 3.75], "rotation": 270, "texture": "#0"},
				"up": {"uv": [9.875, 3.75, 9.25, 3.125], "texture": "#0"}
			}
		},
		{
			"from": [2, 11, 5.5],
			"to": [5, 11.2, 8.5],
			"faces": {
				"north": {"uv": [9.375, 2.625, 9.4375, 2.6875], "texture": "#0"},
				"east": {"uv": [9.375, 2.625, 9.4375, 2.6875], "texture": "#0"},
				"south": {"uv": [9.375, 2.625, 9.4375, 2.6875], "texture": "#0"},
				"west": {"uv": [9.375, 2.625, 9.4375, 2.6875], "texture": "#0"},
				"up": {"uv": [9.4375, 2.6875, 9.375, 2.625], "texture": "#0"}
			}
		},
		{
			"from": [2.3, 11.2, 5.8],
			"to": [4.7, 11.7, 8.2],
			"faces": {
				"north": {"uv": [10, 2.5, 9.875, 3.125], "rotation": 90, "texture": "#0"},
				"east": {"uv": [9.875, 2.5, 10, 3.125], "rotation": 270, "texture": "#0"},
				"south": {"uv": [9.875, 2.5, 10, 3.125], "rotation": 270, "texture": "#0"},
				"west": {"uv": [9.875, 2.5, 10, 3.125], "rotation": 270, "texture": "#0"},
				"up": {"uv": [9.875, 3.125, 9.25, 2.5], "texture": "#0"}
			}
		},
		{
			"from": [6.5, 11, 5.5],
			"to": [9.5, 11.2, 8.5],
			"faces": {
				"north": {"uv": [9.375, 2.625, 9.4375, 2.6875], "texture": "#0"},
				"east": {"uv": [9.375, 2.625, 9.4375, 2.6875], "texture": "#0"},
				"south": {"uv": [9.375, 2.625, 9.4375, 2.6875], "texture": "#0"},
				"west": {"uv": [9.375, 2.625, 9.4375, 2.6875], "texture": "#0"},
				"up": {"uv": [9.4375, 2.6875, 9.375, 2.625], "texture": "#0"}
			}
		},
		{
			"from": [6.8, 11.2, 5.8],
			"to": [9.2, 11.7, 8.2],
			"faces": {
				"north": {"uv": [10, 4.375, 9.875, 3.75], "rotation": 90, "texture": "#0"},
				"east": {"uv": [10, 3.75, 9.875, 4.375], "rotation": 90, "texture": "#0"},
				"south": {"uv": [10, 3.75, 9.875, 4.375], "rotation": 90, "texture": "#0"},
				"west": {"uv": [10, 3.75, 9.875, 4.375], "rotation": 90, "texture": "#0"},
				"up": {"uv": [9.875, 4.375, 9.25, 3.75], "texture": "#0"}
			}
		},
		{
			"from": [2, 0.53284, 14.67878],
			"to": [14, 11.53284, 15.67878],
			"rotation": {"angle": -22.5, "axis": "x", "origin": [0, -6.46716, 14.67878]},
			"faces": {
				"north": {"uv": [4, 0, 7, 2.75], "texture": "#0"}
			}
		},
		{
			"from": [2, 3.53284, 7.67878],
			"to": [14, 4.53284, 18.67878],
			"rotation": {"angle": -22.5, "axis": "x", "origin": [0, -6.46716, 14.67878]},
			"faces": {
				"north": {"uv": [4, 2.75, 7, 3], "texture": "#0"},
				"east": {"uv": [4.125, 2.75, 6.875, 3], "texture": "#0"},
				"west": {"uv": [4.25, 2.75, 7, 3], "texture": "#0"},
				"up": {"uv": [7, 5.75, 4, 3], "texture": "#0"},
				"down": {"uv": [7, 3, 4, 5.75], "texture": "#0"}
			}
		},
		{
			"from": [4, 3.53284, 6.67878],
			"to": [12, 4.53284, 7.67878],
			"rotation": {"angle": -22.5, "axis": "x", "origin": [0, -6.46716, 14.67878]},
			"faces": {
				"north": {"uv": [4.125, 2.75, 6.125, 3], "texture": "#0"},
				"east": {"uv": [4.875, 2.75, 5.125, 3], "texture": "#0"},
				"west": {"uv": [4.625, 2.75, 4.875, 3], "texture": "#0"},
				"up": {"uv": [6.5, 6, 4.5, 5.75], "texture": "#0"},
				"down": {"uv": [6.5, 5.75, 4.5, 6], "texture": "#0"}
			}
		}
	],
	"gui_light": "front",
	"display": {
		"thirdperson_righthand": {
			"rotation": [39, 0, 0],
			"scale": [0.56, 0.56, 0.56]
		},
		"thirdperson_lefthand": {
			"rotation": [39, 0, 0],
			"scale": [0.56, 0.56, 0.56]
		},
		"firstperson_righthand": {
			"rotation": [0, 180, 0],
			"translation": [0, 0, 1],
			"scale": [0.56, 0.56, 0.56]
		},
		"firstperson_lefthand": {
			"rotation": [0, 180, 0],
			"translation": [0, 0, 1],
			"scale": [0.56, 0.56, 0.56]
		},
		"ground": {
			"translation": [0, 5, 0]
		},
		"gui": {
			"rotation": [0, 180, 0],
			"translation": [0, -4, 0],
			"scale": [0.5, 0.5, 0.5]
		},
		"head": {
			"translation": [0, -31.25, 0],
			"scale": [1.5, 1.5, 1.5]
		},
		"fixed": {
			"rotation": [-30, 0, 0],
			"translation": [0, 0, -1.25]
		}
	},
	"groups": [
		0,
		1,
		2,
		{
			"name": "group",
			"origin": [0, -6.46716, 14.67878],
			"color": 0,
			"children": [3, 4, 5, 6, 7, 8, 9, 10, 11, 12, 13, 14, 15, 16, 17, 18, 19, 20, 21, 22, 23, 24, 25, 26, 27, 28, 29]
		}
	]
}