{
	"credit": "11173 / 3840M8L",
	"texture_size": [64, 64],
	"textures": {
		"0": "item/blocks/roulette",
		"particle": "item/blocks/roulette"
	},
	"elements": [
		{
			"from": [1, 0, 1],
			"to": [15, 1, 15],
			"faces": {
				"north": {"uv": [4, 0, 4.25, 0.25], "texture": "#0"},
				"east": {"uv": [4, 0, 4.25, 0.25], "texture": "#0"},
				"south": {"uv": [4, 0, 4.25, 0.25], "texture": "#0"},
				"west": {"uv": [4, 0, 4.25, 0.25], "texture": "#0"},
				"up": {"uv": [4.25, 0.25, 4, 0], "texture": "#0"},
				"down": {"uv": [4.25, 0, 4, 0.25], "texture": "#0"}
			}
		},
		{
			"from": [2, 1, 2],
			"to": [14, 8, 14],
			"faces": {
				"north": {"uv": [0, 4, 3, 5.75], "texture": "#0"},
				"east": {"uv": [0, 4, 3, 5.75], "texture": "#0"},
				"south": {"uv": [0, 4, 3, 5.75], "texture": "#0"},
				"west": {"uv": [0, 4, 3, 5.75], "texture": "#0"}
			}
		},
		{
			"from": [1, 7, 1],
			"to": [15, 8, 15],
			"faces": {
				"north": {"uv": [4, 0, 4.25, 0.25], "texture": "#0"},
				"east": {"uv": [4, 0, 4.25, 0.25], "texture": "#0"},
				"south": {"uv": [4, 0, 4.25, 0.25], "texture": "#0"},
				"west": {"uv": [4, 0, 4.25, 0.25], "texture": "#0"},
				"down": {"uv": [4.25, 0, 4, 0.25], "texture": "#0"}
			}
		},
		{
			"from": [-0.3, 8, -0.3],
			"to": [16.3, 9, 16.3],
			"faces": {
				"north": {"uv": [0, 0, 4, 0.25], "texture": "#0"},
				"east": {"uv": [0, 0, 4, 0.25], "texture": "#0"},
				"south": {"uv": [0, 0, 4, 0.25], "texture": "#0"},
				"west": {"uv": [0, 0, 4, 0.25], "texture": "#0"},
				"up": {"uv": [4, 4, 0, 0], "texture": "#0"},
				"down": {"uv": [4, 0, 0, 4], "texture": "#0"}
			}
		},
		{
			"from": [4.2, 8.4, 4.2],
			"to": [11.8, 10.5, 11.8],
			"faces": {
				"up": {"uv": [6, 2.25, 4, 0.25], "texture": "#0"}
			}
		},
		{
			"from": [6.3, 8.4, 6.3],
			"to": [9.7, 10.8, 9.7],
			"faces": {
				"north": {"uv": [4.25, 0, 4.5, 0.25], "texture": "#0"},
				"east": {"uv": [4.25, 0, 4.5, 0.25], "texture": "#0"},
				"south": {"uv": [4.25, 0, 4.5, 0.25], "texture": "#0"},
				"west": {"uv": [4.25, 0, 4.5, 0.25], "texture": "#0"},
				"up": {"uv": [4.5, 0.25, 4.25, 0], "texture": "#0"}
			}
		},
		{
			"from": [7.3, 8.4, 7.3],
			"to": [8.7, 12.8, 8.7],
			"faces": {
				"north": {"uv": [4.5, 0, 4.75, 0.25], "texture": "#0"},
				"east": {"uv": [4.5, 0, 4.75, 0.25], "texture": "#0"},
				"south": {"uv": [4.5, 0, 4.75, 0.25], "texture": "#0"},
				"west": {"uv": [4.5, 0, 4.75, 0.25], "texture": "#0"},
				"up": {"uv": [4.75, 0.25, 4.5, 0], "texture": "#0"}
			}
		},
		{
			"from": [7.5, 12.8, 7.5],
			"to": [8.5, 15.2, 8.5],
			"faces": {
				"north": {"uv": [4.5, 0, 4.75, 0.25], "texture": "#0"},
				"east": {"uv": [4.5, 0, 4.75, 0.25], "texture": "#0"},
				"south": {"uv": [4.5, 0, 4.75, 0.25], "texture": "#0"},
				"west": {"uv": [4.5, 0, 4.75, 0.25], "texture": "#0"}
			}
		},
		{
			"from": [8.5, 14.2, 7.8],
			"to": [11.8, 14.6, 8.2],
			"faces": {
				"north": {"uv": [4.5, 0, 4.75, 0.25], "texture": "#0"},
				"east": {"uv": [4.25, 0, 4.5, 0.25], "texture": "#0"},
				"south": {"uv": [4.5, 0, 4.75, 0.25], "texture": "#0"},
				"up": {"uv": [4.75, 0.25, 4.5, 0], "texture": "#0"},
				"down": {"uv": [4.75, 0, 4.5, 0.25], "texture": "#0"}
			}
		},
		{
			"from": [4.2, 14, 7.6],
			"to": [5.1, 14.8, 8.4],
			"faces": {
				"north": {"uv": [4.25, 0, 4.5, 0.25], "texture": "#0"},
				"east": {"uv": [4.25, 0, 4.5, 0.25], "texture": "#0"},
				"south": {"uv": [4.25, 0, 4.5, 0.25], "texture": "#0"},
				"west": {"uv": [4.25, 0, 4.5, 0.25], "texture": "#0"},
				"up": {"uv": [4.5, 0.25, 4.25, 0], "texture": "#0"},
				"down": {"uv": [4.5, 0, 4.25, 0.25], "texture": "#0"}
			}
		},
		{
			"from": [4.2, 14.2, 7.8],
			"to": [7.5, 14.6, 8.2],
			"faces": {
				"north": {"uv": [4.5, 0, 4.75, 0.25], "texture": "#0"},
				"south": {"uv": [4.5, 0, 4.75, 0.25], "texture": "#0"},
				"west": {"uv": [4.25, 0, 4.5, 0.25], "texture": "#0"},
				"up": {"uv": [4.75, 0.25, 4.5, 0], "texture": "#0"},
				"down": {"uv": [4.75, 0, 4.5, 0.25], "texture": "#0"}
			}
		},
		{
			"from": [7.6, 14, 4.2],
			"to": [8.4, 14.8, 5.1],
			"faces": {
				"north": {"uv": [4.25, 0, 4.5, 0.25], "texture": "#0"},
				"east": {"uv": [4.25, 0, 4.5, 0.25], "texture": "#0"},
				"south": {"uv": [4.25, 0, 4.5, 0.25], "texture": "#0"},
				"west": {"uv": [4.25, 0, 4.5, 0.25], "texture": "#0"},
				"up": {"uv": [4.5, 0.25, 4.25, 0], "texture": "#0"},
				"down": {"uv": [4.5, 0, 4.25, 0.25], "texture": "#0"}
			}
		},
		{
			"from": [7.8, 14.2, 4.2],
			"to": [8.2, 14.6, 7.5],
			"faces": {
				"north": {"uv": [4.25, 0, 4.5, 0.25], "texture": "#0"},
				"east": {"uv": [4.5, 0, 4.75, 0.25], "texture": "#0"},
				"south": {"uv": [4.25, 0, 4.5, 0.25], "texture": "#0"},
				"west": {"uv": [4.5, 0, 4.75, 0.25], "texture": "#0"},
				"up": {"uv": [4.75, 0.25, 4.5, 0], "texture": "#0"},
				"down": {"uv": [4.75, 0, 4.5, 0.25], "texture": "#0"}
			}
		},
		{
			"from": [7.6, 14, 10.9],
			"to": [8.4, 14.8, 11.8],
			"faces": {
				"north": {"uv": [4.25, 0, 4.5, 0.25], "texture": "#0"},
				"east": {"uv": [4.25, 0, 4.5, 0.25], "texture": "#0"},
				"south": {"uv": [4.25, 0, 4.5, 0.25], "texture": "#0"},
				"west": {"uv": [4.25, 0, 4.5, 0.25], "texture": "#0"},
				"up": {"uv": [4.5, 0.25, 4.25, 0], "texture": "#0"},
				"down": {"uv": [4.5, 0, 4.25, 0.25], "texture": "#0"}
			}
		},
		{
			"from": [7.8, 14.2, 8.5],
			"to": [8.2, 14.6, 11.8],
			"faces": {
				"east": {"uv": [4.5, 0, 4.75, 0.25], "texture": "#0"},
				"south": {"uv": [4.5, 0, 4.75, 0.25], "texture": "#0"},
				"west": {"uv": [4.5, 0, 4.75, 0.25], "texture": "#0"},
				"up": {"uv": [4.75, 0.25, 4.5, 0], "texture": "#0"},
				"down": {"uv": [4.75, 0, 4.5, 0.25], "texture": "#0"}
			}
		},
		{
			"from": [10.9, 14, 7.6],
			"to": [11.8, 14.8, 8.4],
			"faces": {
				"north": {"uv": [4.25, 0, 4.5, 0.25], "texture": "#0"},
				"east": {"uv": [4.25, 0, 4.5, 0.25], "texture": "#0"},
				"south": {"uv": [4.25, 0, 4.5, 0.25], "texture": "#0"},
				"west": {"uv": [4.25, 0, 4.5, 0.25], "texture": "#0"},
				"up": {"uv": [4.5, 0.25, 4.25, 0], "texture": "#0"},
				"down": {"uv": [4.5, 0, 4.25, 0.25], "texture": "#0"}
			}
		},
		{
			"from": [7.3, 15.2, 7.3],
			"to": [8.7, 16.6, 8.7],
			"faces": {
				"north": {"uv": [4.25, 0, 4.5, 0.25], "texture": "#0"},
				"east": {"uv": [4.25, 0, 4.5, 0.25], "texture": "#0"},
				"south": {"uv": [4.25, 0, 4.5, 0.25], "texture": "#0"},
				"west": {"uv": [4.25, 0, 4.5, 0.25], "texture": "#0"},
				"up": {"uv": [4.5, 0.25, 4.25, 0], "texture": "#0"},
				"down": {"uv": [4.5, 0, 4.25, 0.25], "texture": "#0"}
			}
		},
		{
			"from": [0, 9, 14],
			"to": [16, 14, 16],
			"faces": {
				"north": {"uv": [6, 0, 9.75, 1.25], "texture": "#0"},
				"east": {"uv": [8.75, 1.25, 9.25, 2.5], "texture": "#0"},
				"south": {"uv": [6, 1.25, 9.75, 2.5], "texture": "#0"},
				"west": {"uv": [8.75, 1.25, 9.25, 2.5], "texture": "#0"},
				"up": {"uv": [9.75, 3, 6, 2.5], "texture": "#0"}
			}
		},
		{
			"from": [0, 9, 0],
			"to": [16, 14, 2],
			"faces": {
				"north": {"uv": [6, 3, 9.75, 4.25], "texture": "#0"},
				"east": {"uv": [8.25, 1.25, 8.75, 2.5], "texture": "#0"},
				"south": {"uv": [6, 0, 9.75, 1.25], "texture": "#0"},
				"west": {"uv": [8.25, 1.25, 8.75, 2.5], "texture": "#0"},
				"up": {"uv": [9.75, 4.75, 6, 4.25], "texture": "#0"},
				"down": {"uv": [9.75, 4.25, 6, 4.75], "texture": "#0"}
			}
		},
		{
			"from": [14, 9, 2],
			"to": [16, 14, 14],
			"faces": {
				"east": {"uv": [6.25, 1.25, 9.25, 2.5], "texture": "#0"},
				"west": {"uv": [6.25, 0, 9.25, 1.25], "texture": "#0"},
				"up": {"uv": [9.75, 4.75, 6.75, 4.25], "rotation": 90, "texture": "#0"}
			}
		},
		{
			"from": [0, 9, 2],
			"to": [2, 14, 14],
			"faces": {
				"east": {"uv": [6.5, 0, 9.5, 1.25], "texture": "#0"},
				"west": {"uv": [6.75, 1.25, 9.75, 2.5], "texture": "#0"},
				"up": {"uv": [9.25, 4.75, 6.25, 4.25], "rotation": 270, "texture": "#0"}
			}
		},
		{
			"from": [9, 2, 2],
			"to": [10.7, 8, 14],
			"rotation": {"angle": 45, "axis": "z", "origin": [0, 0, 0]},
			"faces": {
				"east": {"uv": [3, 4, 6, 5.5], "texture": "#0"}
			}
		},
		{
			"from": [13.3, -2.3, 2],
			"to": [19.3, -0.6, 14],
			"rotation": {"angle": 45, "axis": "z", "origin": [0, 0, 0]},
			"faces": {
				"up": {"uv": [3, 4, 6, 5.5], "rotation": 90, "texture": "#0"}
			}
		},
		{
			"from": [2, -2.3, 13.3],
			"to": [14, -0.6, 19.3],
			"rotation": {"angle": -45, "axis": "x", "origin": [0, 0, 0]},
			"faces": {
				"up": {"uv": [9, 6.25, 6, 4.75], "texture": "#0"}
			}
		},
		{
			"from": [2, 9, -8],
			"to": [14, 10.7, -2],
			"rotation": {"angle": 45, "axis": "x", "origin": [0, 0, 0]},
			"faces": {
				"up": {"uv": [9, 6.25, 6, 4.75], "rotation": 180, "texture": "#0"}
			}
		},
		{
			"from": [0, 0, 0],
			"to": [2, 8, 2],
			"faces": {
				"north": {"uv": [2.5, 5.75, 2, 7.75], "texture": "#0"},
				"east": {"uv": [2.5, 5.75, 3, 7.75], "texture": "#0"},
				"south": {"uv": [1, 5.75, 1.5, 7.75], "texture": "#0"},
				"west": {"uv": [2, 5.75, 2.5, 7.75], "texture": "#0"}
			}
		},
		{
			"from": [-0.5, 0, -0.5],
			"to": [2.5, 1, 2.5],
			"faces": {
				"north": {"uv": [4, 0, 4.25, 0.25], "texture": "#0"},
				"east": {"uv": [4, 0, 4.25, 0.25], "texture": "#0"},
				"south": {"uv": [4, 0, 4.25, 0.25], "texture": "#0"},
				"west": {"uv": [4, 0, 4.25, 0.25], "texture": "#0"},
				"up": {"uv": [4.25, 0.25, 4, 0], "texture": "#0"},
				"down": {"uv": [4.25, 0, 4, 0.25], "texture": "#0"}
			}
		},
		{
			"from": [14, 0, 0],
			"to": [16, 8, 2],
			"faces": {
				"north": {"uv": [2.5, 5.75, 3, 7.75], "texture": "#0"},
				"east": {"uv": [2.5, 5.75, 2, 7.75], "texture": "#0"},
				"south": {"uv": [2.5, 5.75, 3, 7.75], "texture": "#0"},
				"west": {"uv": [1, 5.75, 1.5, 7.75], "texture": "#0"}
			}
		},
		{
			"from": [13.5, 0, 13.5],
			"to": [16.5, 1, 16.5],
			"faces": {
				"north": {"uv": [4, 0, 4.25, 0.25], "texture": "#0"},
				"east": {"uv": [4, 0, 4.25, 0.25], "texture": "#0"},
				"south": {"uv": [4, 0, 4.25, 0.25], "texture": "#0"},
				"west": {"uv": [4, 0, 4.25, 0.25], "texture": "#0"},
				"up": {"uv": [4.25, 0.25, 4, 0], "texture": "#0"},
				"down": {"uv": [4.25, 0, 4, 0.25], "texture": "#0"}
			}
		},
		{
			"from": [0, 0, 14],
			"to": [2, 8, 16],
			"faces": {
				"north": {"uv": [1, 5.75, 1.5, 7.75], "texture": "#0"},
				"east": {"uv": [1.5, 5.75, 1, 7.75], "texture": "#0"},
				"south": {"uv": [2, 5.75, 2.5, 7.75], "texture": "#0"},
				"west": {"uv": [2.5, 5.75, 3, 7.75], "texture": "#0"}
			}
		},
		{
			"from": [-0.5, 0, 13.5],
			"to": [2.5, 1, 16.5],
			"faces": {
				"north": {"uv": [4, 0, 4.25, 0.25], "texture": "#0"},
				"east": {"uv": [4, 0, 4.25, 0.25], "texture": "#0"},
				"south": {"uv": [4, 0, 4.25, 0.25], "texture": "#0"},
				"west": {"uv": [4, 0, 4.25, 0.25], "texture": "#0"},
				"up": {"uv": [4.25, 0.25, 4, 0], "texture": "#0"},
				"down": {"uv": [4.25, 0, 4, 0.25], "texture": "#0"}
			}
		},
		{
			"from": [14, 0, 14],
			"to": [16, 8, 16],
			"faces": {
				"north": {"uv": [1.5, 5.75, 1, 7.75], "texture": "#0"},
				"east": {"uv": [3, 5.75, 2.5, 7.75], "texture": "#0"},
				"south": {"uv": [2.5, 5.75, 2, 7.75], "texture": "#0"},
				"west": {"uv": [1, 5.75, 1.5, 7.75], "texture": "#0"}
			}
		},
		{
			"from": [13.5, 0, -0.5],
			"to": [16.5, 1, 2.5],
			"faces": {
				"north": {"uv": [4, 0, 4.25, 0.25], "texture": "#0"},
				"east": {"uv": [4, 0, 4.25, 0.25], "texture": "#0"},
				"south": {"uv": [4, 0, 4.25, 0.25], "texture": "#0"},
				"west": {"uv": [4, 0, 4.25, 0.25], "texture": "#0"},
				"up": {"uv": [4.25, 0.25, 4, 0], "texture": "#0"},
				"down": {"uv": [4.25, 0, 4, 0.25], "texture": "#0"}
			}
		},
		{
			"from": [4, 1, 14],
			"to": [6, 7, 15],
			"faces": {
				"east": {"uv": [4, 2.25, 4.25, 3.75], "texture": "#0"},
				"south": {"uv": [4, 2.25, 4.5, 3.75], "texture": "#0"},
				"west": {"uv": [4.25, 2.25, 4.5, 3.75], "texture": "#0"}
			}
		},
		{
			"from": [10, 1, 14],
			"to": [12, 7, 15],
			"faces": {
				"east": {"uv": [4, 2.25, 4.25, 3.75], "texture": "#0"},
				"south": {"uv": [4, 2.25, 4.5, 3.75], "texture": "#0"},
				"west": {"uv": [4.25, 2.25, 4.5, 3.75], "texture": "#0"}
			}
		},
		{
			"from": [1, 1, 4],
			"to": [2, 7, 6],
			"faces": {
				"north": {"uv": [4, 2.25, 4.25, 3.75], "texture": "#0"},
				"south": {"uv": [4.25, 2.25, 4.5, 3.75], "texture": "#0"},
				"west": {"uv": [4, 2.25, 4.5, 3.75], "texture": "#0"}
			}
		},
		{
			"from": [1, 1, 10],
			"to": [2, 7, 12],
			"faces": {
				"north": {"uv": [4, 2.25, 4.25, 3.75], "texture": "#0"},
				"south": {"uv": [4.25, 2.25, 4.5, 3.75], "texture": "#0"},
				"west": {"uv": [4, 2.25, 4.5, 3.75], "texture": "#0"}
			}
		},
		{
			"from": [10, 1, 1],
			"to": [12, 7, 2],
			"faces": {
				"north": {"uv": [4, 2.25, 4.5, 3.75], "texture": "#0"},
				"east": {"uv": [4, 2.25, 4.25, 3.75], "texture": "#0"},
				"west": {"uv": [4.25, 2.25, 4.5, 3.75], "texture": "#0"}
			}
		},
		{
			"from": [4, 1, 1],
			"to": [6, 7, 2],
			"faces": {
				"north": {"uv": [4, 2.25, 4.5, 3.75], "texture": "#0"},
				"east": {"uv": [4, 2.25, 4.25, 3.75], "texture": "#0"},
				"west": {"uv": [4.25, 2.25, 4.5, 3.75], "texture": "#0"}
			}
		},
		{
			"from": [14, 1, 10],
			"to": [15, 7, 12],
			"faces": {
				"north": {"uv": [4.25, 2.25, 4.5, 3.75], "texture": "#0"},
				"east": {"uv": [4, 2.25, 4.5, 3.75], "texture": "#0"},
				"south": {"uv": [4, 2.25, 4.25, 3.75], "texture": "#0"}
			}
		},
		{
			"from": [14, 1, 4],
			"to": [15, 7, 6],
			"faces": {
				"north": {"uv": [4.25, 2.25, 4.5, 3.75], "texture": "#0"},
				"east": {"uv": [4, 2.25, 4.5, 3.75], "texture": "#0"},
				"south": {"uv": [4, 2.25, 4.25, 3.75], "texture": "#0"}
			}
		}
	],
	"gui_light": "front",
	"display": {
		"thirdperson_righthand": {
			"rotation": [16.25, 0, 0],
			"scale": [0.57, 0.57, 0.57]
		},
		"thirdperson_lefthand": {
			"scale": [0.57, 0.57, 0.57]
		},
		"firstperson_righthand": {
			"scale": [0.57, 0.57, 0.57]
		},
		"firstperson_lefthand": {
			"scale": [0.57, 0.57, 0.57]
		},
		"ground": {
			"translation": [0, 4.5, 0]
		},
		"gui": {
			"rotation": [90, 0, 0],
			"scale": [0.94, 0.94, 0.94]
		},
		"head": {
			"translation": [0, -31.25, 0],
			"scale": [1.49, 1.49, 1.49]
		},
		"fixed": {
			"rotation": [-90, 0, 0]
		}
	},
	"groups": [
		{
			"name": "group",
			"origin": [0, 0, 0],
			"color": 0,
			"children": [0, 1, 2, 3, 4, 5, 6, 7, 8, 9, 10, 11, 12, 13, 14, 15, 16, 17, 18, 19, 20, 21, 22, 23, 24, 25, 26, 27, 28, 29, 30, 31, 32, 33, 34, 35, 36, 37, 38, 39, 40]
		}
	]
}