{
	"credit": "Made with Blockbench",
	"texture_size": [256, 256],
	"textures": {
		"0": "item/blocks/tictactoe",
		"particle": "item/blocks/tictactoe"
	},
	"elements": [
		{
			"from": [2, 0, 2],
			"to": [4, 10, 4],
			"faces": {
				"north": {"uv": [6.25, 3.5, 6.75, 6], "texture": "#0"},
				"east": {"uv": [6.25, 3.5, 6.75, 6], "texture": "#0"},
				"south": {"uv": [6.25, 3.5, 6.75, 6], "texture": "#0"},
				"west": {"uv": [6.25, 3.5, 6.75, 6], "texture": "#0"}
			}
		},
		{
			"from": [11.5, 0, 1.5],
			"to": [14.5, 1, 4.5],
			"faces": {
				"north": {"uv": [6, 6, 6.75, 6.25], "texture": "#0"},
				"east": {"uv": [6, 6, 6.75, 6.25], "texture": "#0"},
				"south": {"uv": [6, 6, 6.75, 6.25], "texture": "#0"},
				"west": {"uv": [6, 6, 6.75, 6.25], "texture": "#0"},
				"up": {"uv": [7.5, 4.25, 6.75, 3.5], "texture": "#0"},
				"down": {"uv": [6.375, 4.3125, 6.25, 4.5], "texture": "#0"}
			}
		},
		{
			"from": [12, 0, 12],
			"to": [14, 10, 14],
			"faces": {
				"north": {"uv": [6.25, 3.5, 6.75, 6], "texture": "#0"},
				"east": {"uv": [6.25, 3.5, 6.75, 6], "texture": "#0"},
				"south": {"uv": [6.25, 3.5, 6.75, 6], "texture": "#0"},
				"west": {"uv": [6.25, 3.5, 6.75, 6], "texture": "#0"}
			}
		},
		{
			"from": [12.5, 5.5, 4],
			"to": [13.5, 6.5, 12],
			"faces": {
				"east": {"uv": [4, 5.875, 6, 6.125], "texture": "#0"},
				"west": {"uv": [4, 5.875, 6, 6.125], "texture": "#0"},
				"up": {"uv": [6, 6.375, 4, 6.125], "rotation": 90, "texture": "#0"},
				"down": {"uv": [4, 6.625, 6, 6.375], "rotation": 90, "texture": "#0"}
			}
		},
		{
			"from": [2.5, 5.5, 4],
			"to": [3.5, 6.5, 12],
			"faces": {
				"east": {"uv": [4, 5.875, 6, 6.125], "texture": "#0"},
				"west": {"uv": [4, 5.875, 6, 6.125], "texture": "#0"},
				"up": {"uv": [6, 6.375, 4, 6.125], "rotation": 90, "texture": "#0"},
				"down": {"uv": [4, 6.625, 6, 6.375], "rotation": 90, "texture": "#0"}
			}
		},
		{
			"from": [4, 5.5, 2.5],
			"to": [12, 6.5, 3.5],
			"faces": {
				"north": {"uv": [4, 5.875, 6, 6.125], "texture": "#0"},
				"south": {"uv": [4, 5.875, 6, 6.125], "texture": "#0"},
				"up": {"uv": [6, 6.375, 4, 6.125], "texture": "#0"},
				"down": {"uv": [6, 6.375, 4, 6.625], "texture": "#0"}
			}
		},
		{
			"from": [4, 5.5, 12.5],
			"to": [12, 6.5, 13.5],
			"faces": {
				"north": {"uv": [4, 5.875, 6, 6.125], "texture": "#0"},
				"south": {"uv": [4, 5.875, 6, 6.125], "texture": "#0"},
				"up": {"uv": [6, 6.375, 4, 6.125], "texture": "#0"},
				"down": {"uv": [6, 6.375, 4, 6.625], "texture": "#0"}
			}
		},
		{
			"from": [1.5, 0, 11.5],
			"to": [4.5, 1, 14.5],
			"faces": {
				"north": {"uv": [6, 6, 6.75, 6.25], "texture": "#0"},
				"east": {"uv": [6, 6, 6.75, 6.25], "texture": "#0"},
				"south": {"uv": [6, 6, 6.75, 6.25], "texture": "#0"},
				"west": {"uv": [6, 6, 6.75, 6.25], "texture": "#0"},
				"up": {"uv": [7.5, 4.25, 6.75, 3.5], "texture": "#0"},
				"down": {"uv": [6.375, 4.3125, 6.25, 4.4375], "texture": "#0"}
			}
		},
		{
			"from": [2, 0, 12],
			"to": [4, 10, 14],
			"faces": {
				"north": {"uv": [6.25, 3.5, 6.75, 6], "texture": "#0"},
				"east": {"uv": [6.25, 3.5, 6.75, 6], "texture": "#0"},
				"south": {"uv": [6.25, 3.5, 6.75, 6], "texture": "#0"},
				"west": {"uv": [6.25, 3.5, 6.75, 6], "texture": "#0"}
			}
		},
		{
			"from": [0, 10, 0],
			"to": [16, 11, 16],
			"faces": {
				"north": {"uv": [4, 6.625, 8, 6.875], "texture": "#0"},
				"east": {"uv": [4, 6.625, 8, 6.875], "texture": "#0"},
				"south": {"uv": [4, 6.625, 8, 6.875], "texture": "#0"},
				"west": {"uv": [4, 6.625, 8, 6.875], "texture": "#0"},
				"up": {"uv": [4, 4, 0, 0], "texture": "#0"},
				"down": {"uv": [4, 4, 0, 8], "texture": "#0"}
			}
		},
		{
			"from": [0, 11, 0],
			"to": [16, 11.5, 1],
			"faces": {
				"north": {"uv": [4, 7.125, 8, 7.25], "texture": "#0"},
				"east": {"uv": [6.5625, 7.125, 6.8125, 7.25], "texture": "#0"},
				"south": {"uv": [4, 7.125, 8, 7.25], "texture": "#0"},
				"west": {"uv": [4.8125, 7.125, 5.0625, 7.25], "texture": "#0"},
				"up": {"uv": [8, 7.5, 4, 7.25], "texture": "#0"}
			}
		},
		{
			"from": [0, 11, 15],
			"to": [16, 11.5, 16],
			"faces": {
				"north": {"uv": [4, 7.125, 8, 7.25], "texture": "#0"},
				"east": {"uv": [5.6875, 7.125, 5.9375, 7.25], "texture": "#0"},
				"south": {"uv": [4, 7.125, 8, 7.25], "texture": "#0"},
				"west": {"uv": [5.375, 7.125, 5.625, 7.25], "texture": "#0"},
				"up": {"uv": [8, 7.25, 4, 7.5], "texture": "#0"}
			}
		},
		{
			"from": [0, 11, 1],
			"to": [1, 11.5, 15],
			"faces": {
				"east": {"uv": [4.1875, 7.125, 7.6875, 7.25], "texture": "#0"},
				"west": {"uv": [4.25, 7.125, 7.75, 7.25], "texture": "#0"},
				"up": {"uv": [7.6875, 7.5, 4.1875, 7.25], "rotation": 90, "texture": "#0"}
			}
		},
		{
			"from": [15, 11, 1],
			"to": [16, 11.5, 15],
			"faces": {
				"east": {"uv": [4.25, 7.125, 7.75, 7.25], "texture": "#0"},
				"west": {"uv": [4.125, 7.125, 7.625, 7.25], "texture": "#0"},
				"up": {"uv": [7.75, 7.5, 4.25, 7.25], "rotation": 90, "texture": "#0"}
			}
		},
		{
			"from": [3.5, 11, 3],
			"to": [12.5, 11.5, 12.6],
			"faces": {
				"north": {"uv": [6.1875, 5.875, 6.25, 6], "texture": "#0"},
				"east": {"uv": [6.1875, 5.875, 6.25, 6], "texture": "#0"},
				"west": {"uv": [6.1875, 5.875, 6.25, 6], "texture": "#0"},
				"up": {"uv": [6.25, 5.875, 4, 3.5], "texture": "#0"}
			}
		},
		{
			"from": [1.5, 11, 3],
			"to": [2.5, 11.5, 4],
			"faces": {
				"north": {"uv": [6, 6.4375, 6.25, 6.5], "texture": "#0"},
				"east": {"uv": [6, 6.25, 6.25, 6.3125], "texture": "#0"},
				"south": {"uv": [6, 6.25, 6.25, 6.3125], "texture": "#0"},
				"west": {"uv": [6.1875, 6.25, 6.25, 6.5], "rotation": 90, "texture": "#0"},
				"up": {"uv": [6.25, 6.5, 6, 6.25], "texture": "#0"},
				"down": {"uv": [6.25, 6.25, 6, 6.5], "texture": "#0"}
			}
		},
		{
			"from": [1.4, 11.5, 3.2],
			"to": [2.4, 12, 4.2],
			"faces": {
				"north": {"uv": [6, 6.4375, 6.25, 6.5], "texture": "#0"},
				"east": {"uv": [6, 6.25, 6.25, 6.3125], "texture": "#0"},
				"south": {"uv": [6, 6.25, 6.25, 6.3125], "texture": "#0"},
				"west": {"uv": [6.1875, 6.25, 6.25, 6.5], "rotation": 90, "texture": "#0"},
				"up": {"uv": [6.25, 6.5, 6, 6.25], "texture": "#0"},
				"down": {"uv": [6.25, 6.25, 6, 6.5], "texture": "#0"}
			}
		},
		{
			"from": [1.6, 12, 3.2],
			"to": [2.6, 12.5, 4.2],
			"faces": {
				"north": {"uv": [6, 6.5, 6.25, 6.4375], "texture": "#0"},
				"east": {"uv": [6, 6.25, 6.25, 6.3125], "texture": "#0"},
				"south": {"uv": [6, 6.25, 6.25, 6.3125], "texture": "#0"},
				"west": {"uv": [6.1875, 6.25, 6.25, 6.5], "rotation": 90, "texture": "#0"},
				"up": {"uv": [6.25, 6.5, 6, 6.25], "texture": "#0"},
				"down": {"uv": [6.25, 6.25, 6, 6.5], "texture": "#0"}
			}
		},
		{
			"from": [2, 11, 4.3],
			"to": [3, 11.5, 5.3],
			"faces": {
				"north": {"uv": [6, 6.4375, 6.25, 6.5], "texture": "#0"},
				"east": {"uv": [6, 6.25, 6.25, 6.3125], "texture": "#0"},
				"south": {"uv": [6, 6.25, 6.25, 6.3125], "texture": "#0"},
				"west": {"uv": [6.1875, 6.25, 6.25, 6.5], "rotation": 90, "texture": "#0"},
				"up": {"uv": [6.25, 6.5, 6, 6.25], "texture": "#0"},
				"down": {"uv": [6.25, 6.25, 6, 6.5], "texture": "#0"}
			}
		},
		{
			"from": [1.9, 11.5, 4.5],
			"to": [2.9, 12, 5.5],
			"faces": {
				"north": {"uv": [6, 6.4375, 6.25, 6.5], "texture": "#0"},
				"east": {"uv": [6, 6.25, 6.25, 6.3125], "texture": "#0"},
				"south": {"uv": [6, 6.25, 6.25, 6.3125], "texture": "#0"},
				"west": {"uv": [6.1875, 6.25, 6.25, 6.5], "rotation": 90, "texture": "#0"},
				"up": {"uv": [6.25, 6.5, 6, 6.25], "texture": "#0"},
				"down": {"uv": [6.25, 6.25, 6, 6.5], "texture": "#0"}
			}
		},
		{
			"from": [2.1, 12, 4.5],
			"to": [3.1, 12.5, 5.5],
			"faces": {
				"north": {"uv": [6, 6.4375, 6.25, 6.5], "texture": "#0"},
				"east": {"uv": [6, 6.25, 6.25, 6.3125], "texture": "#0"},
				"south": {"uv": [6, 6.25, 6.25, 6.3125], "texture": "#0"},
				"west": {"uv": [6.1875, 6.25, 6.25, 6.5], "rotation": 90, "texture": "#0"},
				"up": {"uv": [6.25, 6.5, 6, 6.25], "texture": "#0"},
				"down": {"uv": [6.25, 6.25, 6, 6.5], "texture": "#0"}
			}
		},
		{
			"from": [13.8, 11, 5],
			"to": [14.3, 11.5, 7.6],
			"faces": {
				"north": {"uv": [6, 5.875, 6.0625, 5.9375], "texture": "#0"},
				"east": {"uv": [6, 5.875, 6.0625, 5.9375], "texture": "#0"},
				"south": {"uv": [6, 5.875, 6.0625, 5.9375], "texture": "#0"},
				"west": {"uv": [6, 5.875, 6.0625, 5.9375], "texture": "#0"},
				"up": {"uv": [6.0625, 5.9375, 6, 5.875], "texture": "#0"},
				"down": {"uv": [6.0625, 5.875, 6, 5.9375], "texture": "#0"}
			}
		},
		{
			"from": [13.85, 11, 4],
			"to": [14.25, 11.5, 5],
			"faces": {
				"north": {"uv": [6, 5.875, 6.0625, 5.9375], "texture": "#0"},
				"east": {"uv": [6, 5.875, 6.0625, 5.9375], "texture": "#0"},
				"south": {"uv": [6, 5.875, 6.0625, 5.9375], "texture": "#0"},
				"west": {"uv": [6, 5.875, 6.0625, 5.9375], "texture": "#0"},
				"up": {"uv": [6.0625, 5.9375, 6, 5.875], "texture": "#0"},
				"down": {"uv": [6.0625, 5.875, 6, 5.9375], "texture": "#0"}
			}
		},
		{
			"from": [13.7, 10.9, 7.6],
			"to": [14.4, 11.6, 8.2],
			"faces": {
				"north": {"uv": [6, 5.9375, 6.0625, 6], "texture": "#0"},
				"east": {"uv": [6, 5.9375, 6.0625, 6], "texture": "#0"},
				"south": {"uv": [6, 5.9375, 6.0625, 6], "texture": "#0"},
				"west": {"uv": [6, 5.9375, 6.0625, 6], "texture": "#0"},
				"up": {"uv": [6.0625, 6, 6, 5.9375], "texture": "#0"},
				"down": {"uv": [6.0625, 5.9375, 6, 6], "texture": "#0"}
			}
		},
		{
			"from": [13.9, 11.1, 3.5],
			"to": [14.2, 11.4, 4],
			"faces": {
				"north": {"uv": [6.0625, 5.875, 6.125, 5.9375], "texture": "#0"},
				"east": {"uv": [6.0625, 5.875, 6.125, 5.9375], "texture": "#0"},
				"south": {"uv": [6.0625, 5.875, 6.125, 5.9375], "texture": "#0"},
				"west": {"uv": [6.0625, 5.875, 6.125, 5.9375], "texture": "#0"},
				"up": {"uv": [6.125, 5.9375, 6.0625, 5.875], "texture": "#0"},
				"down": {"uv": [6.125, 5.875, 6.0625, 5.9375], "texture": "#0"}
			}
		},
		{
			"from": [3.5, 10.5, 12],
			"to": [12.5, 12, 13.1],
			"faces": {
				"north": {"uv": [6.75, 4.625, 6.8125, 4.75], "texture": "#0"},
				"east": {"uv": [6.75, 4.625, 6.8125, 4.75], "texture": "#0"},
				"south": {"uv": [6.1875, 5.9375, 6.25, 6], "texture": "#0"},
				"west": {"uv": [6.75, 4.625, 6.8125, 4.75], "texture": "#0"},
				"up": {"uv": [6.8125, 4.5, 6.75, 4.25], "texture": "#0"},
				"down": {"uv": [6.8125, 4.4375, 6.75, 4.6875], "texture": "#0"}
			}
		},
		{
			"from": [1, 9, 1],
			"to": [15, 10, 15],
			"faces": {
				"north": {"uv": [4, 6.875, 7.5, 7.125], "texture": "#0"},
				"east": {"uv": [4, 6.875, 7.5, 7.125], "texture": "#0"},
				"south": {"uv": [4, 6.875, 7.5, 7.125], "texture": "#0"},
				"west": {"uv": [4, 6.875, 7.5, 7.125], "texture": "#0"},
				"down": {"uv": [7.5, 0, 4, 3.5], "texture": "#0"}
			}
		},
		{
			"from": [11.5, 0, 11.5],
			"to": [14.5, 1, 14.5],
			"faces": {
				"north": {"uv": [6, 6, 6.75, 6.25], "texture": "#0"},
				"east": {"uv": [6, 6, 6.75, 6.25], "texture": "#0"},
				"south": {"uv": [6, 6, 6.75, 6.25], "texture": "#0"},
				"west": {"uv": [6, 6, 6.75, 6.25], "texture": "#0"},
				"up": {"uv": [7.5, 4.25, 6.75, 3.5], "texture": "#0"},
				"down": {"uv": [6.375, 4.3125, 6.25, 4.4375], "texture": "#0"}
			}
		},
		{
			"from": [12, 0, 2],
			"to": [14, 10, 4],
			"faces": {
				"north": {"uv": [6.25, 3.5, 6.75, 6], "texture": "#0"},
				"east": {"uv": [6.25, 3.5, 6.75, 6], "texture": "#0"},
				"south": {"uv": [6.25, 3.5, 6.75, 6], "texture": "#0"},
				"west": {"uv": [6.25, 3.5, 6.75, 6], "texture": "#0"}
			}
		},
		{
			"from": [1.5, 0, 1.5],
			"to": [4.5, 1, 4.5],
			"faces": {
				"north": {"uv": [6, 6, 6.75, 6.25], "texture": "#0"},
				"east": {"uv": [6, 6, 6.75, 6.25], "texture": "#0"},
				"south": {"uv": [6, 6, 6.75, 6.25], "texture": "#0"},
				"west": {"uv": [6, 6, 6.75, 6.25], "texture": "#0"},
				"up": {"uv": [7.5, 4.25, 6.75, 3.5], "texture": "#0"},
				"down": {"uv": [6.375, 4.3125, 6.25, 4.4375], "texture": "#0"}
			}
		}
	],
	"gui_light": "front",
	"display": {
		"thirdperson_righthand": {
			"scale": [0.5, 0.5, 0.5]
		},
		"thirdperson_lefthand": {
			"scale": [0.5, 0.5, 0.5]
		},
		"firstperson_righthand": {
			"scale": [0.5, 0.5, 0.5]
		},
		"firstperson_lefthand": {
			"scale": [0.5, 0.5, 0.5]
		},
		"ground": {
			"translation": [0, 4.5, 0]
		},
		"gui": {
			"rotation": [90, 0, 0]
		},
		"head": {
			"translation": [0, -31, 0],
			"scale": [1.51, 1.51, 1.51]
		},
		"fixed": {
			"rotation": [-90, 0, 0]
		}
	},
	"groups": [
		{
			"name": "group",
			"origin": [0, 0, 0],
			"color": 0,
			"children": [0, 1, 2, 3, 4, 5, 6, 7, 8, 9, 10, 11, 12, 13, 14, 15, 16, 17, 18, 19, 20, 21, 22, 23, 24, 25, 26, 27, 28, 29]
		}
	]
}