{
	"format_version": "1.21.6",
	"credit": "Created by Mickey Joe Alpha - http://YouTube.com/@MushirMickeyJoe",
	"parent": "item/shield/shield",
	"texture_size": [32, 32],
	"textures": {
		"shield": "barely_default:item/shield/diamond/shield",
		"particle": "block/diamond_block"
	},
	"elements": [
		{
			"name": "handle",
			"from": [-1.001, -3.001, -5.001],
			"to": [1.001, 3.001, 1.001],
			"rotation": {"angle": 0, "axis": "y", "origin": [0, 0, -2]},
			"faces": {
				"north": {"uv": [7, 11.5, 8, 14.5], "texture": "#shield"},
				"east": {"uv": [4, 11.5, 7, 14.5], "texture": "#shield"},
				"south": {"uv": [3, 11.5, 4, 14.5], "texture": "#shield"},
				"west": {"uv": [0, 11.5, 3, 14.5], "texture": "#shield"},
				"up": {"uv": [9, 14.5, 8, 11.5], "rotation": 180, "texture": "#shield"},
				"down": {"uv": [10, 11.5, 9, 14.5], "rotation": 180, "texture": "#shield"}
			}
		},
		{
			"name": "plate",
			"from": [-6.005, -11.005, 0.995],
			"to": [6.005, 11.005, 2.005],
			"rotation": {"angle": 0, "axis": "y", "origin": [0, 0, 1.5]},
			"faces": {
				"north": {"uv": [7, 0.5, 13, 11.5], "texture": "#shield"},
				"east": {"uv": [6.5, 0.5, 7, 11.5], "texture": "#shield"},
				"south": {"uv": [0.5, 0.5, 6.5, 11.5], "texture": "#shield"},
				"west": {"uv": [0, 0.5, 0.5, 11.5], "texture": "#shield"},
				"up": {"uv": [6.5, 0.5, 0.5, 0], "rotation": 180, "texture": "#shield"},
				"down": {"uv": [12.5, 0, 6.5, 0.5], "rotation": 180, "texture": "#shield"}
			}
		},
		{
			"name": "plate",
			"from": [5.995, -0.005, 0.995],
			"to": [7.005, 11.005, 2.005],
			"rotation": {"angle": 0, "axis": "y", "origin": [0, 0, 1.5]},
			"faces": {
				"north": {"uv": [14, 5.5, 13.5, 11], "texture": "#shield"},
				"east": {"uv": [13.5, 0, 14, 5.5], "texture": "#shield"},
				"south": {"uv": [13.5, 0, 14, 5.5], "texture": "#shield"},
				"up": {"uv": [13.5, 0, 14, 0.5], "texture": "#shield"},
				"down": {"uv": [13.5, 5, 14, 5.5], "texture": "#shield"}
			}
		},
		{
			"name": "plate",
			"from": [-7.005, -0.005, 0.995],
			"to": [-5.995, 11.005, 2.005],
			"rotation": {"angle": 0, "axis": "y", "origin": [0, 0, 1.5]},
			"faces": {
				"north": {"uv": [13, 5.5, 13.5, 11], "texture": "#shield"},
				"south": {"uv": [13.5, 0, 13, 5.5], "texture": "#shield"},
				"west": {"uv": [13.5, 0, 13, 5.5], "texture": "#shield"},
				"up": {"uv": [13.5, 0, 13, 0.5], "texture": "#shield"},
				"down": {"uv": [13.5, 5, 13, 5.5], "texture": "#shield"}
			}
		}
	]
}