{
	"credit": "Created by Mickey Joe Alpha - http://YouTube.com/@MushirMickeyJoe",
	"parent": "item/plated_food/barrel_neck",
	"textures": {
		"particle": "item/apple/apple_barrel",
		"bit_that_sticks_out": "item/apple/apple_barrel_stems"
	},
	"elements": [
		{
			"from": [1, 17, 1],
			"to": [15, 17, 15],
			"faces": {
				"up": {"uv": [1, 1, 15, 15], "texture": "#particle", "cullface": "up"}
			}
		},
		{
			"from": [9, 17, 0],
			"to": [9, 32, 16],
			"rotation": {"angle": 0, "axis": "y", "origin": [9, 16, 0]},
			"faces": {
				"east": {"uv": [16, 0, 0, 15], "texture": "#bit_that_sticks_out"},
				"west": {"uv": [0, 0, 16, 15], "texture": "#bit_that_sticks_out"}
			}
		},
		{
			"from": [0, 17, 7],
			"to": [16, 32, 7],
			"rotation": {"angle": 0, "axis": "y", "origin": [8, 24.5, 7]},
			"faces": {
				"north": {"uv": [16, 0, 0, 15], "texture": "#bit_that_sticks_out"},
				"south": {"uv": [0, 0, 16, 15], "texture": "#bit_that_sticks_out"}
			}
		}
	]
}