{
	"credit": "Created by Mickey Joe Alpha - http://YouTube.com/@MushirMickeyJoe",
	"parent": "block/block",
	"textures": {
		"particle": "item/apple/plated_apple"
	},
	"elements": [
		{
			"from": [5, 1, 5],
			"to": [11, 7, 11],
			"rotation": {"angle": 0, "axis": "y", "origin": [7, 1, 7]},
			"faces": {
				"north": {"uv": [0, 6, 6, 12], "texture": "#particle"},
				"east": {"uv": [0, 6, 6, 12], "texture": "#particle"},
				"south": {"uv": [0, 6, 6, 12], "texture": "#particle"},
				"west": {"uv": [0, 6, 6, 12], "texture": "#particle"},
				"up": {"uv": [6, 6, 0, 0], "texture": "#particle"}
			}
		},
		{
			"from": [4.5, 7, 8],
			"to": [10.5, 12, 8],
			"rotation": {"angle": 0, "axis": "y", "origin": [6.5, 1, 7]},
			"faces": {
				"north": {"uv": [10, 0, 16, 5], "texture": "#particle"},
				"south": {"uv": [16, 0, 10, 5], "texture": "#particle"}
			}
		}
	],
	"display": {
		"thirdperson_righthand": {
			"rotation": [67, 45, 0],
			"translation": [0, 4.75, 2.5],
			"scale": [0.55, 0.55, 0.55]
		},
		"thirdperson_lefthand": {
			"rotation": [67, 45, 0],
			"translation": [0, 4.75, 2.5],
			"scale": [0.55, 0.55, 0.55]
		},
		"firstperson_righthand": {
			"rotation": [0, 45, 0],
			"translation": [1.13, 7.05, 1.13],
			"scale": [0.68, 0.68, 0.68]
		},
		"firstperson_lefthand": {
			"rotation": [0, 45, 0],
			"translation": [1.13, 7.05, 1.13],
			"scale": [0.68, 0.68, 0.68]
		},
		"ground": {
			"translation": [0, 3.25, 0],
			"scale": [0.5, 0.5, 0.5]
		},
		"gui": {
			"rotation": [35, -135, 0],
			"translation": [0, 2.075, 7.25],
			"scale": [0.8, 0.8, 0.8]
		},
		"head": {
			"translation": [0, 14.25, 0]
		},
		"fixed": {
			"rotation": [-90, 0, 0],
			"translation": [0, 0, -14],
			"scale": [2.01, 2.01, 2.01]
		}
	}
}