{
	"credit": "Made with Blockbench",
	"texture_size": [256, 256],
	"textures": {
		"0": "item/amalon/tc/a4/skin_mallard",
		"particle": "item/amalon/tc/a4/skin_mallard"
	},
	"elements": [
		{
			"from": [-10, -3, 8],
			"to": [26, 0, 15],
			"faces": {
				"north": {"uv": [0, 0, 0, 0], "texture": "#0"},
				"east": {"uv": [15.5625, 4.125, 16, 4.3125], "texture": "#0"},
				"west": {"uv": [10.1875, 5.9375, 10.625, 6.125], "texture": "#0"},
				"up": {"uv": [10.9375, 6.125, 11.375, 8.375], "rotation": 90, "texture": "#0"}
			}
		},
		{
			"from": [-10, -3, 15],
			"to": [26, 0, 32],
			"faces": {
				"east": {"uv": [14.5, 4.125, 15.5625, 4.3125], "texture": "#0"},
				"south": {"uv": [1.9375, 5, 4.1875, 5.125], "texture": "#0"},
				"west": {"uv": [10.625, 5.9375, 11.6875, 6.125], "texture": "#0"},
				"up": {"uv": [12.4375, 6.125, 13.4375, 6.4375], "texture": "#0"}
			}
		},
		{
			"from": [3, 30, 18],
			"to": [13, 31, 20],
			"faces": {
				"north": {"uv": [13.25, 0.1875, 13.875, 0.25], "texture": "#0"},
				"east": {"uv": [5.625, 2.125, 5.75, 2.1875], "texture": "#0"},
				"south": {"uv": [11.6875, 6.9375, 11.75, 7.5625], "rotation": 90, "texture": "#0"},
				"west": {"uv": [7.875, 1.0625, 8, 1.125], "texture": "#0"},
				"up": {"uv": [11.5625, 6.9375, 11.6875, 7.5625], "rotation": 90, "texture": "#0"},
				"down": {"uv": [11.8125, 9.1875, 11.9375, 9.8125], "rotation": 270, "texture": "#0"}
			}
		},
		{
			"from": [13, 29, 18],
			"to": [15, 30, 20],
			"faces": {
				"north": {"uv": [13.125, 0.25, 13.25, 0.3125], "texture": "#0"},
				"east": {"uv": [5.625, 2.1875, 5.75, 2.25], "texture": "#0"},
				"south": {"uv": [11.6875, 6.8125, 11.75, 6.9375], "rotation": 90, "texture": "#0"},
				"west": {"uv": [9.3125, 0, 9.4375, 0.0625], "texture": "#0"},
				"up": {"uv": [11.5625, 6.8125, 11.6875, 6.9375], "rotation": 90, "texture": "#0"},
				"down": {"uv": [11.8125, 9.8125, 11.9375, 9.9375], "rotation": 270, "texture": "#0"}
			}
		},
		{
			"from": [1, 29, 18],
			"to": [3, 30, 20],
			"faces": {
				"north": {"uv": [13.875, 0.25, 14, 0.3125], "texture": "#0"},
				"east": {"uv": [9.5625, 1.875, 9.6875, 1.9375], "texture": "#0"},
				"south": {"uv": [11.6875, 7.5625, 11.75, 7.6875], "rotation": 90, "texture": "#0"},
				"west": {"uv": [7.875, 1.125, 8, 1.1875], "texture": "#0"},
				"up": {"uv": [11.5625, 7.5625, 11.6875, 7.6875], "rotation": 90, "texture": "#0"},
				"down": {"uv": [11.8125, 9.0625, 11.9375, 9.1875], "rotation": 270, "texture": "#0"}
			}
		},
		{
			"from": [15, 28, 18],
			"to": [17, 29, 21],
			"faces": {
				"north": {"uv": [13, 0.3125, 13.125, 0.375], "texture": "#0"},
				"east": {"uv": [5.5625, 2.25, 5.75, 2.3125], "texture": "#0"},
				"south": {"uv": [11.75, 6.6875, 11.8125, 6.8125], "rotation": 90, "texture": "#0"},
				"west": {"uv": [9.3125, 0.0625, 9.5, 0.125], "texture": "#0"},
				"up": {"uv": [11.5625, 6.6875, 11.75, 6.8125], "rotation": 90, "texture": "#0"},
				"down": {"uv": [11.75, 9.9375, 11.9375, 10.0625], "rotation": 270, "texture": "#0"}
			}
		},
		{
			"from": [-1, 28, 18],
			"to": [1, 29, 21],
			"faces": {
				"north": {"uv": [14, 0.3125, 14.125, 0.375], "texture": "#0"},
				"east": {"uv": [9.5, 1.9375, 9.6875, 2], "texture": "#0"},
				"south": {"uv": [11.75, 7.6875, 11.8125, 7.8125], "rotation": 90, "texture": "#0"},
				"west": {"uv": [7.875, 1.1875, 8.0625, 1.25], "texture": "#0"},
				"up": {"uv": [11.5625, 7.6875, 11.75, 7.8125], "rotation": 90, "texture": "#0"},
				"down": {"uv": [11.75, 8.9375, 11.9375, 9.0625], "rotation": 270, "texture": "#0"}
			}
		},
		{
			"from": [18, 27, 18],
			"to": [19, 28, 23],
			"faces": {
				"north": {"uv": [12.875, 0.375, 13, 0.4375], "texture": "#0"},
				"east": {"uv": [5.4375, 2.3125, 5.75, 2.375], "texture": "#0"},
				"south": {"uv": [11.875, 6.5625, 11.9375, 6.625], "rotation": 90, "texture": "#0"},
				"west": {"uv": [9.3125, 0.125, 9.625, 0.1875], "texture": "#0"},
				"up": {"uv": [11.5625, 6.5625, 11.875, 6.625], "rotation": 90, "texture": "#0"},
				"down": {"uv": [11.625, 10.125, 11.9375, 10.1875], "rotation": 270, "texture": "#0"}
			}
		},
		{
			"from": [17, 27, 18],
			"to": [18, 28, 22],
			"faces": {
				"north": {"uv": [12.875, 0.375, 13, 0.4375], "texture": "#0"},
				"south": {"uv": [11.8125, 6.625, 11.875, 6.6875], "rotation": 90, "texture": "#0"},
				"west": {"uv": [9.3125, 0.125, 9.5625, 0.1875], "texture": "#0"},
				"up": {"uv": [11.5625, 6.625, 11.8125, 6.6875], "rotation": 90, "texture": "#0"},
				"down": {"uv": [11.6875, 10.0625, 11.9375, 10.125], "rotation": 270, "texture": "#0"}
			}
		},
		{
			"from": [-3, 27, 18],
			"to": [-2, 28, 23],
			"faces": {
				"north": {"uv": [14.125, 0.375, 14.25, 0.4375], "texture": "#0"},
				"east": {"uv": [9.375, 2, 9.6875, 2.0625], "texture": "#0"},
				"south": {"uv": [11.875, 7.875, 11.9375, 7.9375], "rotation": 90, "texture": "#0"},
				"west": {"uv": [7.875, 1.25, 8.1875, 1.3125], "texture": "#0"},
				"up": {"uv": [11.5625, 7.875, 11.875, 7.9375], "rotation": 90, "texture": "#0"},
				"down": {"uv": [11.625, 8.8125, 11.9375, 8.875], "rotation": 270, "texture": "#0"}
			}
		},
		{
			"from": [-2, 27, 18],
			"to": [-1, 28, 22],
			"faces": {
				"north": {"uv": [14.125, 0.375, 14.25, 0.4375], "texture": "#0"},
				"east": {"uv": [9.4375, 2, 9.6875, 2.0625], "texture": "#0"},
				"south": {"uv": [11.8125, 7.8125, 11.875, 7.875], "rotation": 90, "texture": "#0"},
				"up": {"uv": [11.5625, 7.8125, 11.8125, 7.875], "rotation": 90, "texture": "#0"},
				"down": {"uv": [11.6875, 8.875, 11.9375, 8.9375], "rotation": 270, "texture": "#0"}
			}
		},
		{
			"from": [19, 26, 18],
			"to": [20, 27, 24],
			"faces": {
				"north": {"uv": [12.8125, 0.4375, 12.875, 0.5], "texture": "#0"},
				"south": {"uv": [11.9375, 6.5, 12, 6.5625], "rotation": 90, "texture": "#0"},
				"west": {"uv": [9.3125, 0.1875, 9.6875, 0.25], "texture": "#0"},
				"up": {"uv": [11.5625, 6.5, 11.9375, 6.5625], "rotation": 90, "texture": "#0"},
				"down": {"uv": [11.5625, 10.1875, 11.9375, 10.25], "rotation": 270, "texture": "#0"}
			}
		},
		{
			"from": [-5, 26, 18],
			"to": [-4, 27, 26],
			"faces": {
				"north": {"uv": [14.3125, 0.4375, 14.375, 0.5], "texture": "#0"},
				"east": {"uv": [9.1875, 2.0625, 9.6875, 2.125], "texture": "#0"},
				"south": {"uv": [12.0625, 8, 12.125, 8.0625], "rotation": 90, "texture": "#0"},
				"west": {"uv": [7.875, 1.3125, 8.375, 1.375], "texture": "#0"},
				"up": {"uv": [11.5625, 8, 12.0625, 8.0625], "rotation": 90, "texture": "#0"},
				"down": {"uv": [11.4375, 8.6875, 11.9375, 8.75], "rotation": 270, "texture": "#0"}
			}
		},
		{
			"from": [20, 26, 18],
			"to": [21, 27, 26],
			"faces": {
				"north": {"uv": [12.75, 0.4375, 12.8125, 0.5], "texture": "#0"},
				"east": {"uv": [5.25, 2.375, 5.75, 2.4375], "texture": "#0"},
				"south": {"uv": [12.0625, 6.4375, 12.125, 6.5], "rotation": 90, "texture": "#0"},
				"west": {"uv": [9.3125, 0.1875, 9.8125, 0.25], "texture": "#0"},
				"up": {"uv": [11.5625, 6.4375, 12.0625, 6.5], "rotation": 90, "texture": "#0"},
				"down": {"uv": [11.4375, 10.25, 11.9375, 10.3125], "rotation": 270, "texture": "#0"}
			}
		},
		{
			"from": [-4, 26, 18],
			"to": [-3, 27, 24],
			"faces": {
				"north": {"uv": [14.25, 0.4375, 14.3125, 0.5], "texture": "#0"},
				"east": {"uv": [9.3125, 2.0625, 9.6875, 2.125], "texture": "#0"},
				"south": {"uv": [11.9375, 7.9375, 12, 8], "rotation": 90, "texture": "#0"},
				"up": {"uv": [11.5625, 7.9375, 11.9375, 8], "rotation": 90, "texture": "#0"},
				"down": {"uv": [11.5625, 8.75, 11.9375, 8.8125], "rotation": 270, "texture": "#0"}
			}
		},
		{
			"from": [3, 29, 18.5],
			"to": [13, 30, 19.5],
			"faces": {
				"north": {"uv": [13.25, 0.25, 13.875, 0.3125], "texture": "#0"},
				"south": {"uv": [11.75, 6.9375, 11.8125, 7.5625], "rotation": 90, "texture": "#0"}
			}
		},
		{
			"from": [1, 28, 18.5],
			"to": [15, 29, 19.5],
			"faces": {
				"north": {"uv": [13.125, 0.3125, 14, 0.375], "texture": "#0"},
				"south": {"uv": [11.8125, 6.8125, 11.875, 7.6875], "rotation": 90, "texture": "#0"}
			}
		},
		{
			"from": [-1, 27, 18.5],
			"to": [17, 28, 19.5],
			"faces": {
				"north": {"uv": [13, 0.375, 14.125, 0.4375], "texture": "#0"},
				"south": {"uv": [11.875, 6.6875, 11.9375, 7.8125], "rotation": 90, "texture": "#0"}
			}
		},
		{
			"from": [-3, 26, 18.5],
			"to": [19, 27, 19.5],
			"faces": {
				"north": {"uv": [12.875, 0.4375, 14.25, 0.5], "texture": "#0"},
				"south": {"uv": [11.9375, 6.5625, 12, 7.9375], "rotation": 90, "texture": "#0"},
				"down": {"uv": [11.0625, 8.6875, 11.125, 10.0625], "rotation": 270, "texture": "#0"}
			}
		},
		{
			"from": [-5, 25, 18.5],
			"to": [5, 26, 19.5],
			"faces": {
				"north": {"uv": [13.75, 0.5, 14.375, 0.5625], "texture": "#0"},
				"east": {"uv": [13.6875, 0.5, 13.75, 0.5625], "texture": "#0"},
				"south": {"uv": [12, 7.3125, 12.0625, 7.9375], "rotation": 90, "texture": "#0"},
				"down": {"uv": [11.125, 8.6875, 11.1875, 9.3125], "rotation": 270, "texture": "#0"}
			}
		},
		{
			"from": [11, 25, 18.5],
			"to": [21, 26, 19.5],
			"faces": {
				"north": {"uv": [12.75, 0.5, 13.375, 0.5625], "texture": "#0"},
				"south": {"uv": [12, 6.5625, 12.0625, 7.1875], "rotation": 90, "texture": "#0"},
				"west": {"uv": [13.375, 0.5, 13.4375, 0.5625], "texture": "#0"},
				"down": {"uv": [11.125, 9.3125, 11.1875, 9.9375], "rotation": 270, "texture": "#0"}
			}
		},
		{
			"from": [-7, 24, 18.5],
			"to": [4, 25, 19.5],
			"faces": {
				"north": {"uv": [13.8125, 0.5625, 14.5, 0.625], "texture": "#0"},
				"east": {"uv": [13.75, 0.5625, 13.8125, 0.625], "texture": "#0"},
				"south": {"uv": [12.0625, 7.25, 12.125, 7.9375], "rotation": 90, "texture": "#0"}
			}
		},
		{
			"from": [12, 24, 18.5],
			"to": [23, 25, 19.5],
			"faces": {
				"north": {"uv": [12.625, 0.5625, 13.3125, 0.625], "texture": "#0"},
				"south": {"uv": [12.0625, 6.5625, 12.125, 7.25], "rotation": 90, "texture": "#0"},
				"west": {"uv": [13.3125, 0.5625, 13.375, 0.625], "texture": "#0"}
			}
		},
		{
			"from": [12, 12, 18.5],
			"to": [25, 24, 19.5],
			"faces": {
				"north": {"uv": [12.5, 0.625, 13.3125, 1.375], "texture": "#0"},
				"south": {"uv": [12.125, 6.4375, 12.875, 7.25], "rotation": 90, "texture": "#0"},
				"west": {"uv": [13.3125, 0.625, 13.375, 1.375], "texture": "#0"},
				"down": {"uv": [11.9375, 9.75, 12, 10.5625], "rotation": 270, "texture": "#0"}
			}
		},
		{
			"from": [-9, 12, 18.5],
			"to": [4, 24, 19.5],
			"faces": {
				"north": {"uv": [13.8125, 0.625, 14.625, 1.375], "texture": "#0"},
				"east": {"uv": [13.75, 0.625, 13.8125, 1.375], "texture": "#0"},
				"south": {"uv": [12.125, 7.25, 12.875, 8.0625], "rotation": 90, "texture": "#0"},
				"down": {"uv": [11.9375, 8.4375, 12, 9.25], "rotation": 270, "texture": "#0"}
			}
		},
		{
			"from": [12, 12, 13.9],
			"to": [25, 13, 18.4],
			"rotation": {"angle": 0, "axis": "y", "origin": [0, 0, -0.6]},
			"faces": {
				"north": {"uv": [12.5, 1.3125, 13.3125, 1.375], "texture": "#0"},
				"south": {"uv": [2.9375, 3.4375, 3.0625, 3.5], "texture": "#0"},
				"west": {"uv": [13.375, 1.3125, 13.625, 1.375], "texture": "#0"},
				"up": {"uv": [11.3125, 6.1875, 11.5625, 7], "rotation": 90, "texture": "#0"},
				"down": {"uv": [11.5, 9.0625, 11.8125, 9.875], "rotation": 270, "texture": "#0"}
			}
		},
		{
			"from": [3, 13, 13.9],
			"to": [13, 13.5, 18.4],
			"rotation": {"angle": 0, "axis": "y", "origin": [0, 0, -0.6]},
			"faces": {
				"north": {"uv": [13.4375, 1.5, 13.375, 2.125], "rotation": 90, "texture": "#0"},
				"east": {"uv": [13.375, 1.125, 13.625, 1.1875], "texture": "#0"},
				"south": {"uv": [13.625, 6.375, 13.6875, 7], "rotation": 90, "texture": "#0"},
				"west": {"uv": [13.375, 1.1875, 13.625, 1.25], "texture": "#0"},
				"up": {"uv": [11.3125, 6.9375, 11.5625, 7.5625], "rotation": 90, "texture": "#0"},
				"down": {"uv": [11.1875, 9.5, 11.5, 10.125], "rotation": 270, "texture": "#0"}
			}
		},
		{
			"from": [3, 13.5, 17],
			"to": [3.5, 20.5, 18.5],
			"faces": {
				"east": {"uv": [13.375, 0.625, 13.4375, 1.0625], "texture": "#0"},
				"west": {"uv": [13.6875, 0.625, 13.75, 1.0625], "texture": "#0"},
				"up": {"uv": [11.5, 7.5625, 11.5625, 7.5], "rotation": 90, "texture": "#0"}
			}
		},
		{
			"from": [3, 12.9, 17],
			"to": [3.5, 20.5, 19.7],
			"rotation": {"angle": 22.5, "axis": "x", "origin": [0, 20.5, 17]},
			"faces": {
				"north": {"uv": [13.8125, 0.8125, 13.75, 1.25], "texture": "#0"},
				"east": {"uv": [13.375, 0.625, 13.5625, 1.125], "texture": "#0"},
				"west": {"uv": [13.5625, 0.625, 13.75, 1.125], "texture": "#0"}
			}
		},
		{
			"from": [12, 0, 13.9],
			"to": [25, 12, 14.9],
			"rotation": {"angle": 0, "axis": "y", "origin": [0, 0, -0.6]},
			"faces": {
				"north": {"uv": [12.5, 1.375, 13.3125, 2.125], "texture": "#0"},
				"south": {"uv": [12.875, 6.4375, 13.625, 7.25], "rotation": 90, "texture": "#0"},
				"west": {"uv": [13.3125, 1.375, 13.375, 2.125], "texture": "#0"}
			}
		},
		{
			"from": [-9, 0, 13.9],
			"to": [4, 12, 14.9],
			"rotation": {"angle": 0, "axis": "y", "origin": [0, 0, -0.6]},
			"faces": {
				"north": {"uv": [13.8125, 1.375, 14.625, 2.125], "texture": "#0"},
				"east": {"uv": [13.75, 1.375, 13.8125, 2.125], "texture": "#0"},
				"south": {"uv": [12.875, 7.25, 13.625, 8.0625], "rotation": 90, "texture": "#0"}
			}
		},
		{
			"from": [-9, 12, 13.9],
			"to": [4, 13, 18.4],
			"rotation": {"angle": 0, "axis": "y", "origin": [0, 0, -0.6]},
			"faces": {
				"north": {"uv": [13.8125, 1.3125, 14.625, 1.375], "texture": "#0"},
				"east": {"uv": [13.375, 1.375, 13.625, 1.4375], "texture": "#0"},
				"south": {"uv": [2.9375, 3.4375, 3.0625, 3.5], "texture": "#0"},
				"up": {"uv": [11.3125, 7.5, 11.5625, 8.3125], "rotation": 90, "texture": "#0"},
				"down": {"uv": [11.1875, 8.75, 11.5, 9.5625], "rotation": 270, "texture": "#0"}
			}
		},
		{
			"from": [10.9, 12.8, 18.5],
			"to": [11.9, 24.9, 19.5],
			"faces": {
				"north": {"uv": [9.0625, 4.5, 9.125, 5.25], "texture": "#0"},
				"east": {"uv": [9, 4.5, 9.0625, 5.25], "texture": "#0"},
				"south": {"uv": [10.0625, 4.5, 10.125, 5.25], "texture": "#0"},
				"west": {"uv": [9.5625, 4.5, 9.625, 5.25], "texture": "#0"},
				"up": {"uv": [9.0625, 4.375, 9.125, 4.4375], "rotation": 180, "texture": "#0"},
				"down": {"uv": [9.0625, 5.6875, 9.125, 5.75], "rotation": 180, "texture": "#0"}
			}
		},
		{
			"from": [4.1, 12.8, 18.5],
			"to": [5.1, 24.9, 19.5],
			"faces": {
				"north": {"uv": [9.5, 4.5, 9.5625, 5.25], "texture": "#0"},
				"east": {"uv": [9, 4.5, 9.0625, 5.25], "texture": "#0"},
				"south": {"uv": [9.625, 4.5, 9.6875, 5.25], "texture": "#0"},
				"west": {"uv": [9.5625, 4.5, 9.625, 5.25], "texture": "#0"},
				"up": {"uv": [9.5, 4.375, 9.5625, 4.4375], "rotation": 180, "texture": "#0"},
				"down": {"uv": [9.5, 5.6875, 9.5625, 5.75], "rotation": 180, "texture": "#0"}
			}
		},
		{
			"from": [9.9, 24, 18.5],
			"to": [10.9, 25.9, 19.5],
			"faces": {
				"north": {"uv": [9.125, 4.4375, 9.1875, 4.5625], "texture": "#0"},
				"east": {"uv": [9, 4.4375, 9.0625, 4.5625], "texture": "#0"},
				"south": {"uv": [10, 4.4375, 10.0625, 4.5625], "texture": "#0"},
				"west": {"uv": [9.5625, 4.4375, 9.625, 4.5625], "texture": "#0"},
				"up": {"uv": [9.125, 4.375, 9.1875, 4.4375], "rotation": 180, "texture": "#0"},
				"down": {"uv": [9.125, 5.6875, 9.1875, 5.75], "rotation": 180, "texture": "#0"}
			}
		},
		{
			"from": [5.1, 24, 18.5],
			"to": [6.1, 25.9, 19.5],
			"faces": {
				"north": {"uv": [9.4375, 4.4375, 9.5, 4.5625], "texture": "#0"},
				"east": {"uv": [9, 4.4375, 9.0625, 4.5625], "texture": "#0"},
				"south": {"uv": [9.6875, 4.4375, 9.75, 4.5625], "texture": "#0"},
				"west": {"uv": [9.5625, 4.4375, 9.625, 4.5625], "texture": "#0"},
				"up": {"uv": [9.4375, 4.375, 9.5, 4.4375], "rotation": 180, "texture": "#0"},
				"down": {"uv": [9.4375, 5.6875, 9.5, 5.75], "rotation": 180, "texture": "#0"}
			}
		},
		{
			"from": [6.1, 24.9, 18.5],
			"to": [9.9, 25.9, 19.5],
			"faces": {
				"north": {"uv": [9.1875, 4.4375, 9.4375, 4.5], "texture": "#0"},
				"south": {"uv": [9.75, 4.4375, 10, 4.5], "texture": "#0"},
				"up": {"uv": [9.1875, 4.375, 9.4375, 4.4375], "rotation": 180, "texture": "#0"},
				"down": {"uv": [9.1875, 5.6875, 9.4375, 5.75], "rotation": 180, "texture": "#0"}
			}
		},
		{
			"from": [5.1, 12.5, 18.5],
			"to": [10.9, 13.5, 19.5],
			"faces": {
				"north": {"uv": [9.125, 5.625, 9.5, 5.6875], "texture": "#0"},
				"east": {"uv": [9, 5.25, 9.0625, 5.3125], "texture": "#0"},
				"south": {"uv": [9.6875, 5.625, 10.0625, 5.6875], "texture": "#0"},
				"west": {"uv": [9.5625, 5.25, 9.625, 5.3125], "texture": "#0"},
				"up": {"uv": [9.125, 4.375, 9.5, 4.4375], "rotation": 180, "texture": "#0"},
				"down": {"uv": [9.125, 5.6875, 9.5, 5.75], "rotation": 180, "texture": "#0"}
			}
		},
		{
			"from": [5.1, 22.9, 18.9],
			"to": [10.9, 23.5, 19.5],
			"faces": {
				"north": {"uv": [9.125, 4.625, 9.5, 4.6875], "texture": "#0"},
				"south": {"uv": [9.6875, 4.625, 10.0625, 4.6875], "texture": "#0"},
				"up": {"uv": [9.125, 4.375, 9.5, 4.4375], "rotation": 180, "texture": "#0"},
				"down": {"uv": [9.125, 5.6875, 9.5, 5.75], "rotation": 180, "texture": "#0"}
			}
		},
		{
			"from": [5.1, 21.7, 18.9],
			"to": [10.9, 22.3, 19.5],
			"faces": {
				"north": {"uv": [9.125, 4.75, 9.5, 4.8125], "texture": "#0"},
				"south": {"uv": [9.6875, 4.75, 10.0625, 4.8125], "texture": "#0"},
				"up": {"uv": [9.125, 4.375, 9.5, 4.4375], "rotation": 180, "texture": "#0"},
				"down": {"uv": [9.125, 5.6875, 9.5, 5.75], "rotation": 180, "texture": "#0"}
			}
		},
		{
			"from": [5.1, 20.5, 18.9],
			"to": [10.9, 21.1, 19.5],
			"faces": {
				"north": {"uv": [9.125, 4.875, 9.5, 4.9375], "texture": "#0"},
				"south": {"uv": [9.6875, 4.875, 10.0625, 4.9375], "texture": "#0"},
				"up": {"uv": [9.125, 4.375, 9.5, 4.4375], "rotation": 180, "texture": "#0"},
				"down": {"uv": [9.125, 5.6875, 9.5, 5.75], "rotation": 180, "texture": "#0"}
			}
		},
		{
			"from": [5.1, 19.3, 18.9],
			"to": [10.9, 19.9, 19.5],
			"faces": {
				"north": {"uv": [9.125, 5, 9.5, 5.0625], "texture": "#0"},
				"south": {"uv": [9.6875, 5, 10.0625, 5.0625], "texture": "#0"},
				"up": {"uv": [9.125, 4.375, 9.5, 4.4375], "rotation": 180, "texture": "#0"},
				"down": {"uv": [9.125, 5.6875, 9.5, 5.75], "rotation": 180, "texture": "#0"}
			}
		},
		{
			"from": [5.1, 18.1, 18.9],
			"to": [10.9, 18.7, 19.5],
			"faces": {
				"north": {"uv": [9.125, 5.125, 9.5, 5.1875], "texture": "#0"},
				"south": {"uv": [9.6875, 5.125, 10.0625, 5.1875], "texture": "#0"},
				"up": {"uv": [9.125, 4.375, 9.5, 4.4375], "rotation": 180, "texture": "#0"},
				"down": {"uv": [9.125, 5.6875, 9.5, 5.75], "rotation": 180, "texture": "#0"}
			}
		},
		{
			"from": [5.1, 16.9, 18.9],
			"to": [10.9, 17.5, 19.5],
			"faces": {
				"north": {"uv": [9.125, 5.25, 9.5, 5.3125], "texture": "#0"},
				"south": {"uv": [9.6875, 5.25, 10.0625, 5.3125], "texture": "#0"},
				"up": {"uv": [9.125, 4.375, 9.5, 4.4375], "rotation": 180, "texture": "#0"},
				"down": {"uv": [9.125, 5.6875, 9.5, 5.75], "rotation": 180, "texture": "#0"}
			}
		},
		{
			"from": [5.1, 15.7, 18.9],
			"to": [10.9, 16.3, 19.5],
			"faces": {
				"north": {"uv": [9.125, 5.375, 9.5, 5.4375], "texture": "#0"},
				"south": {"uv": [9.6875, 5.375, 10.0625, 5.4375], "texture": "#0"},
				"up": {"uv": [9.125, 4.375, 9.5, 4.4375], "rotation": 180, "texture": "#0"},
				"down": {"uv": [9.125, 5.6875, 9.5, 5.75], "rotation": 180, "texture": "#0"}
			}
		},
		{
			"from": [5.1, 14.5, 18.9],
			"to": [10.9, 15.1, 19.5],
			"faces": {
				"north": {"uv": [9.125, 5.5, 9.5, 5.5625], "texture": "#0"},
				"south": {"uv": [9.6875, 5.5, 10.0625, 5.5625], "texture": "#0"},
				"up": {"uv": [9.125, 4.375, 9.5, 4.4375], "rotation": 180, "texture": "#0"},
				"down": {"uv": [9.125, 5.6875, 9.5, 5.75], "rotation": 180, "texture": "#0"}
			}
		},
		{
			"from": [5.1, 22.3, 19.3],
			"to": [10.9, 24.9, 19.5],
			"faces": {
				"north": {"uv": [9.125, 4.5, 9.5, 4.75], "texture": "#0"},
				"south": {"uv": [9.6875, 4.5, 10.0625, 4.75], "texture": "#0"}
			}
		},
		{
			"from": [8.9, 21.1, 19.3],
			"to": [10.9, 21.7, 19.5],
			"faces": {
				"north": {"uv": [9.125, 4.8125, 9.25, 4.875], "texture": "#0"},
				"south": {"uv": [9.9375, 4.8125, 10.0625, 4.875], "texture": "#0"},
				"west": {"uv": [9.25, 4.8125, 9.3125, 4.875], "texture": "#0"}
			}
		},
		{
			"from": [5.1, 21.1, 19.3],
			"to": [7.1, 21.7, 19.5],
			"faces": {
				"north": {"uv": [9.375, 4.8125, 9.5, 4.875], "texture": "#0"},
				"east": {"uv": [9.3125, 4.8125, 9.375, 4.875], "texture": "#0"},
				"south": {"uv": [9.6875, 4.8125, 9.8125, 4.875], "texture": "#0"}
			}
		},
		{
			"from": [5.1, 16.3, 19.3],
			"to": [10.9, 20.5, 19.5],
			"faces": {
				"north": {"uv": [9.125, 4.9375, 9.5, 5.375], "texture": "#0"},
				"south": {"uv": [9.6875, 4.9375, 10.0625, 5.375], "texture": "#0"}
			}
		},
		{
			"from": [7.9, 15.1, 19.3],
			"to": [10.9, 15.7, 19.5],
			"faces": {
				"north": {"uv": [9.125, 5.4375, 9.3125, 5.5], "texture": "#0"},
				"south": {"uv": [9.875, 5.4375, 10.0625, 5.5], "texture": "#0"},
				"west": {"uv": [9.3125, 5.4375, 9.375, 5.5], "texture": "#0"}
			}
		},
		{
			"from": [5.1, 15.1, 19.3],
			"to": [5.7, 15.7, 19.5],
			"faces": {
				"north": {"uv": [9.4375, 5.4375, 9.5, 5.5], "texture": "#0"},
				"east": {"uv": [9.375, 5.4375, 9.4375, 5.5], "texture": "#0"},
				"south": {"uv": [9.6875, 5.4375, 9.75, 5.5], "texture": "#0"}
			}
		},
		{
			"from": [5.1, 13.5, 19.3],
			"to": [10.9, 14.5, 19.5],
			"faces": {
				"north": {"uv": [9.125, 5.5625, 9.5, 5.625], "texture": "#0"},
				"south": {"uv": [9.6875, 5.5625, 10.0625, 5.625], "texture": "#0"}
			}
		},
		{
			"from": [-9, 24, 18],
			"to": [-8, 25, 32],
			"faces": {
				"north": {"uv": [14.5625, 0.5625, 14.625, 0.625], "texture": "#0"},
				"south": {"uv": [12.375, 8.25, 12.4375, 8.3125], "rotation": 90, "texture": "#0"},
				"west": {"uv": [10.8125, 4.375, 11.6875, 4.4375], "texture": "#0"},
				"up": {"uv": [11.5625, 8.25, 12.4375, 8.3125], "rotation": 90, "texture": "#0"},
				"down": {"uv": [11.0625, 8.4375, 11.9375, 8.5], "rotation": 270, "texture": "#0"}
			}
		},
		{
			"from": [-8, 24, 18],
			"to": [-7, 25, 32],
			"faces": {
				"north": {"uv": [14.5, 0.5625, 14.5625, 0.625], "texture": "#0"},
				"east": {"uv": [8.8125, 2.1875, 9.6875, 2.25], "texture": "#0"},
				"south": {"uv": [12.375, 8.1875, 12.4375, 8.25], "rotation": 90, "texture": "#0"},
				"west": {"uv": [10.8125, 4.375, 11.6875, 4.4375], "texture": "#0"},
				"up": {"uv": [11.5625, 8.1875, 12.4375, 8.25], "rotation": 90, "texture": "#0"},
				"down": {"uv": [11.0625, 8.5, 11.9375, 8.5625], "rotation": 270, "texture": "#0"}
			}
		},
		{
			"from": [-7, 25, 18],
			"to": [-6, 26, 32],
			"faces": {
				"north": {"uv": [14.4375, 0.5, 14.5, 0.5625], "texture": "#0"},
				"south": {"uv": [12.375, 8.125, 12.4375, 8.1875], "rotation": 90, "texture": "#0"},
				"west": {"uv": [10.8125, 4.3125, 11.6875, 4.375], "texture": "#0"},
				"up": {"uv": [11.5625, 8.125, 12.4375, 8.1875], "rotation": 90, "texture": "#0"},
				"down": {"uv": [11.0625, 8.5625, 11.9375, 8.625], "rotation": 270, "texture": "#0"}
			}
		},
		{
			"from": [-6, 25, 18],
			"to": [-5, 26, 32],
			"faces": {
				"north": {"uv": [14.375, 0.5, 14.4375, 0.5625], "texture": "#0"},
				"east": {"uv": [8.8125, 2.125, 9.6875, 2.1875], "texture": "#0"},
				"south": {"uv": [12.375, 8.0625, 12.4375, 8.125], "rotation": 90, "texture": "#0"},
				"west": {"uv": [10.8125, 4.3125, 11.6875, 4.375], "texture": "#0"},
				"up": {"uv": [11.5625, 8.0625, 12.4375, 8.125], "rotation": 90, "texture": "#0"},
				"down": {"uv": [11.0625, 8.625, 11.9375, 8.6875], "rotation": 270, "texture": "#0"}
			}
		},
		{
			"from": [-10, 0, 18],
			"to": [-9, 24, 32],
			"faces": {
				"north": {"uv": [14.625, 0.625, 14.6875, 2.125], "texture": "#0"},
				"east": {"uv": [8.8125, 2.25, 9.6875, 3.75], "texture": "#0"},
				"south": {"uv": [11.6875, 4.4375, 11.75, 5.9375], "texture": "#0"},
				"west": {"uv": [10.8125, 4.4375, 11.6875, 5.9375], "texture": "#0"},
				"up": {"uv": [11.5625, 8.3125, 12.4375, 8.375], "rotation": 90, "texture": "#0"}
			}
		},
		{
			"from": [-10, 0, 14],
			"to": [-9, 23, 18],
			"faces": {
				"north": {"uv": [14.625, 0.6875, 14.6875, 2.125], "texture": "#0"},
				"east": {"uv": [9.6875, 2.3125, 9.9375, 3.75], "texture": "#0"},
				"west": {"uv": [10.5625, 4.5, 10.8125, 5.9375], "texture": "#0"},
				"up": {"uv": [11.3125, 8.3125, 11.5625, 8.375], "rotation": 90, "texture": "#0"}
			}
		},
		{
			"from": [-10, 0, 13],
			"to": [-9, 22, 14],
			"faces": {
				"north": {"uv": [14.625, 0.75, 14.6875, 2.125], "texture": "#0"},
				"east": {"uv": [9.9375, 2.375, 10, 3.75], "texture": "#0"},
				"west": {"uv": [10.5, 4.5625, 10.5625, 5.9375], "texture": "#0"},
				"up": {"uv": [11.25, 8.3125, 11.3125, 8.375], "rotation": 90, "texture": "#0"}
			}
		},
		{
			"from": [-10, 0, 11],
			"to": [-9, 19, 13],
			"faces": {
				"north": {"uv": [14.625, 0.9375, 14.6875, 2.125], "texture": "#0"},
				"east": {"uv": [10, 2.5625, 10.125, 3.75], "texture": "#0"},
				"west": {"uv": [10.375, 4.75, 10.5, 5.9375], "texture": "#0"},
				"up": {"uv": [11.125, 8.3125, 11.25, 8.375], "rotation": 90, "texture": "#0"}
			}
		},
		{
			"from": [-10, 0, 10],
			"to": [-9, 18, 11],
			"faces": {
				"north": {"uv": [14.625, 1, 14.6875, 2.125], "texture": "#0"},
				"east": {"uv": [10.125, 2.625, 10.1875, 3.75], "texture": "#0"},
				"west": {"uv": [10.3125, 4.8125, 10.375, 5.9375], "texture": "#0"},
				"up": {"uv": [11.0625, 8.3125, 11.125, 8.375], "rotation": 90, "texture": "#0"}
			}
		},
		{
			"from": [24, 24, 18],
			"to": [25, 25, 32],
			"rotation": {"angle": 0, "axis": "y", "origin": [16, 0, 0]},
			"faces": {
				"north": {"uv": [12.5625, 0.5625, 12.5, 0.625], "texture": "#0"},
				"east": {"uv": [14.5, 2.5625, 15.375, 2.625], "texture": "#0"},
				"south": {"uv": [12.375, 6.25, 12.4375, 6.1875], "rotation": 90, "texture": "#0"},
				"up": {"uv": [11.5625, 6.1875, 12.4375, 6.25], "rotation": 90, "texture": "#0"},
				"down": {"uv": [11.0625, 10.5, 11.9375, 10.5625], "rotation": 270, "texture": "#0"}
			}
		},
		{
			"from": [23, 24, 18],
			"to": [24, 25, 32],
			"rotation": {"angle": 0, "axis": "y", "origin": [16, 0, 0]},
			"faces": {
				"north": {"uv": [12.625, 0.5625, 12.5625, 0.625], "texture": "#0"},
				"east": {"uv": [14.5, 2.5625, 15.375, 2.625], "texture": "#0"},
				"south": {"uv": [12.375, 6.3125, 12.4375, 6.25], "rotation": 90, "texture": "#0"},
				"west": {"uv": [9.3125, 0.3125, 10.1875, 0.375], "texture": "#0"},
				"up": {"uv": [11.5625, 6.25, 12.4375, 6.3125], "rotation": 90, "texture": "#0"},
				"down": {"uv": [11.0625, 10.4375, 11.9375, 10.5], "rotation": 270, "texture": "#0"}
			}
		},
		{
			"from": [22, 25, 18],
			"to": [23, 26, 32],
			"rotation": {"angle": 0, "axis": "y", "origin": [16, 0, 0]},
			"faces": {
				"north": {"uv": [12.6875, 0.5, 12.625, 0.5625], "texture": "#0"},
				"east": {"uv": [14.5, 2.5, 15.375, 2.5625], "texture": "#0"},
				"south": {"uv": [12.375, 6.375, 12.4375, 6.3125], "rotation": 90, "texture": "#0"},
				"up": {"uv": [11.5625, 6.3125, 12.4375, 6.375], "rotation": 90, "texture": "#0"},
				"down": {"uv": [11.0625, 10.375, 11.9375, 10.4375], "rotation": 270, "texture": "#0"}
			}
		},
		{
			"from": [21, 25, 18],
			"to": [22, 26, 32],
			"rotation": {"angle": 0, "axis": "y", "origin": [16, 0, 0]},
			"faces": {
				"north": {"uv": [12.75, 0.5, 12.6875, 0.5625], "texture": "#0"},
				"east": {"uv": [14.5, 2.5, 15.375, 2.5625], "texture": "#0"},
				"south": {"uv": [12.375, 6.4375, 12.4375, 6.375], "rotation": 90, "texture": "#0"},
				"west": {"uv": [9.3125, 0.25, 10.1875, 0.3125], "texture": "#0"},
				"up": {"uv": [11.5625, 6.375, 12.4375, 6.4375], "rotation": 90, "texture": "#0"},
				"down": {"uv": [11.0625, 10.3125, 11.9375, 10.375], "rotation": 270, "texture": "#0"}
			}
		},
		{
			"from": [25, 0, 18],
			"to": [26, 24, 32],
			"rotation": {"angle": 0, "axis": "y", "origin": [16, 0, 0]},
			"faces": {
				"north": {"uv": [12.5, 0.625, 12.4375, 2.125], "texture": "#0"},
				"east": {"uv": [14.5, 2.625, 15.375, 4.125], "texture": "#0"},
				"south": {"uv": [14.5, 2.625, 14.4375, 4.125], "texture": "#0"},
				"west": {"uv": [9.3125, 0.375, 10.1875, 1.875], "texture": "#0"},
				"up": {"uv": [11.5625, 6.125, 12.4375, 6.1875], "rotation": 90, "texture": "#0"}
			}
		},
		{
			"from": [25, 0, 14],
			"to": [26, 23, 18],
			"rotation": {"angle": 0, "axis": "y", "origin": [16, 0, 0]},
			"faces": {
				"north": {"uv": [12.5, 0.6875, 12.4375, 2.125], "texture": "#0"},
				"east": {"uv": [15.375, 2.6875, 15.625, 4.125], "texture": "#0"},
				"west": {"uv": [9.0625, 0.4375, 9.3125, 1.875], "texture": "#0"},
				"up": {"uv": [11.3125, 6.125, 11.5625, 6.1875], "rotation": 90, "texture": "#0"}
			}
		},
		{
			"from": [25, 0, 13],
			"to": [26, 22, 14],
			"rotation": {"angle": 0, "axis": "y", "origin": [16, 0, 0]},
			"faces": {
				"north": {"uv": [12.5, 0.75, 12.4375, 2.125], "texture": "#0"},
				"east": {"uv": [15.625, 2.75, 15.6875, 4.125], "texture": "#0"},
				"west": {"uv": [9, 0.5, 9.0625, 1.875], "texture": "#0"},
				"up": {"uv": [11.25, 6.125, 11.3125, 6.1875], "rotation": 90, "texture": "#0"}
			}
		},
		{
			"from": [25, 0, 11],
			"to": [26, 19, 13],
			"rotation": {"angle": 0, "axis": "y", "origin": [16, 0, 0]},
			"faces": {
				"north": {"uv": [12.5, 0.9375, 12.4375, 2.125], "texture": "#0"},
				"east": {"uv": [15.6875, 2.9375, 15.8125, 4.125], "texture": "#0"},
				"west": {"uv": [8.875, 0.6875, 9, 1.875], "texture": "#0"},
				"up": {"uv": [11.125, 6.125, 11.25, 6.1875], "rotation": 90, "texture": "#0"}
			}
		},
		{
			"from": [25, 0, 10],
			"to": [26, 18, 11],
			"rotation": {"angle": 0, "axis": "y", "origin": [16, 0, 0]},
			"faces": {
				"north": {"uv": [12.5, 1, 12.4375, 2.125], "texture": "#0"},
				"east": {"uv": [15.8125, 3, 15.875, 4.125], "texture": "#0"},
				"west": {"uv": [8.8125, 0.75, 8.875, 1.875], "texture": "#0"},
				"up": {"uv": [11.0625, 6.125, 11.125, 6.1875], "rotation": 90, "texture": "#0"}
			}
		},
		{
			"from": [-9, -1, 20],
			"to": [25, 11, 21],
			"rotation": {"angle": 22.5, "axis": "x", "origin": [0, 11, 20]},
			"faces": {
				"north": {"uv": [5.5, 8.375, 6.25, 10.5], "rotation": 270, "texture": "#0"}
			}
		},
		{
			"from": [-7, 11, 20],
			"to": [23, 24, 32],
			"faces": {
				"north": {"uv": [6.25, 8.5, 7.0625, 10.375], "rotation": 270, "texture": "#0"},
				"up": {"uv": [7.25, 8.5, 8, 10.375], "rotation": 90, "texture": "#0"}
			}
		},
		{
			"from": [-4, 24, 20],
			"to": [20, 25, 32],
			"faces": {
				"north": {"uv": [7.0625, 8.6875, 7.125, 10.1875], "rotation": 270, "texture": "#0"},
				"east": {"uv": [15.25, 2.4375, 16, 2.5], "texture": "#0"},
				"south": {"uv": [7.9375, 8.6875, 8, 10.1875], "rotation": 90, "texture": "#0"},
				"west": {"uv": [7.25, 10.5625, 8, 10.625], "texture": "#0"},
				"up": {"uv": [7.25, 8.6875, 8, 10.1875], "rotation": 90, "texture": "#0"}
			}
		},
		{
			"from": [-3, 25, 21],
			"to": [19, 26, 32],
			"faces": {
				"north": {"uv": [7.125, 8.75, 7.1875, 10.125], "rotation": 270, "texture": "#0"},
				"east": {"uv": [15.25, 2.375, 15.9375, 2.4375], "texture": "#0"},
				"south": {"uv": [7.9375, 8.75, 8, 10.125], "rotation": 90, "texture": "#0"},
				"west": {"uv": [7.3125, 10.5, 8, 10.5625], "texture": "#0"},
				"up": {"uv": [7.3125, 8.75, 8, 10.125], "rotation": 90, "texture": "#0"}
			}
		},
		{
			"from": [-1, 26, 22],
			"to": [17, 27, 32],
			"faces": {
				"north": {"uv": [7.1875, 8.875, 7.25, 10], "rotation": 270, "texture": "#0"},
				"east": {"uv": [15.25, 2.3125, 15.875, 2.375], "texture": "#0"},
				"south": {"uv": [7.9375, 8.875, 8, 10], "rotation": 90, "texture": "#0"},
				"west": {"uv": [7.375, 10.4375, 8, 10.5], "texture": "#0"},
				"up": {"uv": [7.375, 8.875, 8, 10], "rotation": 90, "texture": "#0"}
			}
		},
		{
			"from": [2, 27, 24],
			"to": [14, 28, 32],
			"faces": {
				"north": {"uv": [7.25, 9.0625, 7.3125, 9.8125], "rotation": 270, "texture": "#0"},
				"east": {"uv": [15.25, 2.25, 15.75, 2.3125], "texture": "#0"},
				"south": {"uv": [7.9375, 9.0625, 8, 9.8125], "rotation": 90, "texture": "#0"},
				"west": {"uv": [7.5, 10.375, 8, 10.4375], "texture": "#0"},
				"up": {"uv": [7.5, 9.0625, 8, 9.8125], "rotation": 90, "texture": "#0"}
			}
		},
		{
			"from": [-3, -15, 8],
			"to": [19, -6, 15],
			"faces": {
				"north": {"uv": [0, 0.75, 0.0625, 0.8125], "texture": "#0"},
				"east": {"uv": [0, 0.75, 0.0625, 0.8125], "texture": "#0"},
				"south": {"uv": [0, 0.75, 0.0625, 0.8125], "texture": "#0"},
				"west": {"uv": [0, 0.75, 0.0625, 0.8125], "texture": "#0"},
				"up": {"uv": [0, 0.75, 0.0625, 0.8125], "texture": "#0"},
				"down": {"uv": [0, 0.75, 0.0625, 0.8125], "texture": "#0"}
			}
		},
		{
			"from": [-3, -6, 8],
			"to": [19, -4, 32],
			"faces": {
				"north": {"uv": [0, 0.75, 0.0625, 0.8125], "texture": "#0"},
				"east": {"uv": [0, 0.75, 0.0625, 0.8125], "texture": "#0"},
				"south": {"uv": [0, 0.75, 0.0625, 0.8125], "texture": "#0"},
				"west": {"uv": [0, 0.75, 0.0625, 0.8125], "texture": "#0"},
				"down": {"uv": [0, 0.75, 0.0625, 0.8125], "texture": "#0"}
			}
		},
		{
			"from": [-11, -4, 8],
			"to": [27, -3, 32],
			"rotation": {"angle": 0, "axis": "y", "origin": [0, 0, -24]},
			"faces": {
				"north": {"uv": [0, 0.75, 0.0625, 0.8125], "texture": "#0"},
				"east": {"uv": [0, 0.75, 0.0625, 0.8125], "texture": "#0"},
				"south": {"uv": [0, 0.75, 0.0625, 0.8125], "texture": "#0"},
				"west": {"uv": [0, 0.75, 0.0625, 0.8125], "texture": "#0"},
				"up": {"uv": [0, 0.75, 0.0625, 0.8125], "texture": "#0"},
				"down": {"uv": [0, 0.75, 0.0625, 0.8125], "texture": "#0"}
			}
		},
		{
			"from": [-3, -15, 15],
			"to": [-2, -6, 23],
			"faces": {
				"north": {"uv": [0, 0.75, 0.0625, 0.8125], "texture": "#0"},
				"east": {"uv": [0, 0.75, 0.0625, 0.8125], "texture": "#0"},
				"south": {"uv": [0, 0.75, 0.0625, 0.8125], "texture": "#0"},
				"west": {"uv": [0, 0.75, 0.0625, 0.8125], "texture": "#0"},
				"up": {"uv": [0, 0.75, 0.0625, 0.8125], "texture": "#0"},
				"down": {"uv": [0, 0.75, 0.0625, 0.8125], "texture": "#0"}
			}
		},
		{
			"from": [-3, -11, 26],
			"to": [-2, -6, 32],
			"faces": {
				"north": {"uv": [0, 0.75, 0.0625, 0.8125], "texture": "#0"},
				"east": {"uv": [0, 0.75, 0.0625, 0.8125], "texture": "#0"},
				"south": {"uv": [0, 0.75, 0.0625, 0.8125], "texture": "#0"},
				"west": {"uv": [0, 0.75, 0.0625, 0.8125], "texture": "#0"},
				"up": {"uv": [0, 0.75, 0.0625, 0.8125], "texture": "#0"},
				"down": {"uv": [0, 0.75, 0.0625, 0.8125], "texture": "#0"}
			}
		},
		{
			"from": [-3, -15, 26],
			"to": [-2, -11, 29],
			"faces": {
				"north": {"uv": [0, 0.75, 0.0625, 0.8125], "texture": "#0"},
				"east": {"uv": [0, 0.75, 0.0625, 0.8125], "texture": "#0"},
				"south": {"uv": [0, 0.75, 0.0625, 0.8125], "texture": "#0"},
				"west": {"uv": [0, 0.75, 0.0625, 0.8125], "texture": "#0"},
				"up": {"uv": [0, 0.75, 0.0625, 0.8125], "texture": "#0"},
				"down": {"uv": [0, 0.75, 0.0625, 0.8125], "texture": "#0"}
			}
		},
		{
			"from": [-4, -16, 21],
			"to": [-2, -15, 28],
			"faces": {
				"north": {"uv": [0, 0.75, 0.0625, 0.8125], "texture": "#0"},
				"east": {"uv": [0, 0.75, 0.0625, 0.8125], "texture": "#0"},
				"south": {"uv": [0, 0.75, 0.0625, 0.8125], "texture": "#0"},
				"west": {"uv": [0, 0.75, 0.0625, 0.8125], "texture": "#0"},
				"up": {"uv": [0, 0.75, 0.0625, 0.8125], "texture": "#0"},
				"down": {"uv": [0, 0.75, 0.0625, 0.8125], "texture": "#0"}
			}
		},
		{
			"from": [-3, -13, 29],
			"to": [-2, -11, 30],
			"faces": {
				"north": {"uv": [0, 0.75, 0.0625, 0.8125], "texture": "#0"},
				"east": {"uv": [0, 0.75, 0.0625, 0.8125], "texture": "#0"},
				"south": {"uv": [0, 0.75, 0.0625, 0.8125], "texture": "#0"},
				"west": {"uv": [0, 0.75, 0.0625, 0.8125], "texture": "#0"},
				"up": {"uv": [0, 0.75, 0.0625, 0.8125], "texture": "#0"},
				"down": {"uv": [0, 0.75, 0.0625, 0.8125], "texture": "#0"}
			}
		},
		{
			"from": [-3, -12, 30],
			"to": [-2, -11, 31],
			"faces": {
				"north": {"uv": [0, 0.75, 0.0625, 0.8125], "texture": "#0"},
				"east": {"uv": [0, 0.75, 0.0625, 0.8125], "texture": "#0"},
				"south": {"uv": [0, 0.75, 0.0625, 0.8125], "texture": "#0"},
				"west": {"uv": [0, 0.75, 0.0625, 0.8125], "texture": "#0"},
				"up": {"uv": [0, 0.75, 0.0625, 0.8125], "texture": "#0"},
				"down": {"uv": [0, 0.75, 0.0625, 0.8125], "texture": "#0"}
			}
		},
		{
			"from": [-6, -8, 24],
			"to": [-4, -7.5, 26],
			"rotation": {"angle": 0, "axis": "y", "origin": [0, -16, 0]},
			"faces": {
				"north": {"uv": [0, 0.75, 0.0625, 0.8125], "texture": "#0"},
				"east": {"uv": [0, 0.75, 0.0625, 0.8125], "texture": "#0"},
				"south": {"uv": [0, 0.75, 0.0625, 0.8125], "texture": "#0"},
				"west": {"uv": [0, 0.75, 0.0625, 0.8125], "texture": "#0"},
				"down": {"uv": [0, 0.75, 0.0625, 0.8125], "texture": "#0"}
			}
		},
		{
			"from": [-6, -7.5, 22],
			"to": [-4, -7, 28],
			"rotation": {"angle": 0, "axis": "y", "origin": [0, -16, 0]},
			"faces": {
				"north": {"uv": [0.0625, 0.8125, 0.125, 0.875], "texture": "#0"},
				"east": {"uv": [0.0625, 0.8125, 0.125, 0.875], "texture": "#0"},
				"south": {"uv": [0.0625, 0.8125, 0.125, 0.875], "texture": "#0"},
				"west": {"uv": [0.0625, 0.8125, 0.125, 0.875], "texture": "#0"},
				"down": {"uv": [0.0625, 0.8125, 0.125, 0.875], "texture": "#0"}
			}
		},
		{
			"from": [-6, -7, 21],
			"to": [-4, -6.5, 29],
			"rotation": {"angle": 0, "axis": "y", "origin": [0, -16, 0]},
			"faces": {
				"north": {"uv": [0, 0.75, 0.0625, 0.8125], "texture": "#0"},
				"east": {"uv": [0, 0.75, 0.0625, 0.8125], "texture": "#0"},
				"south": {"uv": [0, 0.75, 0.0625, 0.8125], "texture": "#0"},
				"west": {"uv": [0, 0.75, 0.0625, 0.8125], "texture": "#0"},
				"down": {"uv": [0, 0.75, 0.0625, 0.8125], "texture": "#0"}
			}
		},
		{
			"from": [-6, -6.5, 19],
			"to": [-4, -6, 31],
			"rotation": {"angle": 0, "axis": "y", "origin": [0, -16, 0]},
			"faces": {
				"north": {"uv": [0.0625, 0.8125, 0.125, 0.875], "texture": "#0"},
				"east": {"uv": [0.0625, 0.8125, 0.125, 0.875], "texture": "#0"},
				"south": {"uv": [0.0625, 0.8125, 0.125, 0.875], "texture": "#0"},
				"west": {"uv": [0.0625, 0.8125, 0.125, 0.875], "texture": "#0"},
				"down": {"uv": [0.0625, 0.8125, 0.125, 0.875], "texture": "#0"}
			}
		},
		{
			"from": [-6, -6, 18],
			"to": [-4, -5.5, 32],
			"rotation": {"angle": 0, "axis": "y", "origin": [0, -16, 0]},
			"faces": {
				"north": {"uv": [0, 0.75, 0.0625, 0.8125], "texture": "#0"},
				"east": {"uv": [0, 0.75, 0.0625, 0.8125], "texture": "#0"},
				"south": {"uv": [0, 0.75, 0.0625, 0.8125], "texture": "#0"},
				"west": {"uv": [0, 0.75, 0.0625, 0.8125], "texture": "#0"},
				"up": {"uv": [0, 0.75, 0.0625, 0.8125], "texture": "#0"},
				"down": {"uv": [0, 0.75, 0.0625, 0.8125], "texture": "#0"}
			}
		},
		{
			"from": [-6.5, -11, 16.5],
			"to": [-3, -9, 19.5],
			"rotation": {"angle": 0, "axis": "y", "origin": [0, -16, 0]},
			"faces": {
				"north": {"uv": [0, 0.75, 0.0625, 0.8125], "texture": "#0"},
				"south": {"uv": [0, 0.75, 0.0625, 0.8125], "texture": "#0"},
				"west": {"uv": [0, 0.75, 0.0625, 0.8125], "texture": "#0"},
				"up": {"uv": [0, 0.75, 0.0625, 0.8125], "texture": "#0"},
				"down": {"uv": [0, 0.75, 0.0625, 0.8125], "texture": "#0"}
			}
		},
		{
			"from": [-5.5, -12, 17.5],
			"to": [-4.5, -5, 18.5],
			"rotation": {"angle": 0, "axis": "y", "origin": [0, -16, 0]},
			"faces": {
				"north": {"uv": [0, 0.75, 0.0625, 0.8125], "texture": "#0"},
				"east": {"uv": [0, 0.75, 0.0625, 0.8125], "texture": "#0"},
				"south": {"uv": [0, 0.75, 0.0625, 0.8125], "texture": "#0"},
				"west": {"uv": [0, 0.75, 0.0625, 0.8125], "texture": "#0"},
				"up": {"uv": [0, 0.75, 0.0625, 0.8125], "texture": "#0"},
				"down": {"uv": [0, 0.75, 0.0625, 0.8125], "texture": "#0"}
			}
		},
		{
			"from": [-6.5, -11, 30.5],
			"to": [-3, -9, 32],
			"rotation": {"angle": 0, "axis": "y", "origin": [0, -16, 0]},
			"faces": {
				"north": {"uv": [0, 0.75, 0.0625, 0.8125], "texture": "#0"},
				"south": {"uv": [0, 0.75, 0.0625, 0.8125], "texture": "#0"},
				"west": {"uv": [0, 0.75, 0.0625, 0.8125], "texture": "#0"},
				"up": {"uv": [0, 0.75, 0.0625, 0.8125], "texture": "#0"},
				"down": {"uv": [0, 0.75, 0.0625, 0.8125], "texture": "#0"}
			}
		},
		{
			"from": [-5.5, -12, 31.5],
			"to": [-4.5, -5, 32],
			"rotation": {"angle": 0, "axis": "y", "origin": [0, -16, 0]},
			"faces": {
				"north": {"uv": [0, 0.75, 0.0625, 0.8125], "texture": "#0"},
				"east": {"uv": [0, 0.75, 0.0625, 0.8125], "texture": "#0"},
				"south": {"uv": [0, 0.75, 0.0625, 0.8125], "texture": "#0"},
				"west": {"uv": [0, 0.75, 0.0625, 0.8125], "texture": "#0"},
				"up": {"uv": [0, 0.75, 0.0625, 0.8125], "texture": "#0"},
				"down": {"uv": [0, 0.75, 0.0625, 0.8125], "texture": "#0"}
			}
		},
		{
			"from": [-6.5, -8, 23.5],
			"to": [-3.5, -4, 25.5],
			"rotation": {"angle": 0, "axis": "y", "origin": [0, -16, 0]},
			"faces": {
				"north": {"uv": [0, 0.8125, 0.0625, 1.0625], "texture": "#0"},
				"east": {"uv": [0, 0.8125, 0.0625, 1.0625], "texture": "#0"},
				"south": {"uv": [0, 0.8125, 0.0625, 1.0625], "texture": "#0"},
				"west": {"uv": [0, 0.8125, 0.0625, 1.0625], "texture": "#0"},
				"up": {"uv": [0, 0.75, 0.0625, 0.8125], "texture": "#0"}
			}
		},
		{
			"from": [-7, -13, 22.5],
			"to": [-3, -8.6, 26.5],
			"rotation": {"angle": 0, "axis": "y", "origin": [0, -16, 0]},
			"faces": {
				"north": {"uv": [0, 0.75, 0.0625, 0.8125], "texture": "#0"},
				"east": {"uv": [0, 0.75, 0.0625, 0.8125], "texture": "#0"},
				"south": {"uv": [0, 0.75, 0.0625, 0.8125], "texture": "#0"},
				"west": {"uv": [0, 0.75, 0.0625, 0.8125], "texture": "#0"},
				"up": {"uv": [0, 0.75, 0.0625, 0.8125], "texture": "#0"},
				"down": {"uv": [0, 0.75, 0.0625, 0.8125], "texture": "#0"}
			}
		},
		{
			"from": [-6, -12.4, 22],
			"to": [-4, -12.15, 27],
			"rotation": {"angle": 0, "axis": "y", "origin": [0, -16, 0]},
			"faces": {
				"north": {"uv": [0, 0.75, 0.0625, 0.8125], "texture": "#0"},
				"south": {"uv": [0, 0.75, 0.0625, 0.8125], "texture": "#0"},
				"west": {"uv": [0, 0.75, 0.0625, 0.8125], "texture": "#0"},
				"up": {"uv": [0, 0.75, 0.0625, 0.8125], "texture": "#0"},
				"down": {"uv": [0, 0.75, 0.0625, 0.8125], "texture": "#0"}
			}
		},
		{
			"from": [-6, -10.9, 22],
			"to": [-4, -10.65, 27],
			"rotation": {"angle": 0, "axis": "y", "origin": [0, -16, 0]},
			"faces": {
				"north": {"uv": [0, 0.75, 0.0625, 0.8125], "texture": "#0"},
				"south": {"uv": [0, 0.75, 0.0625, 0.8125], "texture": "#0"},
				"west": {"uv": [0, 0.75, 0.0625, 0.8125], "texture": "#0"},
				"up": {"uv": [0, 0.75, 0.0625, 0.8125], "texture": "#0"},
				"down": {"uv": [0, 0.75, 0.0625, 0.8125], "texture": "#0"}
			}
		},
		{
			"from": [-6, -9.2, 22],
			"to": [-4, -8.95, 27],
			"rotation": {"angle": 0, "axis": "y", "origin": [0, -16, 0]},
			"faces": {
				"north": {"uv": [0, 0.75, 0.0625, 0.8125], "texture": "#0"},
				"south": {"uv": [0, 0.75, 0.0625, 0.8125], "texture": "#0"},
				"west": {"uv": [0, 0.75, 0.0625, 0.8125], "texture": "#0"},
				"up": {"uv": [0, 0.75, 0.0625, 0.8125], "texture": "#0"},
				"down": {"uv": [0, 0.75, 0.0625, 0.8125], "texture": "#0"}
			}
		},
		{
			"from": [-4, -12.4, 21.5],
			"to": [-3, -12.15, 27.5],
			"rotation": {"angle": 0, "axis": "y", "origin": [0, -16, 0]},
			"faces": {
				"north": {"uv": [0, 0.75, 0.0625, 0.8125], "texture": "#0"},
				"south": {"uv": [0, 0.75, 0.0625, 0.8125], "texture": "#0"},
				"west": {"uv": [0, 0.75, 0.0625, 0.8125], "texture": "#0"},
				"up": {"uv": [0, 0.75, 0.0625, 0.8125], "texture": "#0"},
				"down": {"uv": [0, 0.75, 0.0625, 0.8125], "texture": "#0"}
			}
		},
		{
			"from": [-4, -10.9, 21.5],
			"to": [-3, -10.65, 27.5],
			"rotation": {"angle": 0, "axis": "y", "origin": [0, -16, 0]},
			"faces": {
				"north": {"uv": [0, 0.75, 0.0625, 0.8125], "texture": "#0"},
				"south": {"uv": [0, 0.75, 0.0625, 0.8125], "texture": "#0"},
				"west": {"uv": [0, 0.75, 0.0625, 0.8125], "texture": "#0"},
				"up": {"uv": [0, 0.75, 0.0625, 0.8125], "texture": "#0"},
				"down": {"uv": [0, 0.75, 0.0625, 0.8125], "texture": "#0"}
			}
		},
		{
			"from": [-4, -9.2, 21.5],
			"to": [-3, -8.95, 27.5],
			"rotation": {"angle": 0, "axis": "y", "origin": [0, -16, 0]},
			"faces": {
				"north": {"uv": [0, 0.75, 0.0625, 0.8125], "texture": "#0"},
				"south": {"uv": [0, 0.75, 0.0625, 0.8125], "texture": "#0"},
				"west": {"uv": [0, 0.75, 0.0625, 0.8125], "texture": "#0"},
				"up": {"uv": [0, 0.75, 0.0625, 0.8125], "texture": "#0"},
				"down": {"uv": [0, 0.75, 0.0625, 0.8125], "texture": "#0"}
			}
		},
		{
			"from": [-7, -8.8, 8],
			"to": [-3, -8.55, 13],
			"rotation": {"angle": 0, "axis": "y", "origin": [0, -16.8, 39]},
			"faces": {
				"north": {"uv": [0.0625, 0.75, 0, 0.8125], "texture": "#0"},
				"south": {"uv": [0.0625, 0.75, 0, 0.8125], "texture": "#0"},
				"west": {"uv": [0.0625, 0.75, 0, 0.8125], "texture": "#0"},
				"up": {"uv": [0.0625, 0.8125, 0.3125, 0.75], "texture": "#0"},
				"down": {"uv": [0, 0.8125, 0.0625, 0.75], "texture": "#0"}
			}
		},
		{
			"from": [-7, -8.8, 12.75],
			"to": [-3, -7.55, 13],
			"rotation": {"angle": 22.5, "axis": "x", "origin": [0, -8.8, 13]},
			"faces": {
				"north": {"uv": [0.0625, 0.75, 0, 0.8125], "texture": "#0"},
				"south": {"uv": [0.0625, 0.75, 0, 0.8125], "texture": "#0"},
				"west": {"uv": [0.0625, 0.75, 0, 0.8125], "texture": "#0"},
				"up": {"uv": [0, 0.8125, 0.0625, 0.75], "texture": "#0"},
				"down": {"uv": [0, 0.8125, 0.0625, 0.75], "texture": "#0"}
			}
		},
		{
			"from": [-7, -14.3, 8],
			"to": [-3, -14.05, 15],
			"rotation": {"angle": 0, "axis": "y", "origin": [0, -22.3, 41]},
			"faces": {
				"north": {"uv": [0.0625, 0.75, 0, 0.8125], "texture": "#0"},
				"south": {"uv": [0.0625, 0.75, 0, 0.8125], "texture": "#0"},
				"west": {"uv": [0.0625, 0.75, 0, 0.8125], "texture": "#0"},
				"up": {"uv": [0.0625, 0.8125, 0.3125, 0.75], "texture": "#0"},
				"down": {"uv": [0, 0.8125, 0.0625, 0.75], "texture": "#0"}
			}
		},
		{
			"from": [-7, -14.3, 14.75],
			"to": [-3, -13.05, 15],
			"rotation": {"angle": 22.5, "axis": "x", "origin": [0, -14.3, 15]},
			"faces": {
				"north": {"uv": [0.0625, 0.75, 0, 0.8125], "texture": "#0"},
				"south": {"uv": [0.0625, 0.75, 0, 0.8125], "texture": "#0"},
				"west": {"uv": [0.0625, 0.75, 0, 0.8125], "texture": "#0"},
				"up": {"uv": [0, 0.8125, 0.0625, 0.75], "texture": "#0"},
				"down": {"uv": [0, 0.8125, 0.0625, 0.75], "texture": "#0"}
			}
		},
		{
			"from": [18, -15, 15],
			"to": [19, -6, 23],
			"rotation": {"angle": 0, "axis": "y", "origin": [16, 0, 0]},
			"faces": {
				"north": {"uv": [0.0625, 0.75, 0, 0.8125], "texture": "#0"},
				"east": {"uv": [0.0625, 0.75, 0, 0.8125], "texture": "#0"},
				"south": {"uv": [0.0625, 0.75, 0, 0.8125], "texture": "#0"},
				"west": {"uv": [0.0625, 0.75, 0, 0.8125], "texture": "#0"},
				"up": {"uv": [0.0625, 0.75, 0, 0.8125], "texture": "#0"},
				"down": {"uv": [0.0625, 0.75, 0, 0.8125], "texture": "#0"}
			}
		},
		{
			"from": [18, -11, 26],
			"to": [19, -6, 32],
			"rotation": {"angle": 0, "axis": "y", "origin": [16, 0, 0]},
			"faces": {
				"north": {"uv": [0.0625, 0.75, 0, 0.8125], "texture": "#0"},
				"east": {"uv": [0.0625, 0.75, 0, 0.8125], "texture": "#0"},
				"south": {"uv": [0.0625, 0.75, 0, 0.8125], "texture": "#0"},
				"west": {"uv": [0.0625, 0.75, 0, 0.8125], "texture": "#0"},
				"up": {"uv": [0.0625, 0.75, 0, 0.8125], "texture": "#0"},
				"down": {"uv": [0.0625, 0.75, 0, 0.8125], "texture": "#0"}
			}
		},
		{
			"from": [18, -15, 26],
			"to": [19, -11, 29],
			"rotation": {"angle": 0, "axis": "y", "origin": [16, 0, 0]},
			"faces": {
				"north": {"uv": [0.0625, 0.75, 0, 0.8125], "texture": "#0"},
				"east": {"uv": [0.0625, 0.75, 0, 0.8125], "texture": "#0"},
				"south": {"uv": [0.0625, 0.75, 0, 0.8125], "texture": "#0"},
				"west": {"uv": [0.0625, 0.75, 0, 0.8125], "texture": "#0"},
				"up": {"uv": [0.0625, 0.75, 0, 0.8125], "texture": "#0"},
				"down": {"uv": [0.0625, 0.75, 0, 0.8125], "texture": "#0"}
			}
		},
		{
			"from": [18, -16, 21],
			"to": [20, -15, 28],
			"rotation": {"angle": 0, "axis": "y", "origin": [16, 0, 0]},
			"faces": {
				"north": {"uv": [0.0625, 0.75, 0, 0.8125], "texture": "#0"},
				"east": {"uv": [0.0625, 0.75, 0, 0.8125], "texture": "#0"},
				"south": {"uv": [0.0625, 0.75, 0, 0.8125], "texture": "#0"},
				"west": {"uv": [0.0625, 0.75, 0, 0.8125], "texture": "#0"},
				"up": {"uv": [0.0625, 0.75, 0, 0.8125], "texture": "#0"},
				"down": {"uv": [0.0625, 0.75, 0, 0.8125], "texture": "#0"}
			}
		},
		{
			"from": [18, -13, 29],
			"to": [19, -11, 30],
			"rotation": {"angle": 0, "axis": "y", "origin": [16, 0, 0]},
			"faces": {
				"north": {"uv": [0.0625, 0.75, 0, 0.8125], "texture": "#0"},
				"east": {"uv": [0.0625, 0.75, 0, 0.8125], "texture": "#0"},
				"south": {"uv": [0.0625, 0.75, 0, 0.8125], "texture": "#0"},
				"west": {"uv": [0.0625, 0.75, 0, 0.8125], "texture": "#0"},
				"up": {"uv": [0.0625, 0.75, 0, 0.8125], "texture": "#0"},
				"down": {"uv": [0.0625, 0.75, 0, 0.8125], "texture": "#0"}
			}
		},
		{
			"from": [18, -12, 30],
			"to": [19, -11, 31],
			"rotation": {"angle": 0, "axis": "y", "origin": [16, 0, 0]},
			"faces": {
				"north": {"uv": [0.0625, 0.75, 0, 0.8125], "texture": "#0"},
				"east": {"uv": [0.0625, 0.75, 0, 0.8125], "texture": "#0"},
				"south": {"uv": [0.0625, 0.75, 0, 0.8125], "texture": "#0"},
				"west": {"uv": [0.0625, 0.75, 0, 0.8125], "texture": "#0"},
				"up": {"uv": [0.0625, 0.75, 0, 0.8125], "texture": "#0"},
				"down": {"uv": [0.0625, 0.75, 0, 0.8125], "texture": "#0"}
			}
		},
		{
			"from": [20, -8, 24],
			"to": [22, -7.5, 26],
			"rotation": {"angle": 0, "axis": "y", "origin": [16, -16, 0]},
			"faces": {
				"north": {"uv": [0.0625, 0.75, 0, 0.8125], "texture": "#0"},
				"east": {"uv": [0.0625, 0.75, 0, 0.8125], "texture": "#0"},
				"south": {"uv": [0.0625, 0.75, 0, 0.8125], "texture": "#0"},
				"west": {"uv": [0.0625, 0.75, 0, 0.8125], "texture": "#0"},
				"down": {"uv": [0.0625, 0.75, 0, 0.8125], "texture": "#0"}
			}
		},
		{
			"from": [20, -7.5, 22],
			"to": [22, -7, 28],
			"rotation": {"angle": 0, "axis": "y", "origin": [16, -16, 0]},
			"faces": {
				"north": {"uv": [0.125, 0.8125, 0.0625, 0.875], "texture": "#0"},
				"east": {"uv": [0.125, 0.8125, 0.0625, 0.875], "texture": "#0"},
				"south": {"uv": [0.125, 0.8125, 0.0625, 0.875], "texture": "#0"},
				"west": {"uv": [0.125, 0.8125, 0.0625, 0.875], "texture": "#0"},
				"down": {"uv": [0.125, 0.8125, 0.0625, 0.875], "texture": "#0"}
			}
		},
		{
			"from": [20, -7, 21],
			"to": [22, -6.5, 29],
			"rotation": {"angle": 0, "axis": "y", "origin": [16, -16, 0]},
			"faces": {
				"north": {"uv": [0.0625, 0.75, 0, 0.8125], "texture": "#0"},
				"east": {"uv": [0.0625, 0.75, 0, 0.8125], "texture": "#0"},
				"south": {"uv": [0.0625, 0.75, 0, 0.8125], "texture": "#0"},
				"west": {"uv": [0.0625, 0.75, 0, 0.8125], "texture": "#0"},
				"down": {"uv": [0.0625, 0.75, 0, 0.8125], "texture": "#0"}
			}
		},
		{
			"from": [20, -6.5, 19],
			"to": [22, -6, 31],
			"rotation": {"angle": 0, "axis": "y", "origin": [16, -16, 0]},
			"faces": {
				"north": {"uv": [0.125, 0.8125, 0.0625, 0.875], "texture": "#0"},
				"east": {"uv": [0.125, 0.8125, 0.0625, 0.875], "texture": "#0"},
				"south": {"uv": [0.125, 0.8125, 0.0625, 0.875], "texture": "#0"},
				"west": {"uv": [0.125, 0.8125, 0.0625, 0.875], "texture": "#0"},
				"down": {"uv": [0.125, 0.8125, 0.0625, 0.875], "texture": "#0"}
			}
		},
		{
			"from": [20, -6, 18],
			"to": [22, -5.5, 32],
			"rotation": {"angle": 0, "axis": "y", "origin": [16, -16, 0]},
			"faces": {
				"north": {"uv": [0.0625, 0.75, 0, 0.8125], "texture": "#0"},
				"east": {"uv": [0.0625, 0.75, 0, 0.8125], "texture": "#0"},
				"south": {"uv": [0.0625, 0.75, 0, 0.8125], "texture": "#0"},
				"west": {"uv": [0.0625, 0.75, 0, 0.8125], "texture": "#0"},
				"up": {"uv": [0.0625, 0.75, 0, 0.8125], "texture": "#0"},
				"down": {"uv": [0.0625, 0.75, 0, 0.8125], "texture": "#0"}
			}
		},
		{
			"from": [19, -11, 16.5],
			"to": [22.5, -9, 19.5],
			"rotation": {"angle": 0, "axis": "y", "origin": [16, -16, 0]},
			"faces": {
				"north": {"uv": [0.0625, 0.75, 0, 0.8125], "texture": "#0"},
				"east": {"uv": [0.0625, 0.75, 0, 0.8125], "texture": "#0"},
				"south": {"uv": [0.0625, 0.75, 0, 0.8125], "texture": "#0"},
				"up": {"uv": [0.0625, 0.75, 0, 0.8125], "texture": "#0"},
				"down": {"uv": [0.0625, 0.75, 0, 0.8125], "texture": "#0"}
			}
		},
		{
			"from": [20.5, -12, 17.5],
			"to": [21.5, -5, 18.5],
			"rotation": {"angle": 0, "axis": "y", "origin": [16, -16, 0]},
			"faces": {
				"north": {"uv": [0.0625, 0.75, 0, 0.8125], "texture": "#0"},
				"east": {"uv": [0.0625, 0.75, 0, 0.8125], "texture": "#0"},
				"south": {"uv": [0.0625, 0.75, 0, 0.8125], "texture": "#0"},
				"west": {"uv": [0.0625, 0.75, 0, 0.8125], "texture": "#0"},
				"up": {"uv": [0.0625, 0.75, 0, 0.8125], "texture": "#0"},
				"down": {"uv": [0.0625, 0.75, 0, 0.8125], "texture": "#0"}
			}
		},
		{
			"from": [19, -11, 30.5],
			"to": [22.5, -9, 32],
			"rotation": {"angle": 0, "axis": "y", "origin": [16, -16, 0]},
			"faces": {
				"north": {"uv": [0.0625, 0.75, 0, 0.8125], "texture": "#0"},
				"east": {"uv": [0.0625, 0.75, 0, 0.8125], "texture": "#0"},
				"south": {"uv": [0.0625, 0.75, 0, 0.8125], "texture": "#0"},
				"up": {"uv": [0.0625, 0.75, 0, 0.8125], "texture": "#0"},
				"down": {"uv": [0.0625, 0.75, 0, 0.8125], "texture": "#0"}
			}
		},
		{
			"from": [20.5, -12, 31.5],
			"to": [21.5, -5, 32],
			"rotation": {"angle": 0, "axis": "y", "origin": [16, -16, 0]},
			"faces": {
				"north": {"uv": [0.0625, 0.75, 0, 0.8125], "texture": "#0"},
				"east": {"uv": [0.0625, 0.75, 0, 0.8125], "texture": "#0"},
				"south": {"uv": [0.0625, 0.75, 0, 0.8125], "texture": "#0"},
				"west": {"uv": [0.0625, 0.75, 0, 0.8125], "texture": "#0"},
				"up": {"uv": [0.0625, 0.75, 0, 0.8125], "texture": "#0"},
				"down": {"uv": [0.0625, 0.75, 0, 0.8125], "texture": "#0"}
			}
		},
		{
			"from": [19.5, -8, 23.5],
			"to": [22.5, -4, 25.5],
			"rotation": {"angle": 0, "axis": "y", "origin": [16, -16, 0]},
			"faces": {
				"north": {"uv": [0.0625, 0.8125, 0, 1.0625], "texture": "#0"},
				"east": {"uv": [0.0625, 0.8125, 0, 1.0625], "texture": "#0"},
				"south": {"uv": [0.0625, 0.8125, 0, 1.0625], "texture": "#0"},
				"west": {"uv": [0.0625, 0.8125, 0, 1.0625], "texture": "#0"},
				"up": {"uv": [0.0625, 0.75, 0, 0.8125], "texture": "#0"}
			}
		},
		{
			"from": [19, -13, 22.5],
			"to": [23, -8.6, 26.5],
			"rotation": {"angle": 0, "axis": "y", "origin": [16, -16, 0]},
			"faces": {
				"north": {"uv": [0.0625, 0.75, 0, 0.8125], "texture": "#0"},
				"east": {"uv": [0.0625, 0.75, 0, 0.8125], "texture": "#0"},
				"south": {"uv": [0.0625, 0.75, 0, 0.8125], "texture": "#0"},
				"west": {"uv": [0.0625, 0.75, 0, 0.8125], "texture": "#0"},
				"up": {"uv": [0.0625, 0.75, 0, 0.8125], "texture": "#0"},
				"down": {"uv": [0.0625, 0.75, 0, 0.8125], "texture": "#0"}
			}
		},
		{
			"from": [20, -12.4, 22],
			"to": [22, -12.15, 27],
			"rotation": {"angle": 0, "axis": "y", "origin": [16, -16, 0]},
			"faces": {
				"north": {"uv": [0.0625, 0.75, 0, 0.8125], "texture": "#0"},
				"east": {"uv": [0.0625, 0.75, 0, 0.8125], "texture": "#0"},
				"south": {"uv": [0.0625, 0.75, 0, 0.8125], "texture": "#0"},
				"up": {"uv": [0.0625, 0.75, 0, 0.8125], "texture": "#0"},
				"down": {"uv": [0.0625, 0.75, 0, 0.8125], "texture": "#0"}
			}
		},
		{
			"from": [20, -10.9, 22],
			"to": [22, -10.65, 27],
			"rotation": {"angle": 0, "axis": "y", "origin": [16, -16, 0]},
			"faces": {
				"north": {"uv": [0.0625, 0.75, 0, 0.8125], "texture": "#0"},
				"east": {"uv": [0.0625, 0.75, 0, 0.8125], "texture": "#0"},
				"south": {"uv": [0.0625, 0.75, 0, 0.8125], "texture": "#0"},
				"up": {"uv": [0.0625, 0.75, 0, 0.8125], "texture": "#0"},
				"down": {"uv": [0.0625, 0.75, 0, 0.8125], "texture": "#0"}
			}
		},
		{
			"from": [20, -9.2, 22],
			"to": [22, -8.95, 27],
			"rotation": {"angle": 0, "axis": "y", "origin": [16, -16, 0]},
			"faces": {
				"north": {"uv": [0.0625, 0.75, 0, 0.8125], "texture": "#0"},
				"east": {"uv": [0.0625, 0.75, 0, 0.8125], "texture": "#0"},
				"south": {"uv": [0.0625, 0.75, 0, 0.8125], "texture": "#0"},
				"up": {"uv": [0.0625, 0.75, 0, 0.8125], "texture": "#0"},
				"down": {"uv": [0.0625, 0.75, 0, 0.8125], "texture": "#0"}
			}
		},
		{
			"from": [19, -12.4, 21.5],
			"to": [20, -12.15, 27.5],
			"rotation": {"angle": 0, "axis": "y", "origin": [16, -16, 0]},
			"faces": {
				"north": {"uv": [0.0625, 0.75, 0, 0.8125], "texture": "#0"},
				"east": {"uv": [0.0625, 0.75, 0, 0.8125], "texture": "#0"},
				"south": {"uv": [0.0625, 0.75, 0, 0.8125], "texture": "#0"},
				"up": {"uv": [0.0625, 0.75, 0, 0.8125], "texture": "#0"},
				"down": {"uv": [0.0625, 0.75, 0, 0.8125], "texture": "#0"}
			}
		},
		{
			"from": [19, -10.9, 21.5],
			"to": [20, -10.65, 27.5],
			"rotation": {"angle": 0, "axis": "y", "origin": [16, -16, 0]},
			"faces": {
				"north": {"uv": [0.0625, 0.75, 0, 0.8125], "texture": "#0"},
				"east": {"uv": [0.0625, 0.75, 0, 0.8125], "texture": "#0"},
				"south": {"uv": [0.0625, 0.75, 0, 0.8125], "texture": "#0"},
				"up": {"uv": [0.0625, 0.75, 0, 0.8125], "texture": "#0"},
				"down": {"uv": [0.0625, 0.75, 0, 0.8125], "texture": "#0"}
			}
		},
		{
			"from": [19, -9.2, 21.5],
			"to": [20, -8.95, 27.5],
			"rotation": {"angle": 0, "axis": "y", "origin": [16, -16, 0]},
			"faces": {
				"north": {"uv": [0.0625, 0.75, 0, 0.8125], "texture": "#0"},
				"east": {"uv": [0.0625, 0.75, 0, 0.8125], "texture": "#0"},
				"south": {"uv": [0.0625, 0.75, 0, 0.8125], "texture": "#0"},
				"up": {"uv": [0.0625, 0.75, 0, 0.8125], "texture": "#0"},
				"down": {"uv": [0.0625, 0.75, 0, 0.8125], "texture": "#0"}
			}
		},
		{
			"from": [19, -8.8, 8],
			"to": [23, -8.55, 13],
			"rotation": {"angle": 0, "axis": "y", "origin": [16, -16.8, 39]},
			"faces": {
				"north": {"uv": [0, 0.75, 0.0625, 0.8125], "texture": "#0"},
				"east": {"uv": [0, 0.75, 0.0625, 0.8125], "texture": "#0"},
				"south": {"uv": [0, 0.75, 0.0625, 0.8125], "texture": "#0"},
				"up": {"uv": [0.3125, 0.8125, 0.0625, 0.75], "texture": "#0"},
				"down": {"uv": [0.0625, 0.8125, 0, 0.75], "texture": "#0"}
			}
		},
		{
			"from": [19, -8.8, 12.75],
			"to": [23, -7.55, 13],
			"rotation": {"angle": 22.5, "axis": "x", "origin": [16, -8.8, 13]},
			"faces": {
				"north": {"uv": [0, 0.75, 0.0625, 0.8125], "texture": "#0"},
				"east": {"uv": [0, 0.75, 0.0625, 0.8125], "texture": "#0"},
				"south": {"uv": [0, 0.75, 0.0625, 0.8125], "texture": "#0"},
				"up": {"uv": [0.0625, 0.8125, 0, 0.75], "texture": "#0"},
				"down": {"uv": [0.0625, 0.8125, 0, 0.75], "texture": "#0"}
			}
		},
		{
			"from": [19, -14.3, 8],
			"to": [23, -14.05, 15],
			"rotation": {"angle": 0, "axis": "y", "origin": [16, -22.3, 41]},
			"faces": {
				"north": {"uv": [0, 0.75, 0.0625, 0.8125], "texture": "#0"},
				"east": {"uv": [0, 0.75, 0.0625, 0.8125], "texture": "#0"},
				"south": {"uv": [0, 0.75, 0.0625, 0.8125], "texture": "#0"},
				"up": {"uv": [0.3125, 0.8125, 0.0625, 0.75], "texture": "#0"},
				"down": {"uv": [0.0625, 0.8125, 0, 0.75], "texture": "#0"}
			}
		},
		{
			"from": [19, -14.3, 14.75],
			"to": [23, -13.05, 15],
			"rotation": {"angle": 22.5, "axis": "x", "origin": [16, -14.3, 15]},
			"faces": {
				"north": {"uv": [0, 0.75, 0.0625, 0.8125], "texture": "#0"},
				"east": {"uv": [0, 0.75, 0.0625, 0.8125], "texture": "#0"},
				"south": {"uv": [0, 0.75, 0.0625, 0.8125], "texture": "#0"},
				"up": {"uv": [0.0625, 0.8125, 0, 0.75], "texture": "#0"},
				"down": {"uv": [0.0625, 0.8125, 0, 0.75], "texture": "#0"}
			}
		},
		{
			"from": [-12, 0, 11],
			"to": [-11, 16, 12],
			"faces": {
				"north": {"uv": [0, 2.375, 0.0625, 3.375], "texture": "#0"},
				"east": {"uv": [0.1875, 2.375, 0.25, 3.375], "texture": "#0"},
				"south": {"uv": [0.125, 2.375, 0.1875, 3.375], "texture": "#0"},
				"west": {"uv": [0.0625, 2.375, 0.125, 3.375], "texture": "#0"}
			}
		},
		{
			"from": [-12.2, 16, 10.8],
			"to": [-10, 17, 12.2],
			"faces": {
				"north": {"uv": [0, 3.375, 0.125, 3.4375], "texture": "#0"},
				"south": {"uv": [0.125, 3.4375, 0.25, 3.5], "texture": "#0"},
				"west": {"uv": [0.25, 3.375, 0.3125, 3.4375], "texture": "#0"},
				"up": {"uv": [0.125, 3.375, 0.25, 3.4375], "texture": "#0"},
				"down": {"uv": [0, 3.4375, 0.125, 3.5], "texture": "#0"}
			}
		},
		{
			"from": [-12.2, -1, 10.8],
			"to": [-10, 0, 12.2],
			"faces": {
				"north": {"uv": [0, 3.375, 0.125, 3.4375], "texture": "#0"},
				"south": {"uv": [0.125, 3.4375, 0.25, 3.5], "texture": "#0"},
				"west": {"uv": [0.25, 3.375, 0.3125, 3.4375], "texture": "#0"},
				"up": {"uv": [0.125, 3.375, 0.25, 3.4375], "texture": "#0"},
				"down": {"uv": [0, 3.4375, 0.125, 3.5], "texture": "#0"}
			}
		},
		{
			"from": [27, 0, 11],
			"to": [28, 16, 12],
			"rotation": {"angle": 0, "axis": "y", "origin": [16, 0, 0]},
			"faces": {
				"north": {"uv": [0.0625, 2.375, 0, 3.375], "texture": "#0"},
				"east": {"uv": [0.125, 2.375, 0.0625, 3.375], "texture": "#0"},
				"south": {"uv": [0.1875, 2.375, 0.125, 3.375], "texture": "#0"},
				"west": {"uv": [0.25, 2.375, 0.1875, 3.375], "texture": "#0"}
			}
		},
		{
			"from": [26, 16, 10.8],
			"to": [28.2, 17, 12.2],
			"rotation": {"angle": 0, "axis": "y", "origin": [16, 0, 0]},
			"faces": {
				"north": {"uv": [0.125, 3.375, 0, 3.4375], "texture": "#0"},
				"east": {"uv": [0.3125, 3.375, 0.25, 3.4375], "texture": "#0"},
				"south": {"uv": [0.25, 3.4375, 0.125, 3.5], "texture": "#0"},
				"up": {"uv": [0.25, 3.375, 0.125, 3.4375], "texture": "#0"},
				"down": {"uv": [0.125, 3.4375, 0, 3.5], "texture": "#0"}
			}
		},
		{
			"from": [26, -1, 10.8],
			"to": [28.2, 0, 12.2],
			"rotation": {"angle": 0, "axis": "y", "origin": [16, 0, 0]},
			"faces": {
				"north": {"uv": [0.125, 3.375, 0, 3.4375], "texture": "#0"},
				"east": {"uv": [0.3125, 3.375, 0.25, 3.4375], "texture": "#0"},
				"south": {"uv": [0.25, 3.4375, 0.125, 3.5], "texture": "#0"},
				"up": {"uv": [0.25, 3.375, 0.125, 3.4375], "texture": "#0"},
				"down": {"uv": [0.125, 3.4375, 0, 3.5], "texture": "#0"}
			}
		}
	],
	"display": {
		"gui": {
			"rotation": [25, 135, 0],
			"translation": [-1.75, 0, 0],
			"scale": [0.25, 0.25, 0.25]
		},
		"head": {
			"scale": [2, 2, 2]
		}
	},
	"groups": [
		{
			"name": "sides",
			"origin": [8, 8, 8],
			"color": 0,
			"children": [0, 1]
		},
		{
			"name": "roof",
			"origin": [0, 0, 0],
			"color": 0,
			"children": [2, 3, 4, 5, 6, 7, 8, 9, 10, 11, 12, 13, 14]
		},
		{
			"name": "wall",
			"origin": [0, 0, 0],
			"color": 0,
			"children": [
				15,
				16,
				17,
				18,
				19,
				20,
				21,
				22,
				23,
				24,
				25,
				26,
				{
					"name": "group",
					"origin": [0, 0, 0],
					"color": 0,
					"children": [27, 28]
				},
				29,
				30,
				31
			]
		},
		{
			"name": "door",
			"origin": [0, 0, 0],
			"color": 0,
			"children": [
				{
					"name": "frame",
					"origin": [0, 0, 0],
					"color": 0,
					"children": [32, 33, 34, 35, 36, 37]
				},
				{
					"name": "beams",
					"origin": [0, 0, 0],
					"color": 0,
					"children": [38, 39, 40, 41, 42, 43, 44, 45]
				},
				{
					"name": "flats",
					"origin": [0, 0, 0],
					"color": 0,
					"children": [46, 47, 48, 49, 50, 51, 52]
				}
			]
		},
		{
			"name": "body",
			"origin": [0, 0, 0],
			"color": 0,
			"children": [
				{
					"name": "left wall",
					"origin": [0, 0, 0],
					"color": 0,
					"children": [53, 54, 55, 56, 57, 58, 59, 60, 61]
				},
				{
					"name": "right wall",
					"origin": [0, 0, 0],
					"color": 0,
					"children": [62, 63, 64, 65, 66, 67, 68, 69, 70]
				}
			]
		},
		{
			"name": "coal",
			"origin": [0, 0, 0],
			"color": 0,
			"children": [71, 72, 73, 74, 75, 76]
		},
		{
			"name": "undercarriage",
			"origin": [8, 8, 8],
			"color": 0,
			"children": [
				{
					"name": "chassis",
					"origin": [8, 8, 8],
					"color": 0,
					"children": [77, 78]
				},
				{
					"name": "left",
					"origin": [8, 8, 8],
					"color": 0,
					"children": [
						{
							"name": "chassis",
							"origin": [0, 0, 0],
							"color": 0,
							"children": [79, 80, 81, 82, 83, 84, 85]
						},
						{
							"name": "wheel support",
							"origin": [8, 8, 8],
							"color": 0,
							"children": [
								{
									"name": "leaf spring",
									"origin": [0, 0, 0],
									"color": 0,
									"children": [86, 87, 88, 89, 90]
								},
								{
									"name": "front support",
									"origin": [0, 0, 0],
									"color": 0,
									"children": [91, 92]
								},
								{
									"name": "rear support",
									"origin": [0, 0, 0],
									"color": 0,
									"children": [93, 94]
								},
								{
									"name": "group",
									"origin": [8, 8, 8],
									"color": 0,
									"children": [95, 96, 97, 98, 99, 100, 101, 102]
								}
							]
						},
						{
							"name": "upper step",
							"origin": [0, 0, 26],
							"color": 0,
							"children": [103, 104]
						},
						{
							"name": "lower step",
							"origin": [0, 0, 26],
							"color": 0,
							"children": [105, 106]
						}
					]
				},
				{
					"name": "right",
					"origin": [8, 8, 8],
					"color": 0,
					"children": [
						{
							"name": "chassis",
							"origin": [0, 0, 0],
							"color": 0,
							"children": [107, 108, 109, 110, 111, 112]
						},
						{
							"name": "wheel support",
							"origin": [8, 8, 8],
							"color": 0,
							"children": [
								{
									"name": "leaf spring",
									"origin": [0, 0, 0],
									"color": 0,
									"children": [113, 114, 115, 116, 117]
								},
								{
									"name": "front support",
									"origin": [0, 0, 0],
									"color": 0,
									"children": [118, 119]
								},
								{
									"name": "rear support",
									"origin": [0, 0, 0],
									"color": 0,
									"children": [120, 121]
								},
								{
									"name": "group",
									"origin": [8, 8, 8],
									"color": 0,
									"children": [122, 123, 124, 125, 126, 127, 128, 129]
								}
							]
						},
						{
							"name": "upper step",
							"origin": [0, 0, 26],
							"color": 0,
							"children": [130, 131]
						},
						{
							"name": "lower step",
							"origin": [0, 0, 26],
							"color": 0,
							"children": [132, 133]
						}
					]
				}
			]
		},
		{
			"name": "handles",
			"origin": [8, 8, 8],
			"color": 0,
			"children": [
				{
					"name": "left",
					"origin": [0, 0, 0],
					"color": 0,
					"children": [134, 135, 136]
				},
				{
					"name": "right",
					"origin": [0, 0, 0],
					"color": 0,
					"children": [137, 138, 139]
				}
			]
		}
	]
}