{
	"credit": "Made with Blockbench",
	"texture_size": [256, 256],
	"textures": {
		"0": "item/amalon/tc/a4/skin_mallard",
		"particle": "item/amalon/tc/a4/skin_mallard"
	},
	"elements": [
		{
			"from": [-10, -3, -16],
			"to": [26, 0, 5],
			"faces": {
				"east": {"uv": [10.1875, 4.125, 11.5, 4.3125], "texture": "#0"},
				"south": {"uv": [10.1875, 1.9375, 12.4375, 2.125], "texture": "#0"},
				"west": {"uv": [14.6875, 5.9375, 16, 6.125], "texture": "#0"},
				"up": {"uv": [10, 6.125, 10.9375, 8.375], "rotation": 90, "texture": "#0"},
				"down": {"uv": [10, 8.375, 10.9375, 10.625], "rotation": 270, "texture": "#0"}
			}
		},
		{
			"from": [-9, 0, 4],
			"to": [25, 24, 5],
			"faces": {
				"north": {"uv": [0, 0.75, 0.0625, 0.8125], "texture": "#0"},
				"south": {"uv": [10.25, 0.4375, 12.375, 1.9375], "texture": "#0"},
				"up": {"uv": [10, 6.125, 10.9375, 8.375], "rotation": 90, "texture": "#0"}
			}
		},
		{
			"from": [-9, 24, -16],
			"to": [-7, 25, 5],
			"faces": {
				"north": {"uv": [2.125, 3.75, 2.1875, 3.8125], "texture": "#0"},
				"east": {"uv": [0, 0.75, 0.0625, 0.8125], "texture": "#0"},
				"south": {"uv": [10.25, 0.375, 10.3125, 0.4375], "texture": "#0"},
				"west": {"uv": [14.6875, 4.375, 16, 4.4375], "texture": "#0"},
				"up": {"uv": [0.75, 3.0625, 2, 3.1875], "rotation": 90, "texture": "#0"},
				"down": {"uv": [0, 0.75, 0.0625, 0.8125], "rotation": 270, "texture": "#0"}
			}
		},
		{
			"from": [-7, 25, -16],
			"to": [-5, 26, 5],
			"faces": {
				"north": {"uv": [2, 3.6875, 2.0625, 3.75], "texture": "#0"},
				"east": {"uv": [0, 0.75, 0.0625, 0.8125], "texture": "#0"},
				"south": {"uv": [10.375, 0.3125, 10.4375, 0.375], "texture": "#0"},
				"west": {"uv": [14.6875, 4.3125, 16, 4.375], "texture": "#0"},
				"up": {"uv": [0.625, 2.9375, 1.9375, 3.0625], "rotation": 90, "texture": "#0"},
				"down": {"uv": [0, 0.75, 0.0625, 0.8125], "rotation": 270, "texture": "#0"}
			}
		},
		{
			"from": [-10, 0, -16],
			"to": [-9, 24, 5],
			"faces": {
				"north": {"uv": [2.1875, 3.8125, 2.25, 3.875], "texture": "#0"},
				"east": {"uv": [0, 0.75, 0.0625, 0.8125], "texture": "#0"},
				"south": {"uv": [10.1875, 0.4375, 10.25, 1.9375], "texture": "#0"},
				"west": {"uv": [14.6875, 4.4375, 16, 5.9375], "texture": "#0"},
				"up": {"uv": [0.75, 3.125, 2.625, 3.1875], "rotation": 90, "texture": "#0"},
				"down": {"uv": [3.375, 0.9375, 5.25, 1], "rotation": 270, "texture": "#0"}
			}
		},
		{
			"from": [23, 24, -16],
			"to": [25, 25, 5],
			"rotation": {"angle": 0, "axis": "y", "origin": [16, 0, 0]},
			"faces": {
				"north": {"uv": [2.1875, 3.75, 2.125, 3.8125], "texture": "#0"},
				"east": {"uv": [10.1875, 2.5625, 11.5, 2.625], "texture": "#0"},
				"south": {"uv": [12.3125, 0.375, 12.375, 0.4375], "texture": "#0"},
				"west": {"uv": [0, 0.75, 0.0625, 0.8125], "texture": "#0"},
				"up": {"uv": [0.75, 3.1875, 2, 3.0625], "rotation": 90, "texture": "#0"},
				"down": {"uv": [0, 0.75, 0.0625, 0.8125], "rotation": 270, "texture": "#0"}
			}
		},
		{
			"from": [21, 25, -16],
			"to": [23, 26, 5],
			"rotation": {"angle": 0, "axis": "y", "origin": [16, 0, 0]},
			"faces": {
				"north": {"uv": [2.0625, 3.6875, 2, 3.75], "texture": "#0"},
				"east": {"uv": [10.1875, 2.5, 11.5, 2.5625], "texture": "#0"},
				"south": {"uv": [12.1875, 0.3125, 12.25, 0.375], "texture": "#0"},
				"west": {"uv": [0, 0.75, 0.0625, 0.8125], "texture": "#0"},
				"up": {"uv": [0.625, 3.0625, 1.9375, 2.9375], "rotation": 90, "texture": "#0"},
				"down": {"uv": [0, 0.75, 0.0625, 0.8125], "rotation": 270, "texture": "#0"}
			}
		},
		{
			"from": [25, 0, -16],
			"to": [26, 24, 5],
			"rotation": {"angle": 0, "axis": "y", "origin": [16, 0, 0]},
			"faces": {
				"north": {"uv": [2.25, 3.8125, 2.1875, 3.875], "texture": "#0"},
				"east": {"uv": [10.1875, 2.625, 11.5, 4.125], "texture": "#0"},
				"south": {"uv": [12.375, 0.4375, 12.4375, 1.9375], "texture": "#0"},
				"west": {"uv": [0, 0.75, 0.0625, 0.8125], "texture": "#0"},
				"up": {"uv": [0.75, 3.1875, 2.625, 3.125], "rotation": 90, "texture": "#0"},
				"down": {"uv": [3.375, 1, 5.25, 0.9375], "rotation": 270, "texture": "#0"}
			}
		},
		{
			"from": [-3, 27, 4],
			"to": [19, 28, 5],
			"faces": {
				"north": {"uv": [0, 0.75, 0.0625, 0.8125], "texture": "#0"},
				"east": {"uv": [5.25, 2.8125, 7.4375, 2.875], "texture": "#0"},
				"south": {"uv": [10.625, 0.1875, 12, 0.25], "texture": "#0"},
				"west": {"uv": [5.6875, 1.25, 7.875, 1.3125], "texture": "#0"},
				"up": {"uv": [0, 0.75, 0.0625, 0.8125], "rotation": 90, "texture": "#0"},
				"down": {"uv": [3.0625, 1.375, 5.25, 1.5], "rotation": 270, "texture": "#missing"}
			}
		},
		{
			"from": [-5, 25, 4],
			"to": [21, 27, 5],
			"faces": {
				"north": {"uv": [0, 0.75, 0.0625, 0.8125], "texture": "#0"},
				"east": {"uv": [0, 0, 0, 0], "texture": "#0"},
				"south": {"uv": [10.5, 0.25, 12.125, 0.375], "texture": "#0"},
				"west": {"uv": [5.75, 1.3125, 7.875, 1.375], "texture": "#0"},
				"up": {"uv": [0, 0.75, 0.0625, 0.8125], "rotation": 90, "texture": "#0"},
				"down": {"uv": [3.125, 1.25, 5.25, 1.3125], "rotation": 270, "texture": "#missing"}
			}
		},
		{
			"from": [-7, 24, 4],
			"to": [23, 25, 5],
			"faces": {
				"north": {"uv": [0, 0.75, 0.0625, 0.8125], "texture": "#0"},
				"south": {"uv": [10.375, 0.375, 12.25, 0.4375], "texture": "#0"},
				"up": {"uv": [0.5, 2.8125, 2.625, 2.875], "rotation": 90, "texture": "#missing"},
				"down": {"uv": [3.125, 1.25, 5.25, 1.3125], "rotation": 270, "texture": "#missing"}
			}
		},
		{
			"from": [-9, 0, -16],
			"to": [25, 17, 4],
			"faces": {
				"up": {"uv": [0, 0.75, 0.0625, 0.8125], "rotation": 90, "texture": "#0"}
			}
		},
		{
			"from": [4, 17, -7],
			"to": [12, 26, -5],
			"faces": {
				"north": {"uv": [0, 0.75, 0.0625, 0.8125], "texture": "#0"},
				"east": {"uv": [0, 0.75, 0.0625, 0.8125], "texture": "#0"},
				"south": {"uv": [0, 0.75, 0.0625, 0.8125], "texture": "#0"},
				"west": {"uv": [0, 0.75, 0.0625, 0.8125], "texture": "#0"},
				"up": {"uv": [0, 0.75, 0.0625, 0.8125], "texture": "#0"}
			}
		},
		{
			"from": [5, 17, -9],
			"to": [11, 26, -3],
			"faces": {
				"north": {"uv": [0, 0.75, 0.0625, 0.8125], "texture": "#0"},
				"east": {"uv": [0, 0.75, 0.0625, 0.8125], "texture": "#0"},
				"south": {"uv": [0, 0.75, 0.0625, 0.8125], "texture": "#0"},
				"west": {"uv": [0, 0.75, 0.0625, 0.8125], "texture": "#0"},
				"up": {"uv": [0, 0.75, 0.0625, 0.8125], "texture": "#0"}
			}
		},
		{
			"from": [7, 17, -10],
			"to": [9, 26, -2],
			"faces": {
				"north": {"uv": [0, 0.75, 0.0625, 0.8125], "texture": "#0"},
				"east": {"uv": [0, 0.75, 0.0625, 0.8125], "texture": "#0"},
				"south": {"uv": [0, 0.75, 0.0625, 0.8125], "texture": "#0"},
				"west": {"uv": [0, 0.75, 0.0625, 0.8125], "texture": "#0"},
				"up": {"uv": [0, 0.75, 0.0625, 0.8125], "texture": "#0"}
			}
		},
		{
			"from": [-11, -4, -16],
			"to": [27, -3, 6],
			"rotation": {"angle": 0, "axis": "y", "origin": [0, 0, -24]},
			"faces": {
				"north": {"uv": [0, 0.75, 0.0625, 0.8125], "texture": "#0"},
				"east": {"uv": [0, 0.75, 0.0625, 0.8125], "texture": "#0"},
				"south": {"uv": [0, 0.75, 0.0625, 0.8125], "texture": "#0"},
				"west": {"uv": [0, 0.75, 0.0625, 0.8125], "texture": "#0"},
				"up": {"uv": [0, 0.75, 0.0625, 0.8125], "texture": "#0"},
				"down": {"uv": [0, 0.75, 0.0625, 0.8125], "texture": "#0"}
			}
		},
		{
			"from": [-3, -6, -16],
			"to": [19, -4, 6],
			"rotation": {"angle": 0, "axis": "y", "origin": [0, 0, -24]},
			"faces": {
				"north": {"uv": [0, 0.75, 0.0625, 0.8125], "texture": "#0"},
				"east": {"uv": [0, 0.75, 0.0625, 0.8125], "texture": "#0"},
				"south": {"uv": [0, 0.75, 0.0625, 0.8125], "texture": "#0"},
				"west": {"uv": [0, 0.75, 0.0625, 0.8125], "texture": "#0"},
				"down": {"uv": [0, 0.75, 0.0625, 0.8125], "texture": "#0"}
			}
		},
		{
			"from": [-3, -15, -7],
			"to": [-2, -6, 6],
			"rotation": {"angle": 0, "axis": "y", "origin": [0, 0, -24]},
			"faces": {
				"north": {"uv": [0, 0.75, 0.0625, 0.8125], "texture": "#0"},
				"east": {"uv": [0, 0.75, 0.0625, 0.8125], "texture": "#0"},
				"south": {"uv": [0, 0.75, 0.0625, 0.8125], "texture": "#0"},
				"west": {"uv": [0, 0.75, 0.0625, 0.8125], "texture": "#0"},
				"up": {"uv": [0, 0.75, 0.0625, 0.8125], "texture": "#0"},
				"down": {"uv": [0, 0.75, 0.0625, 0.8125], "texture": "#0"}
			}
		},
		{
			"from": [-4, -16, -12],
			"to": [-2, -15, -5],
			"rotation": {"angle": 0, "axis": "y", "origin": [0, 0, -24]},
			"faces": {
				"north": {"uv": [0, 0.75, 0.0625, 0.8125], "texture": "#0"},
				"east": {"uv": [0, 0.75, 0.0625, 0.8125], "texture": "#0"},
				"south": {"uv": [0, 0.75, 0.0625, 0.8125], "texture": "#0"},
				"west": {"uv": [0, 0.75, 0.0625, 0.8125], "texture": "#0"},
				"up": {"uv": [0, 0.75, 0.0625, 0.8125], "texture": "#0"},
				"down": {"uv": [0, 0.75, 0.0625, 0.8125], "texture": "#0"}
			}
		},
		{
			"from": [-3, -11, -16],
			"to": [-2, -6, -10],
			"rotation": {"angle": 0, "axis": "y", "origin": [0, 0, 40]},
			"faces": {
				"north": {"uv": [0.0625, 0.75, 0, 0.8125], "texture": "#0"},
				"east": {"uv": [0.0625, 0.75, 0, 0.8125], "texture": "#0"},
				"south": {"uv": [0.0625, 0.75, 0, 0.8125], "texture": "#0"},
				"west": {"uv": [0.0625, 0.75, 0, 0.8125], "texture": "#0"},
				"up": {"uv": [0, 0.8125, 0.0625, 0.75], "texture": "#0"},
				"down": {"uv": [0, 0.8125, 0.0625, 0.75], "texture": "#0"}
			}
		},
		{
			"from": [-3, -15, -13],
			"to": [-2, -11, -10],
			"rotation": {"angle": 0, "axis": "y", "origin": [0, 0, 40]},
			"faces": {
				"north": {"uv": [0.0625, 0.75, 0, 0.8125], "texture": "#0"},
				"east": {"uv": [0.0625, 0.75, 0, 0.8125], "texture": "#0"},
				"south": {"uv": [0.0625, 0.75, 0, 0.8125], "texture": "#0"},
				"west": {"uv": [0.0625, 0.75, 0, 0.8125], "texture": "#0"},
				"up": {"uv": [0, 0.8125, 0.0625, 0.75], "texture": "#0"},
				"down": {"uv": [0, 0.8125, 0.0625, 0.75], "texture": "#0"}
			}
		},
		{
			"from": [-3, -13, -14],
			"to": [-2, -11, -13],
			"rotation": {"angle": 0, "axis": "y", "origin": [0, 0, 40]},
			"faces": {
				"north": {"uv": [0.0625, 0.75, 0, 0.8125], "texture": "#0"},
				"east": {"uv": [0.0625, 0.75, 0, 0.8125], "texture": "#0"},
				"south": {"uv": [0.0625, 0.75, 0, 0.8125], "texture": "#0"},
				"west": {"uv": [0.0625, 0.75, 0, 0.8125], "texture": "#0"},
				"up": {"uv": [0, 0.8125, 0.0625, 0.75], "texture": "#0"},
				"down": {"uv": [0, 0.8125, 0.0625, 0.75], "texture": "#0"}
			}
		},
		{
			"from": [-3, -12, -15],
			"to": [-2, -11, -14],
			"rotation": {"angle": 0, "axis": "y", "origin": [0, 0, 40]},
			"faces": {
				"north": {"uv": [0.0625, 0.75, 0, 0.8125], "texture": "#0"},
				"east": {"uv": [0.0625, 0.75, 0, 0.8125], "texture": "#0"},
				"south": {"uv": [0.0625, 0.75, 0, 0.8125], "texture": "#0"},
				"west": {"uv": [0.0625, 0.75, 0, 0.8125], "texture": "#0"},
				"up": {"uv": [0, 0.8125, 0.0625, 0.75], "texture": "#0"},
				"down": {"uv": [0, 0.8125, 0.0625, 0.75], "texture": "#0"}
			}
		},
		{
			"from": [-6, -8, -9],
			"to": [-4, -7.5, -7],
			"rotation": {"angle": 0, "axis": "y", "origin": [0, -16, -24]},
			"faces": {
				"north": {"uv": [0, 0.75, 0.0625, 0.8125], "texture": "#0"},
				"east": {"uv": [0, 0.75, 0.0625, 0.8125], "texture": "#0"},
				"south": {"uv": [0, 0.75, 0.0625, 0.8125], "texture": "#0"},
				"west": {"uv": [0, 0.75, 0.0625, 0.8125], "texture": "#0"},
				"down": {"uv": [0, 0.75, 0.0625, 0.8125], "texture": "#0"}
			}
		},
		{
			"from": [-6, -7.5, -11],
			"to": [-4, -7, -5],
			"rotation": {"angle": 0, "axis": "y", "origin": [0, -16, -24]},
			"faces": {
				"north": {"uv": [0.0625, 0.8125, 0.125, 0.875], "texture": "#0"},
				"east": {"uv": [0.0625, 0.8125, 0.125, 0.875], "texture": "#0"},
				"south": {"uv": [0.0625, 0.8125, 0.125, 0.875], "texture": "#0"},
				"west": {"uv": [0.0625, 0.8125, 0.125, 0.875], "texture": "#0"},
				"down": {"uv": [0.0625, 0.8125, 0.125, 0.875], "texture": "#0"}
			}
		},
		{
			"from": [-6, -7, -12],
			"to": [-4, -6.5, -4],
			"rotation": {"angle": 0, "axis": "y", "origin": [0, -16, -24]},
			"faces": {
				"north": {"uv": [0, 0.75, 0.0625, 0.8125], "texture": "#0"},
				"east": {"uv": [0, 0.75, 0.0625, 0.8125], "texture": "#0"},
				"south": {"uv": [0, 0.75, 0.0625, 0.8125], "texture": "#0"},
				"west": {"uv": [0, 0.75, 0.0625, 0.8125], "texture": "#0"},
				"down": {"uv": [0, 0.75, 0.0625, 0.8125], "texture": "#0"}
			}
		},
		{
			"from": [-6, -6.5, -14],
			"to": [-4, -6, -2],
			"rotation": {"angle": 0, "axis": "y", "origin": [0, -16, -24]},
			"faces": {
				"north": {"uv": [0.0625, 0.8125, 0.125, 0.875], "texture": "#0"},
				"east": {"uv": [0.0625, 0.8125, 0.125, 0.875], "texture": "#0"},
				"south": {"uv": [0.0625, 0.8125, 0.125, 0.875], "texture": "#0"},
				"west": {"uv": [0.0625, 0.8125, 0.125, 0.875], "texture": "#0"},
				"down": {"uv": [0.0625, 0.8125, 0.125, 0.875], "texture": "#0"}
			}
		},
		{
			"from": [-6, -6, -15],
			"to": [-4, -5.5, -1],
			"rotation": {"angle": 0, "axis": "y", "origin": [0, -16, -24]},
			"faces": {
				"north": {"uv": [0, 0.75, 0.0625, 0.8125], "texture": "#0"},
				"east": {"uv": [0, 0.75, 0.0625, 0.8125], "texture": "#0"},
				"south": {"uv": [0, 0.75, 0.0625, 0.8125], "texture": "#0"},
				"west": {"uv": [0, 0.75, 0.0625, 0.8125], "texture": "#0"},
				"up": {"uv": [0, 0.75, 0.0625, 0.8125], "texture": "#0"},
				"down": {"uv": [0, 0.75, 0.0625, 0.8125], "texture": "#0"}
			}
		},
		{
			"from": [-6.5, -11, -16],
			"to": [-3, -9, -13.5],
			"rotation": {"angle": 0, "axis": "y", "origin": [0, -16, -24]},
			"faces": {
				"north": {"uv": [0, 0.75, 0.0625, 0.8125], "texture": "#0"},
				"south": {"uv": [0, 0.75, 0.0625, 0.8125], "texture": "#0"},
				"west": {"uv": [0, 0.75, 0.0625, 0.8125], "texture": "#0"},
				"up": {"uv": [0, 0.75, 0.0625, 0.8125], "texture": "#0"},
				"down": {"uv": [0, 0.75, 0.0625, 0.8125], "texture": "#0"}
			}
		},
		{
			"from": [-5.5, -12, -15.5],
			"to": [-4.5, -5, -14.5],
			"rotation": {"angle": 0, "axis": "y", "origin": [0, -16, -24]},
			"faces": {
				"north": {"uv": [0, 0.75, 0.0625, 0.8125], "texture": "#0"},
				"east": {"uv": [0, 0.75, 0.0625, 0.8125], "texture": "#0"},
				"south": {"uv": [0, 0.75, 0.0625, 0.8125], "texture": "#0"},
				"west": {"uv": [0, 0.75, 0.0625, 0.8125], "texture": "#0"},
				"up": {"uv": [0, 0.75, 0.0625, 0.8125], "texture": "#0"},
				"down": {"uv": [0, 0.75, 0.0625, 0.8125], "texture": "#0"}
			}
		},
		{
			"from": [-6.5, -11, -2.5],
			"to": [-3, -9, 0.5],
			"rotation": {"angle": 0, "axis": "y", "origin": [0, -16, -24]},
			"faces": {
				"north": {"uv": [0, 0.75, 0.0625, 0.8125], "texture": "#0"},
				"south": {"uv": [0, 0.75, 0.0625, 0.8125], "texture": "#0"},
				"west": {"uv": [0, 0.75, 0.0625, 0.8125], "texture": "#0"},
				"up": {"uv": [0, 0.75, 0.0625, 0.8125], "texture": "#0"},
				"down": {"uv": [0, 0.75, 0.0625, 0.8125], "texture": "#0"}
			}
		},
		{
			"from": [-5.5, -12, -1.5],
			"to": [-4.5, -5, -0.5],
			"rotation": {"angle": 0, "axis": "y", "origin": [0, -16, -24]},
			"faces": {
				"north": {"uv": [0, 0.75, 0.0625, 0.8125], "texture": "#0"},
				"east": {"uv": [0, 0.75, 0.0625, 0.8125], "texture": "#0"},
				"south": {"uv": [0, 0.75, 0.0625, 0.8125], "texture": "#0"},
				"west": {"uv": [0, 0.75, 0.0625, 0.8125], "texture": "#0"},
				"up": {"uv": [0, 0.75, 0.0625, 0.8125], "texture": "#0"},
				"down": {"uv": [0, 0.75, 0.0625, 0.8125], "texture": "#0"}
			}
		},
		{
			"from": [-6.5, -8, -9.5],
			"to": [-3.5, -4, -7.5],
			"rotation": {"angle": 0, "axis": "y", "origin": [0, -16, -24]},
			"faces": {
				"north": {"uv": [0, 0.8125, 0.0625, 1.0625], "texture": "#0"},
				"east": {"uv": [0, 0.8125, 0.0625, 1.0625], "texture": "#0"},
				"south": {"uv": [0, 0.8125, 0.0625, 1.0625], "texture": "#0"},
				"west": {"uv": [0, 0.8125, 0.0625, 1.0625], "texture": "#0"},
				"up": {"uv": [0, 0.75, 0.0625, 0.8125], "texture": "#0"}
			}
		},
		{
			"from": [-7, -13, -10.5],
			"to": [-3, -8.6, -6.5],
			"rotation": {"angle": 0, "axis": "y", "origin": [0, -16, -24]},
			"faces": {
				"north": {"uv": [0, 0.75, 0.0625, 0.8125], "texture": "#0"},
				"east": {"uv": [0, 0.75, 0.0625, 0.8125], "texture": "#0"},
				"south": {"uv": [0, 0.75, 0.0625, 0.8125], "texture": "#0"},
				"west": {"uv": [0, 0.75, 0.0625, 0.8125], "texture": "#0"},
				"up": {"uv": [0, 0.75, 0.0625, 0.8125], "texture": "#0"},
				"down": {"uv": [0, 0.75, 0.0625, 0.8125], "texture": "#0"}
			}
		},
		{
			"from": [-6, -12.4, -11],
			"to": [-4, -12.15, -6],
			"rotation": {"angle": 0, "axis": "y", "origin": [0, -16, -24]},
			"faces": {
				"north": {"uv": [0, 0.75, 0.0625, 0.8125], "texture": "#0"},
				"south": {"uv": [0, 0.75, 0.0625, 0.8125], "texture": "#0"},
				"west": {"uv": [0, 0.75, 0.0625, 0.8125], "texture": "#0"},
				"up": {"uv": [0, 0.75, 0.0625, 0.8125], "texture": "#0"},
				"down": {"uv": [0, 0.75, 0.0625, 0.8125], "texture": "#0"}
			}
		},
		{
			"from": [-6, -10.9, -11],
			"to": [-4, -10.65, -6],
			"rotation": {"angle": 0, "axis": "y", "origin": [0, -16, -24]},
			"faces": {
				"north": {"uv": [0, 0.75, 0.0625, 0.8125], "texture": "#0"},
				"south": {"uv": [0, 0.75, 0.0625, 0.8125], "texture": "#0"},
				"west": {"uv": [0, 0.75, 0.0625, 0.8125], "texture": "#0"},
				"up": {"uv": [0, 0.75, 0.0625, 0.8125], "texture": "#0"},
				"down": {"uv": [0, 0.75, 0.0625, 0.8125], "texture": "#0"}
			}
		},
		{
			"from": [-6, -9.2, -11],
			"to": [-4, -8.95, -6],
			"rotation": {"angle": 0, "axis": "y", "origin": [0, -16, -24]},
			"faces": {
				"north": {"uv": [0, 0.75, 0.0625, 0.8125], "texture": "#0"},
				"south": {"uv": [0, 0.75, 0.0625, 0.8125], "texture": "#0"},
				"west": {"uv": [0, 0.75, 0.0625, 0.8125], "texture": "#0"},
				"up": {"uv": [0, 0.75, 0.0625, 0.8125], "texture": "#0"},
				"down": {"uv": [0, 0.75, 0.0625, 0.8125], "texture": "#0"}
			}
		},
		{
			"from": [-4, -12.4, -11.5],
			"to": [-3, -12.15, -5.5],
			"rotation": {"angle": 0, "axis": "y", "origin": [0, -16, -24]},
			"faces": {
				"north": {"uv": [0, 0.75, 0.0625, 0.8125], "texture": "#0"},
				"south": {"uv": [0, 0.75, 0.0625, 0.8125], "texture": "#0"},
				"west": {"uv": [0, 0.75, 0.0625, 0.8125], "texture": "#0"},
				"up": {"uv": [0, 0.75, 0.0625, 0.8125], "texture": "#0"},
				"down": {"uv": [0, 0.75, 0.0625, 0.8125], "texture": "#0"}
			}
		},
		{
			"from": [-4, -10.9, -11.5],
			"to": [-3, -10.65, -5.5],
			"rotation": {"angle": 0, "axis": "y", "origin": [0, -16, -24]},
			"faces": {
				"north": {"uv": [0, 0.75, 0.0625, 0.8125], "texture": "#0"},
				"south": {"uv": [0, 0.75, 0.0625, 0.8125], "texture": "#0"},
				"west": {"uv": [0, 0.75, 0.0625, 0.8125], "texture": "#0"},
				"up": {"uv": [0, 0.75, 0.0625, 0.8125], "texture": "#0"},
				"down": {"uv": [0, 0.75, 0.0625, 0.8125], "texture": "#0"}
			}
		},
		{
			"from": [-4, -9.2, -11.5],
			"to": [-3, -8.95, -5.5],
			"rotation": {"angle": 0, "axis": "y", "origin": [0, -16, -24]},
			"faces": {
				"north": {"uv": [0, 0.75, 0.0625, 0.8125], "texture": "#0"},
				"south": {"uv": [0, 0.75, 0.0625, 0.8125], "texture": "#0"},
				"west": {"uv": [0, 0.75, 0.0625, 0.8125], "texture": "#0"},
				"up": {"uv": [0, 0.75, 0.0625, 0.8125], "texture": "#0"},
				"down": {"uv": [0, 0.75, 0.0625, 0.8125], "texture": "#0"}
			}
		},
		{
			"from": [-11, -8.8, 1],
			"to": [-3, -8.55, 6],
			"rotation": {"angle": 0, "axis": "y", "origin": [0, -16.8, -25]},
			"faces": {
				"north": {"uv": [0, 0.75, 0.0625, 0.8125], "texture": "#0"},
				"south": {"uv": [0, 0.75, 0.0625, 0.8125], "texture": "#0"},
				"west": {"uv": [0, 0.75, 0.0625, 0.8125], "texture": "#0"},
				"up": {"uv": [0.0625, 0.75, 0.3125, 0.8125], "texture": "#0"},
				"down": {"uv": [0, 0.75, 0.0625, 0.8125], "texture": "#0"}
			}
		},
		{
			"from": [-11, -8.8, 1],
			"to": [-3, -7.55, 1.25],
			"rotation": {"angle": -22.5, "axis": "x", "origin": [0, -8.8, 1]},
			"faces": {
				"north": {"uv": [0, 0.75, 0.0625, 0.8125], "texture": "#0"},
				"south": {"uv": [0, 0.75, 0.0625, 0.8125], "texture": "#0"},
				"west": {"uv": [0, 0.75, 0.0625, 0.8125], "texture": "#0"},
				"up": {"uv": [0, 0.75, 0.0625, 0.8125], "texture": "#0"},
				"down": {"uv": [0, 0.75, 0.0625, 0.8125], "texture": "#0"}
			}
		},
		{
			"from": [-11, -14.3, -1],
			"to": [-3, -14.05, 6],
			"rotation": {"angle": 0, "axis": "y", "origin": [0, -22.3, -27]},
			"faces": {
				"north": {"uv": [0, 0.75, 0.0625, 0.8125], "texture": "#0"},
				"south": {"uv": [0, 0.75, 0.0625, 0.8125], "texture": "#0"},
				"west": {"uv": [0, 0.75, 0.0625, 0.8125], "texture": "#0"},
				"up": {"uv": [0.0625, 0.75, 0.3125, 0.8125], "texture": "#0"},
				"down": {"uv": [0, 0.75, 0.0625, 0.8125], "texture": "#0"}
			}
		},
		{
			"from": [-11, -14.3, -1],
			"to": [-3, -13.05, -0.75],
			"rotation": {"angle": -22.5, "axis": "x", "origin": [0, -14.3, -1]},
			"faces": {
				"north": {"uv": [0, 0.75, 0.0625, 0.8125], "texture": "#0"},
				"south": {"uv": [0, 0.75, 0.0625, 0.8125], "texture": "#0"},
				"west": {"uv": [0, 0.75, 0.0625, 0.8125], "texture": "#0"},
				"up": {"uv": [0, 0.75, 0.0625, 0.8125], "texture": "#0"},
				"down": {"uv": [0, 0.75, 0.0625, 0.8125], "texture": "#0"}
			}
		},
		{
			"from": [18, -15, -7],
			"to": [19, -6, 6],
			"rotation": {"angle": 0, "axis": "y", "origin": [16, 0, -24]},
			"faces": {
				"north": {"uv": [0.0625, 0.75, 0, 0.8125], "texture": "#0"},
				"east": {"uv": [0.0625, 0.75, 0, 0.8125], "texture": "#0"},
				"south": {"uv": [0.0625, 0.75, 0, 0.8125], "texture": "#0"},
				"west": {"uv": [0.0625, 0.75, 0, 0.8125], "texture": "#0"},
				"up": {"uv": [0.0625, 0.75, 0, 0.8125], "texture": "#0"},
				"down": {"uv": [0.0625, 0.75, 0, 0.8125], "texture": "#0"}
			}
		},
		{
			"from": [18, -16, -12],
			"to": [20, -15, -5],
			"rotation": {"angle": 0, "axis": "y", "origin": [16, 0, -24]},
			"faces": {
				"north": {"uv": [0.0625, 0.75, 0, 0.8125], "texture": "#0"},
				"east": {"uv": [0.0625, 0.75, 0, 0.8125], "texture": "#0"},
				"south": {"uv": [0.0625, 0.75, 0, 0.8125], "texture": "#0"},
				"west": {"uv": [0.0625, 0.75, 0, 0.8125], "texture": "#0"},
				"up": {"uv": [0.0625, 0.75, 0, 0.8125], "texture": "#0"},
				"down": {"uv": [0.0625, 0.75, 0, 0.8125], "texture": "#0"}
			}
		},
		{
			"from": [18, -11, -16],
			"to": [19, -6, -10],
			"rotation": {"angle": 0, "axis": "y", "origin": [16, 0, 40]},
			"faces": {
				"north": {"uv": [0, 0.75, 0.0625, 0.8125], "texture": "#0"},
				"east": {"uv": [0, 0.75, 0.0625, 0.8125], "texture": "#0"},
				"south": {"uv": [0, 0.75, 0.0625, 0.8125], "texture": "#0"},
				"west": {"uv": [0, 0.75, 0.0625, 0.8125], "texture": "#0"},
				"up": {"uv": [0.0625, 0.8125, 0, 0.75], "texture": "#0"},
				"down": {"uv": [0.0625, 0.8125, 0, 0.75], "texture": "#0"}
			}
		},
		{
			"from": [18, -15, -13],
			"to": [19, -11, -10],
			"rotation": {"angle": 0, "axis": "y", "origin": [16, 0, 40]},
			"faces": {
				"north": {"uv": [0, 0.75, 0.0625, 0.8125], "texture": "#0"},
				"east": {"uv": [0, 0.75, 0.0625, 0.8125], "texture": "#0"},
				"south": {"uv": [0, 0.75, 0.0625, 0.8125], "texture": "#0"},
				"west": {"uv": [0, 0.75, 0.0625, 0.8125], "texture": "#0"},
				"up": {"uv": [0.0625, 0.8125, 0, 0.75], "texture": "#0"},
				"down": {"uv": [0.0625, 0.8125, 0, 0.75], "texture": "#0"}
			}
		},
		{
			"from": [18, -13, -14],
			"to": [19, -11, -13],
			"rotation": {"angle": 0, "axis": "y", "origin": [16, 0, 40]},
			"faces": {
				"north": {"uv": [0, 0.75, 0.0625, 0.8125], "texture": "#0"},
				"east": {"uv": [0, 0.75, 0.0625, 0.8125], "texture": "#0"},
				"south": {"uv": [0, 0.75, 0.0625, 0.8125], "texture": "#0"},
				"west": {"uv": [0, 0.75, 0.0625, 0.8125], "texture": "#0"},
				"up": {"uv": [0.0625, 0.8125, 0, 0.75], "texture": "#0"},
				"down": {"uv": [0.0625, 0.8125, 0, 0.75], "texture": "#0"}
			}
		},
		{
			"from": [18, -12, -15],
			"to": [19, -11, -14],
			"rotation": {"angle": 0, "axis": "y", "origin": [16, 0, 40]},
			"faces": {
				"north": {"uv": [0, 0.75, 0.0625, 0.8125], "texture": "#0"},
				"east": {"uv": [0, 0.75, 0.0625, 0.8125], "texture": "#0"},
				"south": {"uv": [0, 0.75, 0.0625, 0.8125], "texture": "#0"},
				"west": {"uv": [0, 0.75, 0.0625, 0.8125], "texture": "#0"},
				"up": {"uv": [0.0625, 0.8125, 0, 0.75], "texture": "#0"},
				"down": {"uv": [0.0625, 0.8125, 0, 0.75], "texture": "#0"}
			}
		},
		{
			"from": [3, -15, 6],
			"to": [13, -11, 7],
			"rotation": {"angle": 0, "axis": "y", "origin": [16, 0, -24]},
			"faces": {
				"north": {"uv": [0.0625, 0.75, 0, 0.8125], "texture": "#0"},
				"east": {"uv": [0.0625, 0.75, 0, 0.8125], "texture": "#0"},
				"south": {"uv": [0.0625, 0.75, 0, 0.8125], "texture": "#0"},
				"west": {"uv": [0.0625, 0.75, 0, 0.8125], "texture": "#0"},
				"up": {"uv": [0.0625, 0.75, 0, 0.8125], "texture": "#0"},
				"down": {"uv": [0.0625, 0.75, 0, 0.8125], "texture": "#0"}
			}
		},
		{
			"from": [7, -11, 6],
			"to": [13, -9, 7],
			"rotation": {"angle": 0, "axis": "y", "origin": [16, 0, -24]},
			"faces": {
				"north": {"uv": [0.0625, 0.75, 0, 0.8125], "texture": "#0"},
				"east": {"uv": [0.0625, 0.75, 0, 0.8125], "texture": "#0"},
				"south": {"uv": [0.0625, 0.75, 0, 0.8125], "texture": "#0"},
				"west": {"uv": [0.0625, 0.75, 0, 0.8125], "texture": "#0"},
				"up": {"uv": [0.0625, 0.75, 0, 0.8125], "texture": "#0"},
				"down": {"uv": [0.0625, 0.75, 0, 0.8125], "texture": "#0"}
			}
		},
		{
			"from": [3, -11, 6],
			"to": [4, -9, 7],
			"rotation": {"angle": 0, "axis": "y", "origin": [16, 0, -24]},
			"faces": {
				"north": {"uv": [0.0625, 0.75, 0, 0.8125], "texture": "#0"},
				"east": {"uv": [0.0625, 0.75, 0, 0.8125], "texture": "#0"},
				"south": {"uv": [0.0625, 0.75, 0, 0.8125], "texture": "#0"},
				"west": {"uv": [0.0625, 0.75, 0, 0.8125], "texture": "#0"},
				"up": {"uv": [0.0625, 0.75, 0, 0.8125], "texture": "#0"},
				"down": {"uv": [0.0625, 0.75, 0, 0.8125], "texture": "#0"}
			}
		},
		{
			"from": [20, -8, -9],
			"to": [22, -7.5, -7],
			"rotation": {"angle": 0, "axis": "y", "origin": [16, -16, -24]},
			"faces": {
				"north": {"uv": [0.0625, 0.75, 0, 0.8125], "texture": "#0"},
				"east": {"uv": [0.0625, 0.75, 0, 0.8125], "texture": "#0"},
				"south": {"uv": [0.0625, 0.75, 0, 0.8125], "texture": "#0"},
				"west": {"uv": [0.0625, 0.75, 0, 0.8125], "texture": "#0"},
				"down": {"uv": [0.0625, 0.75, 0, 0.8125], "texture": "#0"}
			}
		},
		{
			"from": [20, -7.5, -11],
			"to": [22, -7, -5],
			"rotation": {"angle": 0, "axis": "y", "origin": [16, -16, -24]},
			"faces": {
				"north": {"uv": [0.125, 0.8125, 0.0625, 0.875], "texture": "#0"},
				"east": {"uv": [0.125, 0.8125, 0.0625, 0.875], "texture": "#0"},
				"south": {"uv": [0.125, 0.8125, 0.0625, 0.875], "texture": "#0"},
				"west": {"uv": [0.125, 0.8125, 0.0625, 0.875], "texture": "#0"},
				"down": {"uv": [0.125, 0.8125, 0.0625, 0.875], "texture": "#0"}
			}
		},
		{
			"from": [20, -7, -12],
			"to": [22, -6.5, -4],
			"rotation": {"angle": 0, "axis": "y", "origin": [16, -16, -24]},
			"faces": {
				"north": {"uv": [0.0625, 0.75, 0, 0.8125], "texture": "#0"},
				"east": {"uv": [0.0625, 0.75, 0, 0.8125], "texture": "#0"},
				"south": {"uv": [0.0625, 0.75, 0, 0.8125], "texture": "#0"},
				"west": {"uv": [0.0625, 0.75, 0, 0.8125], "texture": "#0"},
				"down": {"uv": [0.0625, 0.75, 0, 0.8125], "texture": "#0"}
			}
		},
		{
			"from": [20, -6.5, -14],
			"to": [22, -6, -2],
			"rotation": {"angle": 0, "axis": "y", "origin": [16, -16, -24]},
			"faces": {
				"north": {"uv": [0.125, 0.8125, 0.0625, 0.875], "texture": "#0"},
				"east": {"uv": [0.125, 0.8125, 0.0625, 0.875], "texture": "#0"},
				"south": {"uv": [0.125, 0.8125, 0.0625, 0.875], "texture": "#0"},
				"west": {"uv": [0.125, 0.8125, 0.0625, 0.875], "texture": "#0"},
				"down": {"uv": [0.125, 0.8125, 0.0625, 0.875], "texture": "#0"}
			}
		},
		{
			"from": [20, -6, -15],
			"to": [22, -5.5, -1],
			"rotation": {"angle": 0, "axis": "y", "origin": [16, -16, -24]},
			"faces": {
				"north": {"uv": [0.0625, 0.75, 0, 0.8125], "texture": "#0"},
				"east": {"uv": [0.0625, 0.75, 0, 0.8125], "texture": "#0"},
				"south": {"uv": [0.0625, 0.75, 0, 0.8125], "texture": "#0"},
				"west": {"uv": [0.0625, 0.75, 0, 0.8125], "texture": "#0"},
				"up": {"uv": [0.0625, 0.75, 0, 0.8125], "texture": "#0"},
				"down": {"uv": [0.0625, 0.75, 0, 0.8125], "texture": "#0"}
			}
		},
		{
			"from": [19, -11, -16],
			"to": [22.5, -9, -13.5],
			"rotation": {"angle": 0, "axis": "y", "origin": [16, -16, -24]},
			"faces": {
				"north": {"uv": [0.0625, 0.75, 0, 0.8125], "texture": "#0"},
				"east": {"uv": [0.0625, 0.75, 0, 0.8125], "texture": "#0"},
				"south": {"uv": [0.0625, 0.75, 0, 0.8125], "texture": "#0"},
				"up": {"uv": [0.0625, 0.75, 0, 0.8125], "texture": "#0"},
				"down": {"uv": [0.0625, 0.75, 0, 0.8125], "texture": "#0"}
			}
		},
		{
			"from": [20.5, -12, -15.5],
			"to": [21.5, -5, -14.5],
			"rotation": {"angle": 0, "axis": "y", "origin": [16, -16, -24]},
			"faces": {
				"north": {"uv": [0.0625, 0.75, 0, 0.8125], "texture": "#0"},
				"east": {"uv": [0.0625, 0.75, 0, 0.8125], "texture": "#0"},
				"south": {"uv": [0.0625, 0.75, 0, 0.8125], "texture": "#0"},
				"west": {"uv": [0.0625, 0.75, 0, 0.8125], "texture": "#0"},
				"up": {"uv": [0.0625, 0.75, 0, 0.8125], "texture": "#0"},
				"down": {"uv": [0.0625, 0.75, 0, 0.8125], "texture": "#0"}
			}
		},
		{
			"from": [19, -11, -2.5],
			"to": [22.5, -9, 0.5],
			"rotation": {"angle": 0, "axis": "y", "origin": [16, -16, -24]},
			"faces": {
				"north": {"uv": [0.0625, 0.75, 0, 0.8125], "texture": "#0"},
				"east": {"uv": [0.0625, 0.75, 0, 0.8125], "texture": "#0"},
				"south": {"uv": [0.0625, 0.75, 0, 0.8125], "texture": "#0"},
				"up": {"uv": [0.0625, 0.75, 0, 0.8125], "texture": "#0"},
				"down": {"uv": [0.0625, 0.75, 0, 0.8125], "texture": "#0"}
			}
		},
		{
			"from": [20.5, -12, -1.5],
			"to": [21.5, -5, -0.5],
			"rotation": {"angle": 0, "axis": "y", "origin": [16, -16, -24]},
			"faces": {
				"north": {"uv": [0.0625, 0.75, 0, 0.8125], "texture": "#0"},
				"east": {"uv": [0.0625, 0.75, 0, 0.8125], "texture": "#0"},
				"south": {"uv": [0.0625, 0.75, 0, 0.8125], "texture": "#0"},
				"west": {"uv": [0.0625, 0.75, 0, 0.8125], "texture": "#0"},
				"up": {"uv": [0.0625, 0.75, 0, 0.8125], "texture": "#0"},
				"down": {"uv": [0.0625, 0.75, 0, 0.8125], "texture": "#0"}
			}
		},
		{
			"from": [19.5, -8, -9.5],
			"to": [22.5, -4, -7.5],
			"rotation": {"angle": 0, "axis": "y", "origin": [16, -16, -24]},
			"faces": {
				"north": {"uv": [0.0625, 0.8125, 0, 1.0625], "texture": "#0"},
				"east": {"uv": [0.0625, 0.8125, 0, 1.0625], "texture": "#0"},
				"south": {"uv": [0.0625, 0.8125, 0, 1.0625], "texture": "#0"},
				"west": {"uv": [0.0625, 0.8125, 0, 1.0625], "texture": "#0"},
				"up": {"uv": [0.0625, 0.75, 0, 0.8125], "texture": "#0"}
			}
		},
		{
			"from": [19, -13, -10.5],
			"to": [23, -8.6, -6.5],
			"rotation": {"angle": 0, "axis": "y", "origin": [16, -16, -24]},
			"faces": {
				"north": {"uv": [0.0625, 0.75, 0, 0.8125], "texture": "#0"},
				"east": {"uv": [0.0625, 0.75, 0, 0.8125], "texture": "#0"},
				"south": {"uv": [0.0625, 0.75, 0, 0.8125], "texture": "#0"},
				"west": {"uv": [0.0625, 0.75, 0, 0.8125], "texture": "#0"},
				"up": {"uv": [0.0625, 0.75, 0, 0.8125], "texture": "#0"},
				"down": {"uv": [0.0625, 0.75, 0, 0.8125], "texture": "#0"}
			}
		},
		{
			"from": [20, -12.4, -11],
			"to": [22, -12.15, -6],
			"rotation": {"angle": 0, "axis": "y", "origin": [16, -16, -24]},
			"faces": {
				"north": {"uv": [0.0625, 0.75, 0, 0.8125], "texture": "#0"},
				"east": {"uv": [0.0625, 0.75, 0, 0.8125], "texture": "#0"},
				"south": {"uv": [0.0625, 0.75, 0, 0.8125], "texture": "#0"},
				"up": {"uv": [0.0625, 0.75, 0, 0.8125], "texture": "#0"},
				"down": {"uv": [0.0625, 0.75, 0, 0.8125], "texture": "#0"}
			}
		},
		{
			"from": [20, -10.9, -11],
			"to": [22, -10.65, -6],
			"rotation": {"angle": 0, "axis": "y", "origin": [16, -16, -24]},
			"faces": {
				"north": {"uv": [0.0625, 0.75, 0, 0.8125], "texture": "#0"},
				"east": {"uv": [0.0625, 0.75, 0, 0.8125], "texture": "#0"},
				"south": {"uv": [0.0625, 0.75, 0, 0.8125], "texture": "#0"},
				"up": {"uv": [0.0625, 0.75, 0, 0.8125], "texture": "#0"},
				"down": {"uv": [0.0625, 0.75, 0, 0.8125], "texture": "#0"}
			}
		},
		{
			"from": [20, -9.2, -11],
			"to": [22, -8.95, -6],
			"rotation": {"angle": 0, "axis": "y", "origin": [16, -16, -24]},
			"faces": {
				"north": {"uv": [0.0625, 0.75, 0, 0.8125], "texture": "#0"},
				"east": {"uv": [0.0625, 0.75, 0, 0.8125], "texture": "#0"},
				"south": {"uv": [0.0625, 0.75, 0, 0.8125], "texture": "#0"},
				"up": {"uv": [0.0625, 0.75, 0, 0.8125], "texture": "#0"},
				"down": {"uv": [0.0625, 0.75, 0, 0.8125], "texture": "#0"}
			}
		},
		{
			"from": [19, -12.4, -11.5],
			"to": [20, -12.15, -5.5],
			"rotation": {"angle": 0, "axis": "y", "origin": [16, -16, -24]},
			"faces": {
				"north": {"uv": [0.0625, 0.75, 0, 0.8125], "texture": "#0"},
				"east": {"uv": [0.0625, 0.75, 0, 0.8125], "texture": "#0"},
				"south": {"uv": [0.0625, 0.75, 0, 0.8125], "texture": "#0"},
				"up": {"uv": [0.0625, 0.75, 0, 0.8125], "texture": "#0"},
				"down": {"uv": [0.0625, 0.75, 0, 0.8125], "texture": "#0"}
			}
		},
		{
			"from": [19, -10.9, -11.5],
			"to": [20, -10.65, -5.5],
			"rotation": {"angle": 0, "axis": "y", "origin": [16, -16, -24]},
			"faces": {
				"north": {"uv": [0.0625, 0.75, 0, 0.8125], "texture": "#0"},
				"east": {"uv": [0.0625, 0.75, 0, 0.8125], "texture": "#0"},
				"south": {"uv": [0.0625, 0.75, 0, 0.8125], "texture": "#0"},
				"up": {"uv": [0.0625, 0.75, 0, 0.8125], "texture": "#0"},
				"down": {"uv": [0.0625, 0.75, 0, 0.8125], "texture": "#0"}
			}
		},
		{
			"from": [19, -9.2, -11.5],
			"to": [20, -8.95, -5.5],
			"rotation": {"angle": 0, "axis": "y", "origin": [16, -16, -24]},
			"faces": {
				"north": {"uv": [0.0625, 0.75, 0, 0.8125], "texture": "#0"},
				"east": {"uv": [0.0625, 0.75, 0, 0.8125], "texture": "#0"},
				"south": {"uv": [0.0625, 0.75, 0, 0.8125], "texture": "#0"},
				"up": {"uv": [0.0625, 0.75, 0, 0.8125], "texture": "#0"},
				"down": {"uv": [0.0625, 0.75, 0, 0.8125], "texture": "#0"}
			}
		},
		{
			"from": [19, -8.8, 1],
			"to": [27, -8.55, 6],
			"rotation": {"angle": 0, "axis": "y", "origin": [16, -16.8, -25]},
			"faces": {
				"north": {"uv": [0.0625, 0.75, 0, 0.8125], "texture": "#0"},
				"east": {"uv": [0.0625, 0.75, 0, 0.8125], "texture": "#0"},
				"south": {"uv": [0.0625, 0.75, 0, 0.8125], "texture": "#0"},
				"up": {"uv": [0.3125, 0.75, 0.0625, 0.8125], "texture": "#0"},
				"down": {"uv": [0.0625, 0.75, 0, 0.8125], "texture": "#0"}
			}
		},
		{
			"from": [19, -8.8, 1],
			"to": [27, -7.55, 1.25],
			"rotation": {"angle": -22.5, "axis": "x", "origin": [16, -8.8, 1]},
			"faces": {
				"north": {"uv": [0.0625, 0.75, 0, 0.8125], "texture": "#0"},
				"east": {"uv": [0.0625, 0.75, 0, 0.8125], "texture": "#0"},
				"south": {"uv": [0.0625, 0.75, 0, 0.8125], "texture": "#0"},
				"up": {"uv": [0.0625, 0.75, 0, 0.8125], "texture": "#0"},
				"down": {"uv": [0.0625, 0.75, 0, 0.8125], "texture": "#0"}
			}
		},
		{
			"from": [19, -14.3, -1],
			"to": [27, -14.05, 6],
			"rotation": {"angle": 0, "axis": "y", "origin": [16, -22.3, -27]},
			"faces": {
				"north": {"uv": [0.0625, 0.75, 0, 0.8125], "texture": "#0"},
				"east": {"uv": [0.0625, 0.75, 0, 0.8125], "texture": "#0"},
				"south": {"uv": [0.0625, 0.75, 0, 0.8125], "texture": "#0"},
				"up": {"uv": [0.3125, 0.75, 0.0625, 0.8125], "texture": "#0"},
				"down": {"uv": [0.0625, 0.75, 0, 0.8125], "texture": "#0"}
			}
		},
		{
			"from": [19, -14.3, -1],
			"to": [27, -13.05, -0.75],
			"rotation": {"angle": -22.5, "axis": "x", "origin": [16, -14.3, -1]},
			"faces": {
				"north": {"uv": [0.0625, 0.75, 0, 0.8125], "texture": "#0"},
				"east": {"uv": [0.0625, 0.75, 0, 0.8125], "texture": "#0"},
				"south": {"uv": [0.0625, 0.75, 0, 0.8125], "texture": "#0"},
				"up": {"uv": [0.0625, 0.75, 0, 0.8125], "texture": "#0"},
				"down": {"uv": [0.0625, 0.75, 0, 0.8125], "texture": "#0"}
			}
		},
		{
			"name": "back plate",
			"from": [-10, -9, 6],
			"to": [26, -3, 7],
			"rotation": {"angle": 0, "axis": "y", "origin": [0, 0, -24]},
			"faces": {
				"north": {"uv": [0, 0.75, 0.0625, 0.8125], "texture": "#0"},
				"east": {"uv": [0, 0.75, 0.0625, 0.8125], "texture": "#0"},
				"south": {"uv": [10.25, 2.125, 12.375, 2.5], "texture": "#0"},
				"west": {"uv": [0, 0.75, 0.0625, 0.8125], "texture": "#0"},
				"up": {"uv": [0, 0.75, 0.0625, 0.8125], "texture": "#0"},
				"down": {"uv": [0, 0.75, 0.0625, 0.8125], "texture": "#0"}
			}
		},
		{
			"name": "hook",
			"from": [6, -8, 7],
			"to": [10, -6, 8],
			"rotation": {"angle": 0, "axis": "y", "origin": [0, 0, -24]},
			"faces": {
				"east": {"uv": [11.4375, 2.3125, 11.5, 2.4375], "texture": "#0"},
				"south": {"uv": [11.21875, 2.29375, 11.40625, 2.45625], "texture": "#0"},
				"west": {"uv": [11.125, 2.3125, 11.1875, 2.4375], "texture": "#0"},
				"up": {"uv": [11.1875, 2.25, 11.4375, 2.3125], "texture": "#0"},
				"down": {"uv": [11.1875, 2.4375, 11.4375, 2.5], "texture": "#0"}
			}
		},
		{
			"from": [-6, 11.9, 5],
			"to": [-1, 12.15, 7.5],
			"rotation": {"angle": 0, "axis": "y", "origin": [-3, -16.8, 4]},
			"faces": {
				"east": {"uv": [0, 1.0625, 0.0625, 1.125], "texture": "#0"},
				"south": {"uv": [0, 1.0625, 0.0625, 1.125], "texture": "#0"},
				"west": {"uv": [0, 1.0625, 0.0625, 1.125], "texture": "#0"},
				"up": {"uv": [0.0625, 1.0625, 0.3125, 1.125], "rotation": 270, "texture": "#0"},
				"down": {"uv": [0, 1.0625, 0.0625, 1.125], "rotation": 90, "texture": "#0"}
			}
		},
		{
			"from": [-6, 11.9, 5],
			"to": [-5.75, 12.4, 7.5],
			"rotation": {"angle": 22.5, "axis": "z", "origin": [-6, 11.9, 4]},
			"faces": {
				"east": {"uv": [0, 1.0625, 0.0625, 1.125], "texture": "#0"},
				"south": {"uv": [0, 1.0625, 0.0625, 1.125], "texture": "#0"},
				"west": {"uv": [0, 1.0625, 0.0625, 1.125], "texture": "#0"},
				"up": {"uv": [0, 1.0625, 0.0625, 1.125], "rotation": 270, "texture": "#0"},
				"down": {"uv": [0, 1.0625, 0.0625, 1.125], "rotation": 90, "texture": "#0"}
			}
		},
		{
			"from": [-1.25, 11.9, 5],
			"to": [-1, 12.4, 7.5],
			"rotation": {"angle": -22.5, "axis": "z", "origin": [-1, 11.9, 4]},
			"faces": {
				"east": {"uv": [0, 1.0625, 0.0625, 1.125], "texture": "#0"},
				"south": {"uv": [0, 1.0625, 0.0625, 1.125], "texture": "#0"},
				"west": {"uv": [0, 1.0625, 0.0625, 1.125], "texture": "#0"},
				"up": {"uv": [0, 1.0625, 0.0625, 1.125], "rotation": 270, "texture": "#0"},
				"down": {"uv": [0, 1.0625, 0.0625, 1.125], "rotation": 90, "texture": "#0"}
			}
		},
		{
			"from": [-1, 19, 5],
			"to": [4, 19.25, 7.5],
			"rotation": {"angle": 0, "axis": "y", "origin": [2, -9.7, 4]},
			"faces": {
				"east": {"uv": [0, 1.0625, 0.0625, 1.125], "texture": "#0"},
				"south": {"uv": [0, 1.0625, 0.0625, 1.125], "texture": "#0"},
				"west": {"uv": [0, 1.0625, 0.0625, 1.125], "texture": "#0"},
				"up": {"uv": [0.0625, 1.0625, 0.3125, 1.125], "rotation": 270, "texture": "#0"},
				"down": {"uv": [0, 1.0625, 0.0625, 1.125], "rotation": 90, "texture": "#0"}
			}
		},
		{
			"from": [-1, 19, 5],
			"to": [-0.75, 19.5, 7.5],
			"rotation": {"angle": 22.5, "axis": "z", "origin": [-1, 19, 4]},
			"faces": {
				"east": {"uv": [0, 1.0625, 0.0625, 1.125], "texture": "#0"},
				"south": {"uv": [0, 1.0625, 0.0625, 1.125], "texture": "#0"},
				"west": {"uv": [0, 1.0625, 0.0625, 1.125], "texture": "#0"},
				"up": {"uv": [0, 1.0625, 0.0625, 1.125], "rotation": 270, "texture": "#0"},
				"down": {"uv": [0, 1.0625, 0.0625, 1.125], "rotation": 90, "texture": "#0"}
			}
		},
		{
			"from": [3.75, 19, 5],
			"to": [4, 19.5, 7.5],
			"rotation": {"angle": -22.5, "axis": "z", "origin": [4, 19, 4]},
			"faces": {
				"east": {"uv": [0, 1.0625, 0.0625, 1.125], "texture": "#0"},
				"south": {"uv": [0, 1.0625, 0.0625, 1.125], "texture": "#0"},
				"west": {"uv": [0, 1.0625, 0.0625, 1.125], "texture": "#0"},
				"up": {"uv": [0, 1.0625, 0.0625, 1.125], "rotation": 270, "texture": "#0"},
				"down": {"uv": [0, 1.0625, 0.0625, 1.125], "rotation": 90, "texture": "#0"}
			}
		},
		{
			"from": [-1, 4.8, 5],
			"to": [4, 5.05, 7.5],
			"rotation": {"angle": 0, "axis": "y", "origin": [2, -23.9, 4]},
			"faces": {
				"east": {"uv": [0, 1.0625, 0.0625, 1.125], "texture": "#0"},
				"south": {"uv": [0, 1.0625, 0.0625, 1.125], "texture": "#0"},
				"west": {"uv": [0, 1.0625, 0.0625, 1.125], "texture": "#0"},
				"up": {"uv": [0.0625, 1.0625, 0.3125, 1.125], "rotation": 270, "texture": "#0"},
				"down": {"uv": [0, 1.0625, 0.0625, 1.125], "rotation": 90, "texture": "#0"}
			}
		},
		{
			"from": [-1, 4.8, 5],
			"to": [-0.75, 5.3, 7.5],
			"rotation": {"angle": 22.5, "axis": "z", "origin": [-1, 4.8, 4]},
			"faces": {
				"east": {"uv": [0, 1.0625, 0.0625, 1.125], "texture": "#0"},
				"south": {"uv": [0, 1.0625, 0.0625, 1.125], "texture": "#0"},
				"west": {"uv": [0, 1.0625, 0.0625, 1.125], "texture": "#0"},
				"up": {"uv": [0, 1.0625, 0.0625, 1.125], "rotation": 270, "texture": "#0"},
				"down": {"uv": [0, 1.0625, 0.0625, 1.125], "rotation": 90, "texture": "#0"}
			}
		},
		{
			"from": [3.75, 4.8, 5],
			"to": [4, 5.3, 7.5],
			"rotation": {"angle": -22.5, "axis": "z", "origin": [4, 4.8, 4]},
			"faces": {
				"east": {"uv": [0, 1.0625, 0.0625, 1.125], "texture": "#0"},
				"south": {"uv": [0, 1.0625, 0.0625, 1.125], "texture": "#0"},
				"west": {"uv": [0, 1.0625, 0.0625, 1.125], "texture": "#0"},
				"up": {"uv": [0, 1.0625, 0.0625, 1.125], "rotation": 270, "texture": "#0"},
				"down": {"uv": [0, 1.0625, 0.0625, 1.125], "rotation": 90, "texture": "#0"}
			}
		},
		{
			"from": [-9, 0, 6],
			"to": [-8, 16, 7],
			"rotation": {"angle": 0, "axis": "y", "origin": [-12, 0, 12]},
			"faces": {
				"north": {"uv": [0.1875, 2.375, 0.25, 3.375], "texture": "#0"},
				"east": {"uv": [0.125, 2.375, 0.1875, 3.375], "texture": "#0"},
				"south": {"uv": [0.0625, 2.375, 0.125, 3.375], "texture": "#0"},
				"west": {"uv": [0, 2.375, 0.0625, 3.375], "texture": "#0"}
			}
		},
		{
			"from": [-9.2, 16, 5],
			"to": [-7.8, 17, 7.2],
			"rotation": {"angle": 0, "axis": "y", "origin": [-12, 0, 12]},
			"faces": {
				"east": {"uv": [0.125, 3.4375, 0.25, 3.5], "texture": "#0"},
				"south": {"uv": [0.25, 3.375, 0.3125, 3.4375], "texture": "#0"},
				"west": {"uv": [0, 3.375, 0.125, 3.4375], "texture": "#0"},
				"up": {"uv": [0.125, 3.375, 0.25, 3.4375], "rotation": 270, "texture": "#0"},
				"down": {"uv": [0, 3.4375, 0.125, 3.5], "rotation": 90, "texture": "#0"}
			}
		},
		{
			"from": [-9.2, -1, 5],
			"to": [-7.8, 0, 7.2],
			"rotation": {"angle": 0, "axis": "y", "origin": [-12, 0, 12]},
			"faces": {
				"east": {"uv": [0.125, 3.4375, 0.25, 3.5], "texture": "#0"},
				"south": {"uv": [0.25, 3.375, 0.3125, 3.4375], "texture": "#0"},
				"west": {"uv": [0, 3.375, 0.125, 3.4375], "texture": "#0"},
				"up": {"uv": [0.125, 3.375, 0.25, 3.4375], "rotation": 270, "texture": "#0"},
				"down": {"uv": [0, 3.4375, 0.125, 3.5], "rotation": 90, "texture": "#0"}
			}
		},
		{
			"from": [24, 0, 6],
			"to": [25, 16, 7],
			"rotation": {"angle": 0, "axis": "y", "origin": [28, 0, 12]},
			"faces": {
				"north": {"uv": [0.25, 2.375, 0.1875, 3.375], "texture": "#0"},
				"east": {"uv": [0.0625, 2.375, 0, 3.375], "texture": "#0"},
				"south": {"uv": [0.125, 2.375, 0.0625, 3.375], "texture": "#0"},
				"west": {"uv": [0.1875, 2.375, 0.125, 3.375], "texture": "#0"}
			}
		},
		{
			"from": [23.8, 16, 5],
			"to": [25.2, 17, 7.2],
			"rotation": {"angle": 0, "axis": "y", "origin": [28, 0, 12]},
			"faces": {
				"east": {"uv": [0.125, 3.375, 0, 3.4375], "texture": "#0"},
				"south": {"uv": [0.3125, 3.375, 0.25, 3.4375], "texture": "#0"},
				"west": {"uv": [0.25, 3.4375, 0.125, 3.5], "texture": "#0"},
				"up": {"uv": [0.125, 3.4375, 0.25, 3.375], "rotation": 270, "texture": "#0"},
				"down": {"uv": [0, 3.5, 0.125, 3.4375], "rotation": 90, "texture": "#0"}
			}
		},
		{
			"from": [23.8, -1, 5],
			"to": [25.2, 0, 7.2],
			"rotation": {"angle": 0, "axis": "y", "origin": [28, 0, 12]},
			"faces": {
				"east": {"uv": [0.125, 3.375, 0, 3.4375], "texture": "#0"},
				"south": {"uv": [0.3125, 3.375, 0.25, 3.4375], "texture": "#0"},
				"west": {"uv": [0.25, 3.4375, 0.125, 3.5], "texture": "#0"},
				"up": {"uv": [0.125, 3.4375, 0.25, 3.375], "rotation": 270, "texture": "#0"},
				"down": {"uv": [0, 3.5, 0.125, 3.4375], "rotation": 90, "texture": "#0"}
			}
		},
		{
			"from": [-6, 23, 6],
			"to": [5, 24, 7],
			"rotation": {"angle": 0, "axis": "z", "origin": [-9, 17, 5]},
			"faces": {
				"north": {"uv": [0.1875, 2.375, 0.25, 3.375], "rotation": 90, "texture": "#0"},
				"south": {"uv": [0.0625, 2.375, 0.125, 3.375], "rotation": 270, "texture": "#0"},
				"up": {"uv": [0.125, 2.375, 0.1875, 3.375], "rotation": 270, "texture": "#0"},
				"down": {"uv": [0, 2.375, 0.0625, 3.375], "rotation": 270, "texture": "#0"}
			}
		},
		{
			"from": [-7, 22.8, 5],
			"to": [-6, 24.2, 7.2],
			"rotation": {"angle": 0, "axis": "z", "origin": [-9, 17, 5]},
			"faces": {
				"east": {"uv": [0, 3.4375, 0.125, 3.5], "texture": "#0"},
				"south": {"uv": [0.25, 3.375, 0.3125, 3.4375], "rotation": 270, "texture": "#0"},
				"west": {"uv": [0.125, 3.375, 0.25, 3.4375], "rotation": 180, "texture": "#0"},
				"up": {"uv": [0.125, 3.4375, 0.25, 3.5], "rotation": 270, "texture": "#0"},
				"down": {"uv": [0, 3.375, 0.125, 3.4375], "rotation": 270, "texture": "#0"}
			}
		},
		{
			"from": [5, 22.8, 5],
			"to": [6, 24.2, 7.2],
			"rotation": {"angle": 0, "axis": "z", "origin": [-9, 17, 5]},
			"faces": {
				"east": {"uv": [0, 3.4375, 0.125, 3.5], "texture": "#0"},
				"south": {"uv": [0.25, 3.375, 0.3125, 3.4375], "rotation": 270, "texture": "#0"},
				"west": {"uv": [0.125, 3.375, 0.25, 3.4375], "rotation": 180, "texture": "#0"},
				"up": {"uv": [0.125, 3.4375, 0.25, 3.5], "rotation": 270, "texture": "#0"},
				"down": {"uv": [0, 3.375, 0.125, 3.4375], "rotation": 270, "texture": "#0"}
			}
		},
		{
			"name": "piston",
			"from": [-4.5, -7.5, 7],
			"to": [-2.5, -4.5, 12],
			"rotation": {"angle": 0, "axis": "y", "origin": [0, 0, 16]},
			"faces": {
				"east": {"uv": [5.5625, 0.3125, 5.75, 0], "rotation": 270, "texture": "#0"},
				"west": {"uv": [5.875, 0.3125, 6.0625, 0], "rotation": 90, "texture": "#0"},
				"up": {"uv": [5.75, 0.3125, 5.875, 0], "rotation": 180, "texture": "#0"},
				"down": {"uv": [6.0625, 0.3125, 6.1875, 0], "texture": "#0"}
			}
		},
		{
			"name": "face",
			"from": [-5, -8.5, 12],
			"to": [-2, -3.5, 13],
			"rotation": {"angle": 0, "axis": "y", "origin": [0, 0, 16]},
			"faces": {
				"north": {"uv": [0.6875, 0.375, 0.5, 0.6875], "texture": "#0"},
				"east": {"uv": [0.0625, 0.375, 0, 0.6875], "texture": "#0"},
				"south": {"uv": [0.3125, 0.375, 0.125, 0.6875], "texture": "#0"},
				"west": {"uv": [0.4375, 0.375, 0.375, 0.6875], "texture": "#0"},
				"up": {"uv": [0.125, 0.375, 0.3125, 0.3125], "rotation": 180, "texture": "#0"},
				"down": {"uv": [0.125, 0.75, 0.3125, 0.6875], "rotation": 180, "texture": "#0"}
			}
		},
		{
			"name": "left",
			"from": [-2, -7.5, 12],
			"to": [-1, -4.5, 13],
			"rotation": {"angle": 0, "axis": "y", "origin": [0, 0, 16]},
			"faces": {
				"north": {"uv": [0.75, 0.4375, 0.6875, 0.625], "texture": "#0"},
				"east": {"uv": [0.0625, 0.4375, 0, 0.625], "texture": "#0"},
				"south": {"uv": [0.125, 0.4375, 0.0625, 0.625], "texture": "#0"},
				"up": {"uv": [0.375, 0.3125, 0.3125, 0.375], "rotation": 90, "texture": "#0"},
				"down": {"uv": [0.3125, 0.75, 0.375, 0.6875], "texture": "#0"}
			}
		},
		{
			"name": "right",
			"from": [-6, -7.5, 12],
			"to": [-5, -4.5, 13],
			"rotation": {"angle": 0, "axis": "y", "origin": [0, 0, 16]},
			"faces": {
				"north": {"uv": [0.5, 0.4375, 0.4375, 0.625], "texture": "#0"},
				"south": {"uv": [0.375, 0.4375, 0.3125, 0.625], "texture": "#0"},
				"west": {"uv": [0.4375, 0.4375, 0.375, 0.625], "texture": "#0"},
				"up": {"uv": [0.125, 0.3125, 0.0625, 0.375], "rotation": 90, "texture": "#0"},
				"down": {"uv": [0.0625, 0.75, 0.125, 0.6875], "texture": "#0"}
			}
		},
		{
			"name": "piston",
			"from": [18.5, -7.5, 7],
			"to": [20.5, -4.5, 12],
			"rotation": {"angle": 0, "axis": "y", "origin": [16, 0, 16]},
			"faces": {
				"east": {"uv": [5.875, 0, 6.0625, 0.3125], "rotation": 90, "texture": "#0"},
				"west": {"uv": [5.5625, 0, 5.75, 0.3125], "rotation": 270, "texture": "#0"},
				"up": {"uv": [5.875, 0.3125, 5.75, 0], "rotation": 180, "texture": "#0"},
				"down": {"uv": [6.1875, 0.3125, 6.0625, 0], "texture": "#0"}
			}
		},
		{
			"name": "face",
			"from": [18, -8.5, 12],
			"to": [21, -3.5, 13],
			"rotation": {"angle": 0, "axis": "y", "origin": [16, 0, 16]},
			"faces": {
				"north": {"uv": [0.5, 0.375, 0.6875, 0.6875], "texture": "#0"},
				"east": {"uv": [0.375, 0.375, 0.4375, 0.6875], "texture": "#0"},
				"south": {"uv": [0.125, 0.375, 0.3125, 0.6875], "texture": "#0"},
				"west": {"uv": [0, 0.375, 0.0625, 0.6875], "texture": "#0"},
				"up": {"uv": [0.3125, 0.375, 0.125, 0.3125], "rotation": 180, "texture": "#0"},
				"down": {"uv": [0.3125, 0.75, 0.125, 0.6875], "rotation": 180, "texture": "#0"}
			}
		},
		{
			"name": "left",
			"from": [17, -7.5, 12],
			"to": [18, -4.5, 13],
			"rotation": {"angle": 0, "axis": "y", "origin": [16, 0, 16]},
			"faces": {
				"north": {"uv": [0.6875, 0.4375, 0.75, 0.625], "texture": "#0"},
				"south": {"uv": [0.0625, 0.4375, 0.125, 0.625], "texture": "#0"},
				"west": {"uv": [0, 0.4375, 0.0625, 0.625], "texture": "#0"},
				"up": {"uv": [0.375, 0.375, 0.3125, 0.3125], "rotation": 90, "texture": "#0"},
				"down": {"uv": [0.375, 0.75, 0.3125, 0.6875], "texture": "#0"}
			}
		},
		{
			"name": "right",
			"from": [21, -7.5, 12],
			"to": [22, -4.5, 13],
			"rotation": {"angle": 0, "axis": "y", "origin": [16, 0, 16]},
			"faces": {
				"north": {"uv": [0.4375, 0.4375, 0.5, 0.625], "texture": "#0"},
				"east": {"uv": [0.375, 0.4375, 0.4375, 0.625], "texture": "#0"},
				"south": {"uv": [0.3125, 0.4375, 0.375, 0.625], "texture": "#0"},
				"up": {"uv": [0.125, 0.375, 0.0625, 0.3125], "rotation": 90, "texture": "#0"},
				"down": {"uv": [0.125, 0.75, 0.0625, 0.6875], "texture": "#0"}
			}
		},
		{
			"from": [4, -11, 4],
			"to": [5, -10, 8],
			"rotation": {"angle": -45, "axis": "y", "origin": [5, -10, 8]},
			"faces": {
				"north": {"uv": [0, 0.75, 0.0625, 0.8125], "texture": "#0"},
				"east": {"uv": [0, 0.75, 0.0625, 0.8125], "texture": "#0"},
				"west": {"uv": [0, 0.75, 0.0625, 0.8125], "texture": "#0"},
				"up": {"uv": [0, 0.75, 0.0625, 0.8125], "texture": "#0"},
				"down": {"uv": [0, 0.75, 0.0625, 0.8125], "texture": "#0"}
			}
		},
		{
			"from": [4, -13, 7],
			"to": [5, 5, 8],
			"rotation": {"angle": 0, "axis": "y", "origin": [-2, 0, 0]},
			"faces": {
				"north": {"uv": [8.1875, 0, 8.25, 1.125], "texture": "#0"},
				"east": {"uv": [8.375, 0, 8.4375, 1.125], "texture": "#0"},
				"south": {"uv": [8.3125, 0, 8.375, 1.125], "texture": "#0"},
				"west": {"uv": [8.25, 0, 8.3125, 1.125], "texture": "#0"},
				"up": {"uv": [8.4375, 0, 8.5, 0.0625], "texture": "#0"},
				"down": {"uv": [8.4375, 1.0625, 8.5, 1.125], "texture": "#0"}
			}
		},
		{
			"from": [4, -3, 8],
			"to": [5, -2, 10],
			"rotation": {"angle": 0, "axis": "y", "origin": [-2, 0, 0]},
			"faces": {
				"east": {"uv": [8.4375, 0.3125, 8.5625, 0.375], "rotation": 180, "texture": "#0"},
				"west": {"uv": [8.4375, 0.4375, 8.5625, 0.5], "texture": "#0"},
				"up": {"uv": [8.4375, 0.375, 8.5625, 0.4375], "rotation": 90, "texture": "#0"},
				"down": {"uv": [8.4375, 0.5, 8.5625, 0.5625], "rotation": 270, "texture": "#0"}
			}
		},
		{
			"from": [4, 4, 8],
			"to": [5, 5, 9],
			"rotation": {"angle": 0, "axis": "x", "origin": [-2, 5, 8]},
			"faces": {
				"east": {"uv": [8.4375, 0.0625, 8.5, 0.125], "texture": "#0"},
				"west": {"uv": [8.4375, 0.1875, 8.5, 0.25], "texture": "#0"},
				"up": {"uv": [8.4375, 0.125, 8.5, 0.1875], "texture": "#0"},
				"down": {"uv": [8.4375, 0.25, 8.5, 0.3125], "texture": "#0"}
			}
		},
		{
			"from": [3.9, 3.9, 9],
			"to": [5.1, 5.1, 14],
			"rotation": {"angle": 45, "axis": "x", "origin": [-2, 5, 9]},
			"faces": {
				"north": {"uv": [8.6875, 0, 8.75, 0.0625], "texture": "#0"},
				"east": {"uv": [8.6875, 0, 8.75, 0.3125], "rotation": 90, "texture": "#0"},
				"south": {"uv": [8.6875, 0.25, 8.75, 0.3125], "texture": "#0"},
				"west": {"uv": [8.5625, 0, 8.625, 0.3125], "rotation": 90, "texture": "#0"},
				"up": {"uv": [8.625, 0, 8.6875, 0.3125], "texture": "#0"},
				"down": {"uv": [8.75, 0, 8.8125, 0.3125], "texture": "#0"}
			}
		},
		{
			"from": [3.9, -1, 11.4],
			"to": [5.1, 1.5, 12.6],
			"rotation": {"angle": 0, "axis": "x", "origin": [-2, 4, 9]},
			"faces": {
				"north": {"uv": [8.75, 0.3125, 8.8125, 0.5], "texture": "#0"},
				"east": {"uv": [8.6875, 0.3125, 8.75, 0.5], "texture": "#0"},
				"south": {"uv": [8.625, 0.3125, 8.6875, 0.5], "texture": "#0"},
				"west": {"uv": [8.5625, 0.3125, 8.625, 0.5], "texture": "#0"}
			}
		},
		{
			"from": [3.9, -3.8, 11.4],
			"to": [5.1, -0.9, 12.6],
			"rotation": {"angle": 45, "axis": "x", "origin": [-2, -1, 12.5]},
			"faces": {
				"north": {"uv": [8.75, 0.5, 8.8125, 0.6875], "texture": "#0"},
				"east": {"uv": [8.6875, 0.5, 8.75, 0.6875], "texture": "#0"},
				"south": {"uv": [8.625, 0.5, 8.6875, 0.6875], "texture": "#0"},
				"west": {"uv": [8.5625, 0.5, 8.625, 0.6875], "texture": "#0"},
				"up": {"uv": [8.6875, 0.5, 8.75, 0.5625], "texture": "#0"},
				"down": {"uv": [8.6875, 0.625, 8.75, 0.6875], "texture": "#0"}
			}
		},
		{
			"from": [3.9, -3.05858, 9.72843],
			"to": [5.1, -1.85858, 10.62843],
			"rotation": {"angle": 0, "axis": "x", "origin": [-2, -3.1, 10.6]},
			"faces": {
				"north": {"uv": [8.5625, 0.75, 8.625, 0.8125], "rotation": 180, "texture": "#0"},
				"east": {"uv": [8.6875, 0.6875, 8.75, 0.75], "rotation": 270, "texture": "#0"},
				"south": {"uv": [8.75, 0.625, 8.8125, 0.6875], "texture": "#0"},
				"west": {"uv": [8.5625, 0.6875, 8.625, 0.75], "rotation": 90, "texture": "#0"},
				"up": {"uv": [8.75, 0.6875, 8.8125, 0.75], "rotation": 180, "texture": "#0"},
				"down": {"uv": [8.625, 0.6875, 8.6875, 0.75], "texture": "#0"}
			}
		},
		{
			"from": [7.7, -8, 8],
			"to": [8.3, -6, 8.5],
			"faces": {
				"east": {"uv": [10.1875, 2.125, 10.25, 2.1875], "texture": "#0"},
				"south": {"uv": [10.1875, 2.125, 10.25, 2.1875], "texture": "#0"},
				"west": {"uv": [10.1875, 2.125, 10.25, 2.1875], "texture": "#0"},
				"up": {"uv": [10.1875, 2.125, 10.25, 2.1875], "texture": "#0"},
				"down": {"uv": [10.1875, 2.125, 10.25, 2.1875], "texture": "#0"}
			}
		},
		{
			"from": [7.7, -6.3, 8.5],
			"to": [8.3, -6, 8.8],
			"faces": {
				"east": {"uv": [10.1875, 2.125, 10.25, 2.1875], "texture": "#0"},
				"south": {"uv": [10.1875, 2.125, 10.25, 2.1875], "texture": "#0"},
				"west": {"uv": [10.1875, 2.125, 10.25, 2.1875], "texture": "#0"},
				"up": {"uv": [10.1875, 2.125, 10.25, 2.1875], "texture": "#0"},
				"down": {"uv": [10.1875, 2.125, 10.25, 2.1875], "texture": "#0"}
			}
		},
		{
			"from": [7.7, -8.1, 8.5],
			"to": [8.3, -7, 9.5],
			"faces": {
				"north": {"uv": [10.1875, 2.125, 10.25, 2.1875], "texture": "#0"},
				"east": {"uv": [10.1875, 2.125, 10.25, 2.1875], "texture": "#0"},
				"west": {"uv": [10.1875, 2.125, 10.25, 2.1875], "texture": "#0"},
				"up": {"uv": [10.1875, 2.125, 10.25, 2.1875], "texture": "#0"},
				"down": {"uv": [10.1875, 2.125, 10.25, 2.1875], "texture": "#0"}
			}
		},
		{
			"from": [7.7, -8.2, 9.5],
			"to": [8.3, -6, 10],
			"faces": {
				"north": {"uv": [10.1875, 2.125, 10.25, 2.1875], "texture": "#0"},
				"east": {"uv": [10.1875, 2.125, 10.25, 2.1875], "texture": "#0"},
				"south": {"uv": [10.1875, 2.125, 10.25, 2.1875], "texture": "#0"},
				"west": {"uv": [10.1875, 2.125, 10.25, 2.1875], "texture": "#0"},
				"up": {"uv": [10.1875, 2.125, 10.25, 2.1875], "texture": "#0"},
				"down": {"uv": [10.1875, 2.125, 10.25, 2.1875], "texture": "#0"}
			}
		},
		{
			"from": [7.7, -6.3, 9.2],
			"to": [8.3, -6, 9.5],
			"faces": {
				"north": {"uv": [10.1875, 2.125, 10.25, 2.1875], "texture": "#0"},
				"east": {"uv": [10.1875, 2.125, 10.25, 2.1875], "texture": "#0"},
				"west": {"uv": [10.1875, 2.125, 10.25, 2.1875], "texture": "#0"},
				"up": {"uv": [10.1875, 2.125, 10.25, 2.1875], "texture": "#0"},
				"down": {"uv": [10.1875, 2.125, 10.25, 2.1875], "texture": "#0"}
			}
		},
		{
			"from": [7.8, -6.3, 10],
			"to": [8.2, -6, 10.3],
			"faces": {
				"east": {"uv": [10.1875, 2.125, 10.25, 2.1875], "texture": "#0"},
				"south": {"uv": [10.1875, 2.125, 10.25, 2.1875], "texture": "#0"},
				"west": {"uv": [10.1875, 2.125, 10.25, 2.1875], "texture": "#0"},
				"up": {"uv": [10.1875, 2.125, 10.25, 2.1875], "texture": "#0"},
				"down": {"uv": [10.1875, 2.125, 10.25, 2.1875], "texture": "#0"}
			}
		},
		{
			"from": [7.7, -8.2, 10],
			"to": [8.3, -7, 11],
			"faces": {
				"east": {"uv": [10.1875, 2.125, 10.25, 2.1875], "texture": "#0"},
				"south": {"uv": [10.1875, 2.125, 10.25, 2.1875], "texture": "#0"},
				"west": {"uv": [10.1875, 2.125, 10.25, 2.1875], "texture": "#0"},
				"up": {"uv": [10.1875, 2.125, 10.25, 2.1875], "texture": "#0"},
				"down": {"uv": [10.1875, 2.125, 10.25, 2.1875], "texture": "#0"}
			}
		},
		{
			"from": [7.7, -8, 11],
			"to": [8.3, -5, 11.5],
			"faces": {
				"north": {"uv": [10.1875, 2.125, 10.25, 2.1875], "texture": "#0"},
				"east": {"uv": [10.1875, 2.125, 10.25, 2.1875], "texture": "#0"},
				"south": {"uv": [10.1875, 2.125, 10.25, 2.1875], "texture": "#0"},
				"west": {"uv": [10.1875, 2.125, 10.25, 2.1875], "texture": "#0"},
				"up": {"uv": [10.1875, 2.125, 10.25, 2.1875], "texture": "#0"},
				"down": {"uv": [10.1875, 2.125, 10.25, 2.1875], "texture": "#0"}
			}
		},
		{
			"from": [7.7, -5.3, 10.5],
			"to": [8.3, -4.8, 11],
			"faces": {
				"north": {"uv": [10.1875, 2.125, 10.25, 2.1875], "texture": "#0"},
				"east": {"uv": [10.1875, 2.125, 10.25, 2.1875], "texture": "#0"},
				"south": {"uv": [10.1875, 2.125, 10.25, 2.1875], "texture": "#0"},
				"west": {"uv": [10.1875, 2.125, 10.25, 2.1875], "texture": "#0"},
				"up": {"uv": [10.1875, 2.125, 10.25, 2.1875], "texture": "#0"},
				"down": {"uv": [10.1875, 2.125, 10.25, 2.1875], "texture": "#0"}
			}
		},
		{
			"from": [7.7, -7.5, 11.5],
			"to": [8.3, -5.5, 12],
			"faces": {
				"east": {"uv": [10.1875, 2.125, 10.25, 2.1875], "texture": "#0"},
				"south": {"uv": [10.1875, 2.125, 10.25, 2.1875], "texture": "#0"},
				"west": {"uv": [10.1875, 2.125, 10.25, 2.1875], "texture": "#0"},
				"up": {"uv": [10.1875, 2.125, 10.25, 2.1875], "texture": "#0"},
				"down": {"uv": [10.1875, 2.125, 10.25, 2.1875], "texture": "#0"}
			}
		},
		{
			"from": [7.5, -7, 8.9],
			"to": [8.5, -6.5, 9.4],
			"rotation": {"angle": 0, "axis": "x", "origin": [0, -6.7, 9.2]},
			"faces": {
				"north": {"uv": [10.1875, 2.125, 10.25, 2.1875], "rotation": 180, "texture": "#0"},
				"south": {"uv": [10.1875, 2.125, 10.25, 2.1875], "texture": "#0"},
				"up": {"uv": [10.1875, 2.125, 10.25, 2.1875], "rotation": 180, "texture": "#0"},
				"down": {"uv": [10.1875, 2.125, 10.25, 2.1875], "texture": "#0"}
			}
		},
		{
			"from": [4.44472, -12.36188, 8.9],
			"to": [5.44472, -11.86188, 9.4],
			"rotation": {"angle": 45, "axis": "z", "origin": [0, -6.7, 9.2]},
			"faces": {
				"north": {"uv": [10.1875, 2.125, 10.25, 2.1875], "rotation": 180, "texture": "#0"},
				"south": {"uv": [10.1875, 2.125, 10.25, 2.1875], "texture": "#0"},
				"up": {"uv": [10.1875, 2.125, 10.25, 2.1875], "rotation": 180, "texture": "#0"},
				"down": {"uv": [10.1875, 2.125, 10.25, 2.1875], "texture": "#0"}
			}
		},
		{
			"from": [5.86899, -1.04817, 8.9],
			"to": [6.86899, -0.54817, 9.4],
			"rotation": {"angle": -45, "axis": "z", "origin": [0, -6.7, 9.2]},
			"faces": {
				"north": {"uv": [10.25, 2.125, 10.1875, 2.1875], "rotation": 180, "texture": "#0"},
				"south": {"uv": [10.25, 2.125, 10.1875, 2.1875], "texture": "#0"},
				"up": {"uv": [10.25, 2.125, 10.1875, 2.1875], "rotation": 180, "texture": "#0"},
				"down": {"uv": [10.25, 2.125, 10.1875, 2.1875], "texture": "#0"}
			}
		},
		{
			"from": [6.8, -10.3, 8.9],
			"to": [7.3, -7.2, 9.4],
			"rotation": {"angle": 0, "axis": "x", "origin": [0, -6.7, 9.2]},
			"faces": {
				"north": {"uv": [10.1875, 2.125, 10.25, 2.1875], "rotation": 180, "texture": "#0"},
				"east": {"uv": [10.1875, 2.125, 10.25, 2.1875], "rotation": 270, "texture": "#0"},
				"south": {"uv": [10.1875, 2.125, 10.25, 2.1875], "texture": "#0"},
				"west": {"uv": [10.1875, 2.125, 10.25, 2.1875], "rotation": 90, "texture": "#0"}
			}
		},
		{
			"from": [8.7, -10.3, 8.9],
			"to": [9.2, -7.2, 9.4],
			"rotation": {"angle": 0, "axis": "x", "origin": [0, -6.7, 9.2]},
			"faces": {
				"north": {"uv": [10.25, 2.125, 10.1875, 2.1875], "rotation": 180, "texture": "#0"},
				"east": {"uv": [10.1875, 2.125, 10.25, 2.1875], "rotation": 270, "texture": "#0"},
				"south": {"uv": [10.25, 2.125, 10.1875, 2.1875], "texture": "#0"},
				"west": {"uv": [10.1875, 2.125, 10.25, 2.1875], "rotation": 90, "texture": "#0"}
			}
		},
		{
			"from": [6.8, -11, 8.8],
			"to": [7.3, -10.3, 9.5],
			"rotation": {"angle": 0, "axis": "x", "origin": [0, -6.7, 9.2]},
			"faces": {
				"north": {"uv": [10.1875, 2.125, 10.25, 2.1875], "rotation": 180, "texture": "#0"},
				"east": {"uv": [10.1875, 2.125, 10.25, 2.1875], "rotation": 270, "texture": "#0"},
				"south": {"uv": [10.1875, 2.125, 10.25, 2.1875], "texture": "#0"},
				"west": {"uv": [10.1875, 2.125, 10.25, 2.1875], "rotation": 90, "texture": "#0"},
				"up": {"uv": [10.1875, 2.125, 10.25, 2.1875], "rotation": 180, "texture": "#0"},
				"down": {"uv": [10.1875, 2.125, 10.25, 2.1875], "texture": "#0"}
			}
		},
		{
			"from": [6.7, -10.8, 9],
			"to": [9.3, -10.5, 9.3],
			"rotation": {"angle": 0, "axis": "x", "origin": [0, -6.7, 9.2]},
			"faces": {
				"north": {"uv": [10.1875, 2.125, 10.25, 2.1875], "rotation": 180, "texture": "#0"},
				"east": {"uv": [10.1875, 2.125, 10.25, 2.1875], "rotation": 270, "texture": "#0"},
				"south": {"uv": [10.1875, 2.125, 10.25, 2.1875], "texture": "#0"},
				"west": {"uv": [10.1875, 2.125, 10.25, 2.1875], "rotation": 90, "texture": "#0"},
				"up": {"uv": [10.1875, 2.125, 10.25, 2.1875], "rotation": 180, "texture": "#0"},
				"down": {"uv": [10.1875, 2.125, 10.25, 2.1875], "texture": "#0"}
			}
		},
		{
			"from": [8.7, -11, 8.8],
			"to": [9.2, -10.3, 9.5],
			"rotation": {"angle": 0, "axis": "x", "origin": [0, -6.7, 9.2]},
			"faces": {
				"north": {"uv": [10.1875, 2.125, 10.25, 2.1875], "rotation": 180, "texture": "#0"},
				"east": {"uv": [10.1875, 2.125, 10.25, 2.1875], "rotation": 270, "texture": "#0"},
				"south": {"uv": [10.1875, 2.125, 10.25, 2.1875], "texture": "#0"},
				"west": {"uv": [10.1875, 2.125, 10.25, 2.1875], "rotation": 90, "texture": "#0"},
				"up": {"uv": [10.1875, 2.125, 10.25, 2.1875], "rotation": 180, "texture": "#0"},
				"down": {"uv": [10.1875, 2.125, 10.25, 2.1875], "texture": "#0"}
			}
		},
		{
			"from": [7.5, -7, 10.5],
			"to": [8.5, -6.5, 11],
			"rotation": {"angle": 0, "axis": "x", "origin": [7, -6.7, 10.8]},
			"faces": {
				"north": {"uv": [10.1875, 2.125, 10.25, 2.1875], "rotation": 180, "texture": "#0"},
				"south": {"uv": [10.1875, 2.125, 10.25, 2.1875], "texture": "#0"},
				"up": {"uv": [10.1875, 2.125, 10.25, 2.1875], "rotation": 180, "texture": "#0"},
				"down": {"uv": [10.1875, 2.125, 10.25, 2.1875], "texture": "#0"}
			}
		},
		{
			"from": [6.49497, -7.41213, 10.5],
			"to": [7.49497, -6.91213, 11],
			"rotation": {"angle": 45, "axis": "z", "origin": [7, -6.7, 10.8]},
			"faces": {
				"north": {"uv": [10.1875, 2.125, 10.25, 2.1875], "rotation": 180, "texture": "#0"},
				"south": {"uv": [10.1875, 2.125, 10.25, 2.1875], "texture": "#0"},
				"up": {"uv": [10.1875, 2.125, 10.25, 2.1875], "rotation": 180, "texture": "#0"},
				"down": {"uv": [10.1875, 2.125, 10.25, 2.1875], "texture": "#0"}
			}
		},
		{
			"from": [7.91924, -5.99792, 10.5],
			"to": [8.91924, -5.49792, 11],
			"rotation": {"angle": -45, "axis": "z", "origin": [7, -6.7, 10.8]},
			"faces": {
				"north": {"uv": [10.25, 2.125, 10.1875, 2.1875], "rotation": 180, "texture": "#0"},
				"south": {"uv": [10.25, 2.125, 10.1875, 2.1875], "texture": "#0"},
				"up": {"uv": [10.25, 2.125, 10.1875, 2.1875], "rotation": 180, "texture": "#0"},
				"down": {"uv": [10.25, 2.125, 10.1875, 2.1875], "texture": "#0"}
			}
		},
		{
			"from": [6.8, -10.3, 10.5],
			"to": [7.3, -7.2, 11],
			"rotation": {"angle": 0, "axis": "x", "origin": [7, -6.7, 10.8]},
			"faces": {
				"north": {"uv": [10.1875, 2.125, 10.25, 2.1875], "rotation": 180, "texture": "#0"},
				"east": {"uv": [10.1875, 2.125, 10.25, 2.1875], "rotation": 270, "texture": "#0"},
				"south": {"uv": [10.1875, 2.125, 10.25, 2.1875], "texture": "#0"},
				"west": {"uv": [10.1875, 2.125, 10.25, 2.1875], "rotation": 90, "texture": "#0"}
			}
		},
		{
			"from": [8.7, -10.3, 10.5],
			"to": [9.2, -7.2, 11],
			"rotation": {"angle": 0, "axis": "x", "origin": [7, -6.7, 10.8]},
			"faces": {
				"north": {"uv": [10.25, 2.125, 10.1875, 2.1875], "rotation": 180, "texture": "#0"},
				"east": {"uv": [10.1875, 2.125, 10.25, 2.1875], "rotation": 270, "texture": "#0"},
				"south": {"uv": [10.25, 2.125, 10.1875, 2.1875], "texture": "#0"},
				"west": {"uv": [10.1875, 2.125, 10.25, 2.1875], "rotation": 90, "texture": "#0"}
			}
		},
		{
			"from": [6.8, -11, 10.4],
			"to": [7.3, -10.3, 11.1],
			"rotation": {"angle": 0, "axis": "x", "origin": [7, -6.7, 10.8]},
			"faces": {
				"north": {"uv": [10.1875, 2.125, 10.25, 2.1875], "rotation": 180, "texture": "#0"},
				"east": {"uv": [10.1875, 2.125, 10.25, 2.1875], "rotation": 270, "texture": "#0"},
				"south": {"uv": [10.1875, 2.125, 10.25, 2.1875], "texture": "#0"},
				"west": {"uv": [10.1875, 2.125, 10.25, 2.1875], "rotation": 90, "texture": "#0"},
				"up": {"uv": [10.1875, 2.125, 10.25, 2.1875], "rotation": 180, "texture": "#0"},
				"down": {"uv": [10.1875, 2.125, 10.25, 2.1875], "texture": "#0"}
			}
		},
		{
			"from": [6.7, -10.8, 10.6],
			"to": [9.3, -10.5, 10.9],
			"rotation": {"angle": 0, "axis": "x", "origin": [7, -6.7, 10.8]},
			"faces": {
				"north": {"uv": [10.1875, 2.125, 10.25, 2.1875], "rotation": 180, "texture": "#0"},
				"east": {"uv": [10.1875, 2.125, 10.25, 2.1875], "rotation": 270, "texture": "#0"},
				"south": {"uv": [10.1875, 2.125, 10.25, 2.1875], "texture": "#0"},
				"west": {"uv": [10.1875, 2.125, 10.25, 2.1875], "rotation": 90, "texture": "#0"},
				"up": {"uv": [10.1875, 2.125, 10.25, 2.1875], "rotation": 180, "texture": "#0"},
				"down": {"uv": [10.1875, 2.125, 10.25, 2.1875], "texture": "#0"}
			}
		},
		{
			"from": [8.7, -11, 10.4],
			"to": [9.2, -10.3, 11.1],
			"rotation": {"angle": 0, "axis": "x", "origin": [7, -6.7, 10.8]},
			"faces": {
				"north": {"uv": [10.1875, 2.125, 10.25, 2.1875], "rotation": 180, "texture": "#0"},
				"east": {"uv": [10.1875, 2.125, 10.25, 2.1875], "rotation": 270, "texture": "#0"},
				"south": {"uv": [10.1875, 2.125, 10.25, 2.1875], "texture": "#0"},
				"west": {"uv": [10.1875, 2.125, 10.25, 2.1875], "rotation": 90, "texture": "#0"},
				"up": {"uv": [10.1875, 2.125, 10.25, 2.1875], "rotation": 180, "texture": "#0"},
				"down": {"uv": [10.1875, 2.125, 10.25, 2.1875], "texture": "#0"}
			}
		},
		{
			"name": "base",
			"from": [7.4, -11.2, 8.6],
			"to": [8.6, -10.1, 9.7],
			"rotation": {"angle": 0, "axis": "y", "origin": [0, -6.7, 9.2]},
			"faces": {
				"north": {"uv": [10.1875, 2.125, 10.25, 2.1875], "rotation": 180, "texture": "#0"},
				"east": {"uv": [10.1875, 2.125, 10.25, 2.1875], "rotation": 270, "texture": "#0"},
				"south": {"uv": [10.1875, 2.125, 10.25, 2.1875], "texture": "#0"},
				"west": {"uv": [10.1875, 2.125, 10.25, 2.1875], "rotation": 90, "texture": "#0"},
				"up": {"uv": [10.1875, 2.125, 10.25, 2.1875], "rotation": 180, "texture": "#0"},
				"down": {"uv": [10.1875, 2.125, 10.25, 2.1875], "texture": "#0"}
			}
		},
		{
			"name": "antiscrew",
			"from": [7.4, -11.2, 10.2],
			"to": [8.6, -10.1, 11.3],
			"rotation": {"angle": 0, "axis": "y", "origin": [0, -6.7, 9.2]},
			"faces": {
				"north": {"uv": [10.1875, 2.125, 10.25, 2.1875], "rotation": 180, "texture": "#0"},
				"east": {"uv": [10.1875, 2.125, 10.25, 2.1875], "rotation": 270, "texture": "#0"},
				"south": {"uv": [10.1875, 2.125, 10.25, 2.1875], "texture": "#0"},
				"west": {"uv": [10.1875, 2.125, 10.25, 2.1875], "rotation": 90, "texture": "#0"},
				"up": {"uv": [10.1875, 2.125, 10.25, 2.1875], "rotation": 180, "texture": "#0"},
				"down": {"uv": [10.1875, 2.125, 10.25, 2.1875], "texture": "#0"}
			}
		},
		{
			"name": "screw",
			"from": [7.85, -10.8, 9.7],
			"to": [8.15, -10.5, 12.9],
			"rotation": {"angle": 0, "axis": "y", "origin": [7, -6.7, 10.8]},
			"faces": {
				"east": {"uv": [10.1875, 2.125, 10.25, 2.1875], "rotation": 180, "texture": "#0"},
				"south": {"uv": [10.1875, 2.125, 10.25, 2.1875], "rotation": 270, "texture": "#0"},
				"west": {"uv": [10.1875, 2.125, 10.25, 2.1875], "texture": "#0"},
				"up": {"uv": [10.1875, 2.125, 10.25, 2.1875], "rotation": 270, "texture": "#0"},
				"down": {"uv": [10.1875, 2.125, 10.25, 2.1875], "rotation": 270, "texture": "#0"}
			}
		},
		{
			"name": "center",
			"from": [7.6, -11, 9.7],
			"to": [8.4, -10.3, 10.2],
			"rotation": {"angle": 45, "axis": "z", "origin": [8, -10.65, 9.2]},
			"faces": {
				"north": {"uv": [10.1875, 2.125, 10.25, 2.1875], "rotation": 180, "texture": "#0"},
				"east": {"uv": [10.1875, 2.125, 10.25, 2.1875], "rotation": 270, "texture": "#0"},
				"south": {"uv": [10.1875, 2.125, 10.25, 2.1875], "texture": "#0"},
				"west": {"uv": [10.1875, 2.125, 10.25, 2.1875], "rotation": 90, "texture": "#0"},
				"up": {"uv": [10.1875, 2.125, 10.25, 2.1875], "rotation": 180, "texture": "#0"},
				"down": {"uv": [10.1875, 2.125, 10.25, 2.1875], "texture": "#0"}
			}
		},
		{
			"name": "crank",
			"from": [2, -10.8, 9.85],
			"to": [8.5, -10.6, 10.05],
			"rotation": {"angle": 45, "axis": "z", "origin": [8, -10.65, 9.2]},
			"faces": {
				"north": {"uv": [10.1875, 2.125, 10.25, 2.1875], "rotation": 180, "texture": "#0"},
				"south": {"uv": [10.1875, 2.125, 10.25, 2.1875], "texture": "#0"},
				"up": {"uv": [10.1875, 2.125, 10.25, 2.1875], "rotation": 180, "texture": "#0"},
				"down": {"uv": [10.1875, 2.125, 10.25, 2.1875], "texture": "#0"}
			}
		},
		{
			"name": "end",
			"from": [8.5, -10.9, 9.75],
			"to": [8.8, -10.5, 10.15],
			"rotation": {"angle": 45, "axis": "z", "origin": [8, -10.65, 9.2]},
			"faces": {
				"north": {"uv": [10.1875, 2.125, 10.25, 2.1875], "rotation": 180, "texture": "#0"},
				"east": {"uv": [10.1875, 2.125, 10.25, 2.1875], "rotation": 270, "texture": "#0"},
				"south": {"uv": [10.1875, 2.125, 10.25, 2.1875], "texture": "#0"},
				"west": {"uv": [10.1875, 2.125, 10.25, 2.1875], "rotation": 90, "texture": "#0"},
				"up": {"uv": [10.1875, 2.125, 10.25, 2.1875], "rotation": 180, "texture": "#0"},
				"down": {"uv": [10.1875, 2.125, 10.25, 2.1875], "texture": "#0"}
			}
		},
		{
			"name": "end",
			"from": [1.9, -10.85, 9.8],
			"to": [2, -10.55, 10.1],
			"rotation": {"angle": 45, "axis": "z", "origin": [8, -10.65, 9.2]},
			"faces": {
				"north": {"uv": [10.1875, 2.125, 10.25, 2.1875], "rotation": 180, "texture": "#0"},
				"east": {"uv": [10.1875, 2.125, 10.25, 2.1875], "rotation": 270, "texture": "#0"},
				"south": {"uv": [10.1875, 2.125, 10.25, 2.1875], "texture": "#0"},
				"west": {"uv": [10.1875, 2.125, 10.25, 2.1875], "rotation": 90, "texture": "#0"},
				"up": {"uv": [10.1875, 2.125, 10.25, 2.1875], "rotation": 180, "texture": "#0"},
				"down": {"uv": [10.1875, 2.125, 10.25, 2.1875], "texture": "#0"}
			}
		}
	],
	"display": {
		"gui": {
			"rotation": [25, 135, 0],
			"translation": [2, 1.25, 0],
			"scale": [0.25, 0.25, 0.25]
		},
		"head": {
			"scale": [2, 2, 2]
		}
	},
	"groups": [
		{
			"name": "sides",
			"origin": [8, 8, 8],
			"color": 0,
			"children": [0, 1]
		},
		{
			"name": "body",
			"origin": [0, 0, 0],
			"color": 0,
			"children": [
				{
					"name": "left wall",
					"origin": [0, 0, 0],
					"color": 0,
					"children": [2, 3, 4]
				},
				{
					"name": "right wall",
					"origin": [0, 0, 0],
					"color": 0,
					"children": [5, 6, 7]
				}
			]
		},
		{
			"name": "roof",
			"origin": [0, 0, 0],
			"color": 0,
			"children": [8, 9, 10]
		},
		{
			"name": "water",
			"origin": [0, 0, 0],
			"color": 0,
			"children": [
				11,
				{
					"name": "group",
					"origin": [0, 0, 0],
					"color": 0,
					"children": [12, 13, 14]
				}
			]
		},
		{
			"name": "undercarriage",
			"origin": [8, 8, 8],
			"color": 0,
			"children": [
				{
					"name": "chassis",
					"origin": [8, 8, 8],
					"color": 0,
					"children": [15, 16]
				},
				{
					"name": "left",
					"origin": [8, 8, 8],
					"color": 0,
					"children": [
						{
							"name": "chassis",
							"origin": [0, 0, 0],
							"color": 0,
							"children": [17, 18, 19, 20, 21, 22]
						},
						{
							"name": "wheel support",
							"origin": [8, 8, 8],
							"color": 0,
							"children": [
								{
									"name": "leaf spring",
									"origin": [0, 0, 0],
									"color": 0,
									"children": [23, 24, 25, 26, 27]
								},
								{
									"name": "front support",
									"origin": [0, 0, 0],
									"color": 0,
									"children": [28, 29]
								},
								{
									"name": "rear support",
									"origin": [0, 0, 0],
									"color": 0,
									"children": [30, 31]
								},
								{
									"name": "group",
									"origin": [8, 8, 8],
									"color": 0,
									"children": [32, 33, 34, 35, 36, 37, 38, 39]
								}
							]
						},
						{
							"name": "upper step",
							"origin": [0, 0, 26],
							"color": 0,
							"children": [40, 41]
						},
						{
							"name": "lower step",
							"origin": [0, 0, 26],
							"color": 0,
							"children": [42, 43]
						}
					]
				},
				{
					"name": "right",
					"origin": [8, 8, 8],
					"color": 0,
					"children": [
						{
							"name": "chassis",
							"origin": [0, 0, 0],
							"color": 0,
							"children": [
								44,
								45,
								46,
								47,
								48,
								49,
								{
									"name": "group",
									"origin": [16, 0, -24],
									"color": 0,
									"children": [50, 51, 52]
								}
							]
						},
						{
							"name": "wheel support",
							"origin": [8, 8, 8],
							"color": 0,
							"children": [
								{
									"name": "leaf spring",
									"origin": [0, 0, 0],
									"color": 0,
									"children": [53, 54, 55, 56, 57]
								},
								{
									"name": "front support",
									"origin": [0, 0, 0],
									"color": 0,
									"children": [58, 59]
								},
								{
									"name": "rear support",
									"origin": [0, 0, 0],
									"color": 0,
									"children": [60, 61]
								},
								{
									"name": "group",
									"origin": [8, 8, 8],
									"color": 0,
									"children": [62, 63, 64, 65, 66, 67, 68, 69]
								}
							]
						},
						{
							"name": "upper step",
							"origin": [0, 0, 26],
							"color": 0,
							"children": [70, 71]
						},
						{
							"name": "lower step",
							"origin": [0, 0, 26],
							"color": 0,
							"children": [72, 73]
						}
					]
				}
			]
		},
		{
			"name": "rear details",
			"origin": [8, 8, 8],
			"color": 0,
			"children": [
				{
					"name": "back plate",
					"origin": [0, 0, -24],
					"color": 0,
					"children": [74, 75]
				},
				{
					"name": "steps",
					"origin": [0, 0, 26],
					"color": 0,
					"children": [
						{
							"name": "middle",
							"origin": [0, 0, 26],
							"color": 0,
							"children": [76, 77, 78]
						},
						{
							"name": "middle",
							"origin": [0, 0, 26],
							"color": 0,
							"children": [79, 80, 81]
						},
						{
							"name": "middle",
							"origin": [0, 0, 26],
							"color": 0,
							"children": [82, 83, 84]
						}
					]
				},
				{
					"name": "handles",
					"origin": [8, 8, 8],
					"color": 0,
					"children": [
						{
							"name": "left",
							"origin": [0, 0, 0],
							"color": 0,
							"children": [85, 86, 87]
						},
						{
							"name": "right",
							"origin": [0, 0, 0],
							"color": 0,
							"children": [88, 89, 90]
						},
						{
							"name": "top",
							"origin": [0, 0, 0],
							"color": 0,
							"children": [91, 92, 93]
						}
					]
				},
				{
					"name": "buffers",
					"origin": [8, 8, 8],
					"color": 0,
					"children": [
						{
							"name": "left buffer",
							"origin": [0, 0, 0],
							"color": 0,
							"children": [94, 95, 96, 97]
						},
						{
							"name": "right buffer",
							"origin": [0, 0, 0],
							"color": 0,
							"children": [98, 99, 100, 101]
						}
					]
				},
				{
					"name": "pipe",
					"origin": [8, 8, 8],
					"color": 0,
					"children": [
						102,
						103,
						104,
						105,
						{
							"name": "flexible",
							"origin": [0, -3.1, 10.6],
							"color": 0,
							"children": [106, 107, 108, 109]
						}
					]
				},
				{
					"name": "hook",
					"origin": [8, 8, 8],
					"color": 0,
					"children": [110, 111, 112, 113, 114, 115, 116, 117, 118, 119]
				},
				{
					"name": "chain",
					"origin": [8, 8, 8],
					"color": 0,
					"children": [
						{
							"name": "link1",
							"origin": [8, 8, 8],
							"color": 0,
							"children": [120, 121, 122, 123, 124, 125, 126, 127]
						},
						{
							"name": "link2",
							"origin": [8, 8, 8],
							"color": 0,
							"children": [128, 129, 130, 131, 132, 133, 134, 135]
						},
						{
							"name": "screw",
							"origin": [8, 8, 8],
							"color": 0,
							"children": [
								136,
								137,
								138,
								{
									"name": "spinner",
									"origin": [7, -6.7, 10.8],
									"color": 0,
									"children": [139, 140, 141, 142]
								}
							]
						}
					]
				}
			]
		}
	]
}