{
	"model": {
		"type": "minecraft:condition",
		"property": "minecraft:has_component",
		"component": "minecraft:custom_name",
		"on_true": {
			"type": "minecraft:select",
			"model": "minecraft:item/amethyst_shard",
			"property": "minecraft:component",
			"component": "minecraft:custom_name",
	  		"cases": [
					{
				"when": "Sconce",
				"model": {
					"type": "minecraft:model",
					"model": "minecraft:item/sconce/amethyst_shard_sconce"
			 			}
					}
		  		],
			"fallback": {
				"type": "minecraft:model",
				"model": "minecraft:item/amethyst_shard"
					}
				},
		"on_false": {
			"type": "minecraft:model",
			"model": "minecraft:item/amethyst_shard"
		}
	}
}