{
	"model": {
		"type": "condition",
		"property": "has_component",
		"component": "custom_name",
		"on_true": {
			"type": "select",
			"model": "item/golden_pickaxe",
			"property": "component",
			"component": "custom_name",
	  		"cases": [
					{
				"when": "Mountain Pickaxe",
				"model": {
					"type": "model",
					"model": "item/golden_pickaxe/mountain_pickaxe"
			 			}
					},
					{
				"when": "Duck Before Christmas",
				"model": {
					"type": "model",
					"model": "item/golden_pickaxe/duck_before_christmas"
			 			}
					},
					{
				"when": "Super Cute Pickaxe",
				"model": {
					"type": "model",
					"model": "item/golden_pickaxe/super_cute_pickaxe"
			 			}
					},
					{
				"when": "Drill",
				"model": {
					"type": "model",
					"model": "item/golden_pickaxe/drill"
			 			}
					},
					{
				"when": "Hammer",
				"model": {
					"type": "model",
					"model": "item/golden_pickaxe/hammer"
			 			}
					},
					{
				"when": "Kemetian Pickaxe",
				"model": {
					"type": "model",
					"model": "item/golden_pickaxe/kemetian_pickaxe"
			 			}
					},
					{
				"when": "Hellenic Pickaxe",
				"model": {
					"type": "model",
					"model": "item/golden_pickaxe/hellenic_pickaxe"
			 			}
					},
					{
				"when": "Sinitic Pickaxe",
				"model": {
					"type": "model",
					"model": "item/golden_pickaxe/sinitic_pickaxe"
			 			}
					},
					{
				"when": "Fantasy Pickaxe",
				"model": {
					"type": "model",
					"model": "item/golden_pickaxe/fantasy_pickaxe"
			 			}
					},
					{
				"when": "Norroen Hammer",
				"model": {
					"type": "model",
					"model": "item/golden_pickaxe/norroen_hammer"
			 			}
					},
					{
				"when": "Halloween Pickaxe",
				"model": {
					"type": "model",
					"model": "item/golden_pickaxe/halloween_pickaxe"
			 			}
					}
		  		],
			"fallback": {
				"type": "range_dispatch",
				"property": "damage",
				"scale": 4,
				"entries": [
					{
						"threshold": 0,
						"model": {
							"type": "model",
							"model": "item/golden_pickaxe"
						}
					},
					{
						"threshold": 1,
						"model": {
							"type": "model",
							"model": "item/golden_pickaxe"
						}
					},
					{
						"threshold": 2,
						"model": {
							"type": "model",
							"model": "item/golden_pickaxe"
						}
					},
					{
						"threshold": 3,
						"model": {
							"type": "model",
							"model": "item/golden_pickaxe"
						}
					}
				]
			}
		},
		"on_false": {
			"type": "range_dispatch",
			"property": "damage",
			"scale": 4,
			"entries": [
				{
					"threshold": 0,
					"model": {
						"type": "model",
						"model": "item/golden_pickaxe"
					}
				},
				{
					"threshold": 1,
					"model": {
						"type": "model",
						"model": "item/golden_pickaxe"
					}
				},
				{
					"threshold": 2,
					"model": {
						"type": "model",
						"model": "item/golden_pickaxe"
					}
				},
				{
					"threshold": 3,
					"model": {
						"type": "model",
						"model": "item/golden_pickaxe"
					}
				}
			]
		}
	}
}