{
	"model": {
		"type": "condition",
		"property": "has_component",
		"component": "custom_name",
		"on_true": {
			"type": "select",
			"model": "item/golden_hoe",
			"property": "component",
			"component": "custom_name",
	  		"cases": [
					{
				"when": "Scythe",
				"model": {
					"type": "model",
					"model": "item/golden_hoe/scythe"
			 			}
					},
					{
				"when": "Kemetian Hoe",
				"model": {
					"type": "model",
					"model": "item/golden_hoe/kemetian_hoe"
			 			}
					},
					{
				"when": "Super Cute Hoe",
				"model": {
					"type": "model",
					"model": "item/golden_hoe/super_cute_hoe"
			 			}
					},
					{
				"when": "Hellenic Hoe",
				"model": {
					"type": "model",
					"model": "item/golden_hoe/hellenic_hoe"
			 			}
					},
					{
				"when": "Sinitic Hoe",
				"model": {
					"type": "model",
					"model": "item/golden_hoe/sinitic_hoe"
			 			}
					},
					{
				"when": "Fantasy Hoe",
				"model": {
					"type": "model",
					"model": "item/golden_hoe/fantasy_hoe"
			 			}
					},
					{
				"when": "Norroen Hoe",
				"model": {
					"type": "model",
					"model": "item/golden_hoe/norroen_hoe"
			 			}
					},
					{
				"when": "Halloween Hoe",
				"model": {
					"type": "model",
					"model": "item/golden_hoe/halloween_hoe"
			 			}
					}
		  		],
			"fallback": {
				"type": "range_dispatch",
				"property": "damage",
				"scale": 4,
				"entries": [
					{
						"threshold": 0,
						"model": {
							"type": "model",
							"model": "item/golden_hoe"
						}
					},
					{
						"threshold": 1,
						"model": {
							"type": "model",
							"model": "item/golden_hoe"
						}
					},
					{
						"threshold": 2,
						"model": {
							"type": "model",
							"model": "item/golden_hoe"
						}
					},
					{
						"threshold": 3,
						"model": {
							"type": "model",
							"model": "item/golden_hoe"
						}
					}
				]
			}
		},
		"on_false": {
			"type": "range_dispatch",
			"property": "damage",
			"scale": 4,
			"entries": [
				{
					"threshold": 0,
					"model": {
						"type": "model",
						"model": "item/golden_hoe"
					}
				},
				{
					"threshold": 1,
					"model": {
						"type": "model",
						"model": "item/golden_hoe"
					}
				},
				{
					"threshold": 2,
					"model": {
						"type": "model",
						"model": "item/golden_hoe"
					}
				},
				{
					"threshold": 3,
					"model": {
						"type": "model",
						"model": "item/golden_hoe"
					}
				}
			]
		}
	}
}