{
	"model": {
		"type": "condition",
		"property": "has_component",
		"component": "custom_name",
		"on_true": {
			"type": "select",
			"model": "item/golden_sword/golden_sword",
			"property": "component",
			"component": "custom_name",
	  		"cases": [
				{
				"when": "Sword",
				"model": {
					"type": "model",
					"model": "item/golden_sword"
			 			}
				},
				{
				"when": "Chef's Knife",
				"model": {
					"type": "model",
					"model": "item/golden_sword/chef_knife"
			 			}
				},
				{
				"when": "Eyelander",
				"model": {
					"type": "model",
					"model": "item/golden_sword/eyelander"
			 			}
				},
				{
				"when": "Buck-Chuckets",
				"model": {
					"type": "model",
					"model": "item/golden_sword/buck_chuckets"
			 			}
				},
				{
				"when": "Meat Cleaver",
				"model": {
					"type": "model",
					"model": "item/golden_sword/meat_cleaver"
			 			}
					},
					{
				"when": "Wrench",
				"model": {
					"type": "model",
					"model": "item/golden_sword/wrench"
			 			}
					},
					{
				"when": "Cane",
				"model": {
					"type": "model",
					"model": "item/golden_sword/cane"
			 			}
					},
					{
				"when": "Golf Club",
				"model": {
					"type": "model",
					"model": "item/golden_sword/golf_club"
			 			}
					},
					{
				"when": "Spatula",
				"model": {
					"type": "model",
					"model": "item/golden_sword/spatula"
			 			}
					},
					{
				"when": "Super Cute Sword",
				"model": {
					"type": "model",
					"model": "item/golden_sword/super_cute_sword"
			 			}
					},
					{
				"when": "Claws",
				"model": {
					"type": "model",
					"model": "item/golden_sword/claws"
			 			}
					},
					{
				"when": "Hidden Blade",
				"model": {
					"type": "model",
					"model": "item/golden_sword/hidden_blade"
			 			}
					},
					{
				"when": "Shovel",
				"model": {
					"type": "model",
					"model": "item/golden_sword/shovel"
			 			}
					},
					{
				"when": "Karambit",
				"model": {
					"type": "model",
					"model": "item/golden_sword/karambit"
			 			}
					},
					{
				"when": "Potato Peeler",
				"model": {
					"type": "model",
					"model": "item/golden_sword/potato_peeler"
			 			}
					},
					{
				"when": [
					"Sickle",
					"The Last Laugh"
				],
				"model": {
					"type": "model",
					"model": "item/golden_sword/sickle"
			 			}
					},
					{
				"when": "Tempest Knife",
				"model": {
					"type": "model",
					"model": "item/golden_sword/tempest_knife"
			 			}
					},
					{
				"when": "Coral Blade",
				"model": {
					"type": "model",
					"model": "item/golden_sword/coral_blade"
			 			}
					},
					{
				"when": "Dagger",
				"model": {
					"type": "model",
					"model": "item/golden_sword/dagger"
			 			}
					},
					{
				"when": "Rapier",
				"model": {
					"type": "model",
					"model": "item/golden_sword/rapier"
			 			}
					},
					{
				"when": "Soul Knife",
				"model": {
					"type": "model",
					"model": "item/golden_sword/soul_knife"
			 			}
					},
					{
				"when": "Broadsword",
				"model": {
					"type": "model",
					"model": "item/golden_sword/broadsword"
			 			}
					},
					{
				"when": "Cutlass",
				"model": {
					"type": "model",
					"model": "item/golden_sword/cutlass"
			 			}
					},
					{
				"when": "Claymore",
				"model": {
					"type": "model",
					"model": "item/golden_sword/claymore"
			 			}
					},
					{
				"when": "Glaive",
				"model": {
					"type": "model",
					"model": "item/golden_sword/glaive"
			 			}
					},
					{
				"when": "Spear",
				"model": {
					"type": "model",
					"model": "item/golden_sword/spear"
			 			}
					},
					{
				"when": "Backstabber",
				"model": {
					"type": "model",
					"model": "item/golden_sword/backstabber"
			 			}
					},
					{
				"when": "Dancer's Sword",
				"model": {
					"type": "model",
					"model": "item/golden_sword/dancers_sword"
			 			}
					},
					{
				"when": "Katana",
				"model": {
					"type": "model",
					"model": "item/golden_sword/katana"
			 			}
					},
					{
				"when": "Sawblade",
				"model": {
					"type": "model",
					"model": "item/golden_sword/sawblade"
			 			}
					},
					{
				"when": "Battlestaff",
				"model": {
					"type": "model",
					"model": "item/golden_sword/battlestaff"
			 			}
					},
					{
				"when": "Kemetian Sword",
				"model": {
					"type": "model",
					"model": "item/golden_sword/kemetian_sword"
			 			}
					},
					{
				"when": "Hellenic Sword",
				"model": {
					"type": "model",
					"model": "item/golden_sword/hellenic_sword"
			 			}
					},
					{
				"when": "Sinitic Sword",
				"model": {
					"type": "model",
					"model": "item/golden_sword/sinitic_sword"
			 			}
					},
					{
				"when": "Fantasy Sword",
				"model": {
					"type": "model",
					"model": "item/golden_sword/fantasy_sword"
			 			}
					},
					{
				"when": "Norroen Sword",
				"model": {
					"type": "model",
					"model": "item/golden_sword/norroen_sword"
			 			}
					},
					{
				"when": "Halloween Sword",
				"model": {
					"type": "model",
					"model": "item/golden_sword/halloween_sword"
			 			}
					}
		  		],
			"fallback": {
						"type": "model",
						"model": "item/golden_sword"
					}
		},
		"on_false": {
						"type": "model",
						"model": "item/golden_sword"
					}
	}
}