{
	"model": {
		"type": "condition",
		"property": "has_component",
		"component": "custom_name",
		"on_true": {
			"type": "select",
			"model": "item/iron_pickaxe/iron_pickaxe",
			"property": "component",
			"component": "custom_name",
	  		"cases": [
					{
				"when": "Mountain Pickaxe",
				"model": {
					"type": "model",
					"model": "item/iron_pickaxe/mountain_pickaxe"
			 			}
					},
					{
				"when": "Duck Before Christmas",
				"model": {
					"type": "model",
					"model": "item/iron_pickaxe/duck_before_christmas"
			 			}
					},
					{
				"when": "Super Cute Pickaxe",
				"model": {
					"type": "model",
					"model": "item/iron_pickaxe/super_cute_pickaxe"
			 			}
					},
					{
				"when": "Drill",
				"model": {
					"type": "model",
					"model": "item/iron_pickaxe/drill"
			 			}
					},
					{
				"when": "Hammer",
				"model": {
					"type": "model",
					"model": "item/iron_pickaxe/hammer"
			 			}
					},
					{
				"when": "Kemetian Pickaxe",
				"model": {
					"type": "model",
					"model": "item/iron_pickaxe/kemetian_pickaxe"
			 			}
					},
					{
				"when": "Hellenic Pickaxe",
				"model": {
					"type": "model",
					"model": "item/iron_pickaxe/hellenic_pickaxe"
			 			}
					},
					{
				"when": "Sinitic Pickaxe",
				"model": {
					"type": "model",
					"model": "item/iron_pickaxe/sinitic_pickaxe"
			 			}
					},
					{
				"when": "Fantasy Pickaxe",
				"model": {
					"type": "model",
					"model": "item/iron_pickaxe/fantasy_pickaxe"
			 			}
					},
					{
				"when": "Norroen Hammer",
				"model": {
					"type": "model",
					"model": "item/iron_pickaxe/norroen_hammer"
			 			}
					},
					{
				"when": "Halloween Pickaxe",
				"model": {
					"type": "model",
					"model": "item/iron_pickaxe/halloween_pickaxe"
			 			}
					}
		  		],
			"fallback": {
				"type": "model",
						"model": "item/iron_pickaxe"
			}
		},
		"on_false": {
			"type": "model",
						"model": "item/iron_pickaxe"
		}
	}
}