{
	"model": {
		"type": "condition",
		"property": "has_component",
		"component": "custom_name",
		"on_true": {
			"type": "select",
			"model": "item/wooden_sword/wooden_sword",
			"property": "component",
			"component": "custom_name",
	  		"cases": [
				{
				"when": "Sword",
				"model": {
					"type": "model",
					"model": "item/wooden_sword"
			 			}
				},
				{
				"when": "Chef's Knife",
				"model": {
					"type": "model",
					"model": "item/wooden_sword/chef_knife"
			 			}
				},
				{
					"when": "Warped Sword",
					"model": {
						"type": "range_dispatch",
						"property": "damage",
						"scale": 4,
						"entries": [
							{
								"threshold": 0,
								"model": {
									"type": "model",
									"model": "item/wooden_sword/warped_sword"
								}
							},
							{
								"threshold": 1,
								"model": {
									"type": "model",
									"model": "item/wooden_sword/warped_sword_damaged_0"
								}
							},
							{
								"threshold": 2,
								"model": {
									"type": "model",
									"model": "item/wooden_sword/warped_sword_damaged_1"
								}
							},
							{
								"threshold": 3,
								"model": {
									"type": "model",
									"model": "item/wooden_sword/warped_sword_damaged_2"
								}
							}
						]
					}
				},
				{
					"when": "Crimson Sword",
					"model": {
						"type": "range_dispatch",
						"property": "damage",
						"scale": 4,
						"entries": [
							{
								"threshold": 0,
								"model": {
									"type": "model",
									"model": "item/wooden_sword/crimson_sword"
								}
							},
							{
								"threshold": 1,
								"model": {
									"type": "model",
									"model": "item/wooden_sword/crimson_sword_damaged_0"
								}
							},
							{
								"threshold": 2,
								"model": {
									"type": "model",
									"model": "item/wooden_sword/crimson_sword_damaged_1"
								}
							},
							{
								"threshold": 3,
								"model": {
									"type": "model",
									"model": "item/wooden_sword/crimson_sword_damaged_2"
								}
							}
						]
					}
				},
				{
					"when": "Bamboo Sword",
					"model": {
						"type": "range_dispatch",
						"property": "damage",
						"scale": 4,
						"entries": [
							{
								"threshold": 0,
								"model": {
									"type": "model",
									"model": "item/wooden_sword/bamboo_sword"
								}
							},
							{
								"threshold": 1,
								"model": {
									"type": "model",
									"model": "item/wooden_sword/bamboo_sword_damaged_0"
								}
							},
							{
								"threshold": 2,
								"model": {
									"type": "model",
									"model": "item/wooden_sword/bamboo_sword_damaged_1"
								}
							},
							{
								"threshold": 3,
								"model": {
									"type": "model",
									"model": "item/wooden_sword/bamboo_sword_damaged_2"
								}
							}
						]
					}
				},
				{
					"when": "Pale Oak Sword",
					"model": {
						"type": "range_dispatch",
						"property": "damage",
						"scale": 4,
						"entries": [
							{
								"threshold": 0,
								"model": {
									"type": "model",
									"model": "item/wooden_sword/pale_oak_sword"
								}
							},
							{
								"threshold": 1,
								"model": {
									"type": "model",
									"model": "item/wooden_sword/pale_oak_sword_damaged_0"
								}
							},
							{
								"threshold": 2,
								"model": {
									"type": "model",
									"model": "item/wooden_sword/pale_oak_sword_damaged_1"
								}
							},
							{
								"threshold": 3,
								"model": {
									"type": "model",
									"model": "item/wooden_sword/pale_oak_sword_damaged_2"
								}
							}
						]
					}
				},
				{
					"when": "Cherry Sword",
					"model": {
						"type": "range_dispatch",
						"property": "damage",
						"scale": 4,
						"entries": [
							{
								"threshold": 0,
								"model": {
									"type": "model",
									"model": "item/wooden_sword/cherry_sword"
								}
							},
							{
								"threshold": 1,
								"model": {
									"type": "model",
									"model": "item/wooden_sword/cherry_sword_damaged_0"
								}
							},
							{
								"threshold": 2,
								"model": {
									"type": "model",
									"model": "item/wooden_sword/cherry_sword_damaged_1"
								}
							},
							{
								"threshold": 3,
								"model": {
									"type": "model",
									"model": "item/wooden_sword/cherry_sword_damaged_2"
								}
							}
						]
					}
				},
				{
					"when": "Mangrove Sword",
					"model": {
						"type": "range_dispatch",
						"property": "damage",
						"scale": 4,
						"entries": [
							{
								"threshold": 0,
								"model": {
									"type": "model",
									"model": "item/wooden_sword/mangrove_sword"
								}
							},
							{
								"threshold": 1,
								"model": {
									"type": "model",
									"model": "item/wooden_sword/mangrove_sword_damaged_0"
								}
							},
							{
								"threshold": 2,
								"model": {
									"type": "model",
									"model": "item/wooden_sword/mangrove_sword_damaged_1"
								}
							},
							{
								"threshold": 3,
								"model": {
									"type": "model",
									"model": "item/wooden_sword/mangrove_sword_damaged_2"
								}
							}
						]
					}
				},
				{
					"when": "Dark Oak Sword",
					"model": {
						"type": "range_dispatch",
						"property": "damage",
						"scale": 4,
						"entries": [
							{
								"threshold": 0,
								"model": {
									"type": "model",
									"model": "item/wooden_sword/dark_oak_sword"
								}
							},
							{
								"threshold": 1,
								"model": {
									"type": "model",
									"model": "item/wooden_sword/dark_oak_sword_damaged_0"
								}
							},
							{
								"threshold": 2,
								"model": {
									"type": "model",
									"model": "item/wooden_sword/dark_oak_sword_damaged_1"
								}
							},
							{
								"threshold": 3,
								"model": {
									"type": "model",
									"model": "item/wooden_sword/dark_oak_sword_damaged_2"
								}
							}
						]
					}
				},
				{
					"when": "Acacia Sword",
					"model": {
						"type": "range_dispatch",
						"property": "damage",
						"scale": 4,
						"entries": [
							{
								"threshold": 0,
								"model": {
									"type": "model",
									"model": "item/wooden_sword/acacia_sword"
								}
							},
							{
								"threshold": 1,
								"model": {
									"type": "model",
									"model": "item/wooden_sword/acacia_sword_damaged_0"
								}
							},
							{
								"threshold": 2,
								"model": {
									"type": "model",
									"model": "item/wooden_sword/acacia_sword_damaged_1"
								}
							},
							{
								"threshold": 3,
								"model": {
									"type": "model",
									"model": "item/wooden_sword/acacia_sword_damaged_2"
								}
							}
						]
					}
				},
				{
					"when": "Jungle Sword",
					"model": {
						"type": "range_dispatch",
						"property": "damage",
						"scale": 4,
						"entries": [
							{
								"threshold": 0,
								"model": {
									"type": "model",
									"model": "item/wooden_sword/jungle_sword"
								}
							},
							{
								"threshold": 1,
								"model": {
									"type": "model",
									"model": "item/wooden_sword/jungle_sword_damaged_0"
								}
							},
							{
								"threshold": 2,
								"model": {
									"type": "model",
									"model": "item/wooden_sword/jungle_sword_damaged_1"
								}
							},
							{
								"threshold": 3,
								"model": {
									"type": "model",
									"model": "item/wooden_sword/jungle_sword_damaged_2"
								}
							}
						]
					}
				},
				{
					"when": "Birch Sword",
					"model": {
						"type": "range_dispatch",
						"property": "damage",
						"scale": 4,
						"entries": [
							{
								"threshold": 0,
								"model": {
									"type": "model",
									"model": "item/wooden_sword/birch_sword"
								}
							},
							{
								"threshold": 1,
								"model": {
									"type": "model",
									"model": "item/wooden_sword/birch_sword_damaged_0"
								}
							},
							{
								"threshold": 2,
								"model": {
									"type": "model",
									"model": "item/wooden_sword/birch_sword_damaged_1"
								}
							},
							{
								"threshold": 3,
								"model": {
									"type": "model",
									"model": "item/wooden_sword/birch_sword_damaged_2"
								}
							}
						]
					}
				},
				{
					"when": "Spruce Sword",
					"model": {
						"type": "range_dispatch",
						"property": "damage",
						"scale": 4,
						"entries": [
							{
								"threshold": 0,
								"model": {
									"type": "model",
									"model": "item/wooden_sword/spruce_sword"
								}
							},
							{
								"threshold": 1,
								"model": {
									"type": "model",
									"model": "item/wooden_sword/spruce_sword_damaged_0"
								}
							},
							{
								"threshold": 2,
								"model": {
									"type": "model",
									"model": "item/wooden_sword/spruce_sword_damaged_1"
								}
							},
							{
								"threshold": 3,
								"model": {
									"type": "model",
									"model": "item/wooden_sword/spruce_sword_damaged_2"
								}
							}
						]
					}
				},
				{
					"when": "Oak Sword",
					"model": {
						"type": "range_dispatch",
						"property": "damage",
						"scale": 4,
						"entries": [
							{
								"threshold": 0,
								"model": {
									"type": "model",
									"model": "item/wooden_sword/oak_sword"
								}
							},
							{
								"threshold": 1,
								"model": {
									"type": "model",
									"model": "item/wooden_sword/oak_sword_damaged_0"
								}
							},
							{
								"threshold": 2,
								"model": {
									"type": "model",
									"model": "item/wooden_sword/oak_sword_damaged_1"
								}
							},
							{
								"threshold": 3,
								"model": {
									"type": "model",
									"model": "item/wooden_sword/oak_sword_damaged_2"
								}
							}
						]
					}
				},
				{
				"when": "Eyelander",
				"model": {
					"type": "model",
					"model": "item/wooden_sword/eyelander"
			 			}
				},
				{
				"when": "Buck-Chuckets",
				"model": {
					"type": "model",
					"model": "item/wooden_sword/buck_chuckets"
			 			}
				},
				{
				"when": "Meat Cleaver",
				"model": {
					"type": "model",
					"model": "item/wooden_sword/meat_cleaver"
			 			}
					},
					{
				"when": "Wrench",
				"model": {
					"type": "model",
					"model": "item/wooden_sword/wrench"
			 			}
					},
					{
				"when": "Cane",
				"model": {
					"type": "model",
					"model": "item/wooden_sword/cane"
			 			}
					},
					{
				"when": "Golf Club",
				"model": {
					"type": "model",
					"model": "item/wooden_sword/golf_club"
			 			}
					},
					{
				"when": "Spatula",
				"model": {
					"type": "model",
					"model": "item/wooden_sword/spatula"
			 			}
					},
					{
				"when": "Super Cute Sword",
				"model": {
					"type": "model",
					"model": "item/wooden_sword/super_cute_sword"
			 			}
					},
					{
				"when": "Claws",
				"model": {
					"type": "model",
					"model": "item/wooden_sword/claws"
			 			}
					},
					{
				"when": "Hidden Blade",
				"model": {
					"type": "model",
					"model": "item/wooden_sword/hidden_blade"
			 			}
					},
					{
				"when": "Shovel",
				"model": {
					"type": "model",
					"model": "item/wooden_sword/shovel"
			 			}
					},
					{
				"when": "Karambit",
				"model": {
					"type": "model",
					"model": "item/wooden_sword/karambit"
			 			}
					},
					{
				"when": "Potato Peeler",
				"model": {
					"type": "model",
					"model": "item/wooden_sword/potato_peeler"
			 			}
					},
					{
				"when": "Sickle",
				"model": {
					"type": "model",
					"model": "item/wooden_sword/sickle"
			 			}
					},
					{
				"when": "Tempest Knife",
				"model": {
					"type": "model",
					"model": "item/wooden_sword/tempest_knife"
			 			}
					},
					{
				"when": "Coral Blade",
				"model": {
					"type": "model",
					"model": "item/wooden_sword/coral_blade"
			 			}
					},
					{
				"when": "Dagger",
				"model": {
					"type": "model",
					"model": "item/wooden_sword/dagger"
			 			}
					},
					{
				"when": "Rapier",
				"model": {
					"type": "model",
					"model": "item/wooden_sword/rapier"
			 			}
					},
					{
				"when": "Soul Knife",
				"model": {
					"type": "model",
					"model": "item/wooden_sword/soul_knife"
			 			}
					},
					{
				"when": "Broadsword",
				"model": {
					"type": "model",
					"model": "item/wooden_sword/broadsword"
			 			}
					},
					{
				"when": "Cutlass",
				"model": {
					"type": "model",
					"model": "item/wooden_sword/cutlass"
			 			}
					},
					{
				"when": "Claymore",
				"model": {
					"type": "model",
					"model": "item/wooden_sword/claymore"
			 			}
					},
					{
				"when": "Glaive",
				"model": {
					"type": "model",
					"model": "item/wooden_sword/glaive"
			 			}
					},
					{
				"when": "Spear",
				"model": {
					"type": "model",
					"model": "item/wooden_sword/spear"
			 			}
					},
					{
				"when": "Backstabber",
				"model": {
					"type": "model",
					"model": "item/wooden_sword/backstabber"
			 			}
					},
					{
				"when": "Dancer's Sword",
				"model": {
					"type": "model",
					"model": "item/wooden_sword/dancers_sword"
			 			}
					},
					{
				"when": "Katana",
				"model": {
					"type": "model",
					"model": "item/wooden_sword/katana"
			 			}
					},
					{
				"when": "Sawblade",
				"model": {
					"type": "model",
					"model": "item/wooden_sword/sawblade"
			 			}
					},
					{
				"when": "Battlestaff",
				"model": {
					"type": "model",
					"model": "item/wooden_sword/battlestaff"
			 			}
					},
					{
				"when": "Kemetian Sword",
				"model": {
					"type": "model",
					"model": "item/wooden_sword/kemetian_sword"
			 			}
					},
					{
				"when": "Hellenic Sword",
				"model": {
					"type": "model",
					"model": "item/wooden_sword/hellenic_sword"
			 			}
					},
					{
				"when": "Sinitic Sword",
				"model": {
					"type": "model",
					"model": "item/wooden_sword/sinitic_sword"
			 			}
					},
					{
				"when": "Fantasy Sword",
				"model": {
					"type": "model",
					"model": "item/wooden_sword/fantasy_sword"
			 			}
					},
					{
				"when": "Norroen Sword",
				"model": {
					"type": "model",
					"model": "item/wooden_sword/norroen_sword"
			 			}
					},
					{
				"when": "Halloween Sword",
				"model": {
					"type": "model",
					"model": "item/wooden_sword/halloween_sword"
			 			}
					}
		  		],
			"fallback": {
							"type": "model",
							"model": "item/wooden_sword"
						}
		},
		"on_false": {
							"type": "model",
							"model": "item/wooden_sword"
						}
	}
}