{
	"credit": "Created by Mickey Joe Alpha - http://YouTube.com/@MushirMickeyJoe",
    "parent": "item/handheld_sword",
    "textures": {
        "layer0": "item/blackstone_sword"
    },
    "overrides": [
        {
            "predicate": {
                "damage": 0.25
            },
            "model": "item/blackstone_sword_damaged_0"
        },
        {
            "predicate": {
                "damage": 0.5
            },
            "model": "item/blackstone_sword_damaged_1"
        },
        {
            "predicate": {
                "damage": 0.75
            },
            "model": "item/blackstone_sword_damaged_2"
        }
    ]
}