{
	"credit": "Created by Mickey Joe Alpha - http://YouTube.com/@MushirMickeyJoe",
	"parent": "item/shield/shield",
	"textures": {
		"particle": "barely_default:item/shield/wood/shield"
	},
	"elements": [
		{
			"name": "handle",
			"from": [0.999, -3.001, -5.001],
			"to": [3.001, 3.001, 1.001],
			"rotation": {"angle": 0, "axis": "y", "origin": [2, 0, -2]},
			"faces": {
				"north": {"uv": [11, 1.5, 11.5, 3], "texture": "#particle"},
				"east": {"uv": [9, 1.5, 7.5, 3], "texture": "#particle"},
				"west": {"uv": [11, 1.5, 9.5, 3], "texture": "#particle"},
				"up": {"uv": [9.5, 1.5, 9, 0], "rotation": 180, "texture": "#particle"},
				"down": {"uv": [10, 0, 9.5, 1.5], "rotation": 180, "texture": "#particle"}
			}
		},
		{
			"name": "handle",
			"from": [-3.001, -3.001, -5.001],
			"to": [-0.999, 3.001, 1.001],
			"rotation": {"angle": 0, "axis": "y", "origin": [-2, 0, -2]},
			"faces": {
				"north": {"uv": [11, 1.5, 11.5, 3], "texture": "#particle"},
				"east": {"uv": [9.5, 1.5, 11, 3], "texture": "#particle"},
				"west": {"uv": [7.5, 1.5, 9, 3], "texture": "#particle"},
				"up": {"uv": [9.5, 1.5, 9, 0], "rotation": 180, "texture": "#particle"},
				"down": {"uv": [10, 0, 9.5, 1.5], "rotation": 180, "texture": "#particle"}
			}
		},
		{
			"name": "wooden_shield_10",
			"from": [-8, -8, 1],
			"to": [8, 8, 2],
			"rotation": {"angle": 0, "axis": "z", "origin": [0, 0, 1.5]},
			"faces": {
				"north": {"uv": [4.5, 15.75, 0.5, 11.75], "rotation": 270, "texture": "#particle"},
				"east": {"uv": [0.5, 15.75, 4.5, 15.5], "rotation": 90, "texture": "#particle"},
				"south": {"uv": [0.5, 15.75, 4.5, 11.75], "rotation": 90, "texture": "#particle"},
				"west": {"uv": [0.5, 12, 4.5, 11.75], "rotation": 90, "texture": "#particle"},
				"up": {"uv": [0.5, 15.75, 0.75, 11.75], "rotation": 90, "texture": "#particle"},
				"down": {"uv": [4.25, 15.75, 4.5, 11.75], "rotation": 90, "texture": "#particle"}
			}
		},
		{
			"name": "wooden_shield_11",
			"from": [-3, 8, 1],
			"to": [3, 10, 2],
			"rotation": {"angle": 0, "axis": "z", "origin": [0, 1, 1.5]},
			"faces": {
				"north": {"uv": [0.5, 14.5, 0, 13], "rotation": 270, "texture": "#particle"},
				"east": {"uv": [0, 14.5, 0.5, 14.25], "rotation": 90, "texture": "#particle"},
				"south": {"uv": [0, 14.5, 0.5, 13], "rotation": 90, "texture": "#particle"},
				"west": {"uv": [0, 13.25, 0.5, 13], "rotation": 90, "texture": "#particle"},
				"up": {"uv": [0, 14.5, 0.25, 13], "rotation": 90, "texture": "#particle"}
			}
		},
		{
			"name": "wooden_shield_12",
			"from": [-3, -10, 1],
			"to": [3, -8, 2],
			"rotation": {"angle": 0, "axis": "z", "origin": [0, -1, 1.5]},
			"faces": {
				"north": {"uv": [5, 14.5, 4.5, 13], "rotation": 270, "texture": "#particle"},
				"east": {"uv": [4.5, 14.5, 5, 14.25], "rotation": 90, "texture": "#particle"},
				"south": {"uv": [4.5, 14.5, 5, 13], "rotation": 90, "texture": "#particle"},
				"west": {"uv": [4.5, 13.25, 5, 13], "rotation": 90, "texture": "#particle"},
				"down": {"uv": [4.75, 14.5, 5, 13], "rotation": 90, "texture": "#particle"}
			}
		}
	],
	"display": {
		"gui": {
			"rotation": [15, -25, -5],
			"translation": [3.5, 2.75, 0],
			"scale": [0.65, 0.65, 0.65]
		}
	}
}