{
	"format_version": "1.21.6",
	"credit": "Created by Mickey Joe Alpha - http://YouTube.com/@MushirMickeyJoe",
	"parent": "item/shield/shield_painting",
	"textures": {
		"particle": "barely_default:item/shield/wood/shield"
	},
	"elements": [
		{
			"name": "plate",
			"from": [-7, -11, 1],
			"to": [7, 11, 2.002],
			"rotation": {"angle": 0, "axis": "y", "origin": [0, 0, 1.5]},
			"faces": {
				"north": {"uv": [4, 0.25, 7.5, 5.75], "texture": "#particle"},
				"east": {"uv": [3.75, 0.25, 4, 5.75], "texture": "#particle"},
				"south": {"uv": [0.25, 0.25, 3.75, 5.75], "texture": "#particle"},
				"west": {"uv": [0, 0.25, 0.25, 5.75], "texture": "#particle"},
				"up": {"uv": [3.75, 0.25, 0.25, 0], "rotation": 180, "texture": "#particle"},
				"down": {"uv": [7.25, 0, 3.75, 0.25], "rotation": 180, "texture": "#particle"}
			}
		},
		{
			"name": "handle",
			"from": [-1, -3, -5],
			"to": [1, 3, 1],
			"rotation": {"angle": 0, "axis": "y", "origin": [0, 0, -2]},
			"faces": {
				"north": {"uv": [11, 1.5, 11.5, 3], "texture": "#particle"},
				"east": {"uv": [9.5, 1.5, 11, 3], "texture": "#particle"},
				"west": {"uv": [7.5, 1.5, 9, 3], "texture": "#particle"},
				"up": {"uv": [9.5, 1.5, 9, 0], "rotation": 180, "texture": "#particle"},
				"down": {"uv": [10, 0, 9.5, 1.5], "rotation": 180, "texture": "#particle"}
			}
		}
	]
}