{
	"credit": "Made with Blockbench",
	"texture_size": [128, 128],
	"textures": {
		"2": "item/blocks/darts",
		"particle": "item/blocks/darts"
	},
	"elements": [
		{
			"from": [1, 1, 14],
			"to": [15, 15, 16],
			"faces": {
				"north": {"uv": [0, 0, 7, 7], "texture": "#2"},
				"east": {"uv": [7, 0, 8, 7], "texture": "#2"},
				"south": {"uv": [0, 7, 7, 14], "texture": "#2"},
				"west": {"uv": [7, 7, 8, 14], "texture": "#2"},
				"up": {"uv": [7, 7, 8, 14], "texture": "#2"},
				"down": {"uv": [7, 7, 8, 14], "texture": "#2"}
			}
		},
		{
			"from": [15, 3, 14],
			"to": [16, 13, 16],
			"faces": {
				"north": {"uv": [7, 7, 8, 14], "texture": "#2"},
				"east": {"uv": [7, 7, 8, 14], "texture": "#2"},
				"south": {"uv": [7, 7, 8, 14], "texture": "#2"},
				"west": {"uv": [7, 7, 8, 14], "texture": "#2"},
				"up": {"uv": [8, 14, 7, 7], "texture": "#2"},
				"down": {"uv": [8, 7, 7, 14], "texture": "#2"}
			}
		},
		{
			"from": [0, 3, 14],
			"to": [1, 13, 16],
			"faces": {
				"north": {"uv": [0, 0, 0, 0], "texture": "#2"},
				"east": {"uv": [0, 0, 0, 0], "texture": "#2"},
				"south": {"uv": [7, 7, 8, 14], "texture": "#2"},
				"west": {"uv": [7, 7, 8, 14], "texture": "#2"},
				"up": {"uv": [7, 7, 8, 14], "texture": "#2"},
				"down": {"uv": [7, 7, 8, 14], "texture": "#2"}
			}
		},
		{
			"from": [3, 15, 14],
			"to": [13, 16, 16],
			"faces": {
				"north": {"uv": [0, 0, 0, 0], "texture": "#2"},
				"east": {"uv": [7, 7, 8, 14], "texture": "#2"},
				"south": {"uv": [7, 7, 8, 14], "texture": "#2"},
				"west": {"uv": [7, 7, 8, 14], "texture": "#2"},
				"up": {"uv": [7, 7, 8, 14], "texture": "#2"},
				"down": {"uv": [0, 0, 0, 0], "texture": "#2"}
			}
		},
		{
			"from": [3, 14, 13.6],
			"to": [13, 16, 14],
			"faces": {
				"north": {"uv": [7, 7, 8, 14], "texture": "#2"},
				"east": {"uv": [7, 7, 8, 14], "texture": "#2"},
				"south": {"uv": [8, 0, 13, 1], "texture": "#2"},
				"west": {"uv": [7, 7, 8, 14], "texture": "#2"},
				"up": {"uv": [14, 2.25, 9, 2], "texture": "#2"},
				"down": {"uv": [14, 2.5, 9, 2.75], "texture": "#2"}
			}
		},
		{
			"from": [3, 14, 13.6],
			"to": [13, 16, 14],
			"faces": {
				"north": {"uv": [8, 0, 13, 1], "texture": "#2"},
				"east": {"uv": [7, 7, 8, 14], "texture": "#2"},
				"south": {"uv": [0, 0, 0, 0], "texture": "#2"},
				"west": {"uv": [7, 7, 8, 14], "texture": "#2"},
				"up": {"uv": [7, 7, 8, 14], "texture": "#2"},
				"down": {"uv": [7, 7, 8, 14], "texture": "#2"}
			}
		},
		{
			"from": [3, 0, 13.6],
			"to": [13, 2, 14],
			"faces": {
				"north": {"uv": [8, 1, 13, 2], "texture": "#2"},
				"east": {"uv": [9, 9.5, 9.25, 10.5], "texture": "#2"},
				"south": {"uv": [0, 0, 0, 0], "texture": "#2"},
				"west": {"uv": [7, 7, 8, 14], "texture": "#2"},
				"up": {"uv": [14, 3.25, 9, 3], "texture": "#2"},
				"down": {"uv": [7, 7, 8, 14], "texture": "#2"}
			}
		},
		{
			"from": [14, 3, 13.6],
			"to": [16, 13, 14],
			"faces": {
				"north": {"uv": [8, 2, 9, 7], "texture": "#2"},
				"east": {"uv": [7, 7, 8, 14], "texture": "#2"},
				"south": {"uv": [0, 0, 0, 0], "texture": "#2"},
				"west": {"uv": [7, 7, 8, 14], "texture": "#2"},
				"up": {"uv": [7, 7, 8, 14], "texture": "#2"},
				"down": {"uv": [7, 7, 8, 14], "texture": "#2"}
			}
		},
		{
			"from": [0, 3, 13.6],
			"to": [2, 13, 14],
			"faces": {
				"north": {"uv": [8, 7, 9, 12], "texture": "#2"},
				"east": {"uv": [7, 7, 8, 14], "texture": "#2"},
				"south": {"uv": [0, 0, 0, 0], "texture": "#2"},
				"west": {"uv": [7, 7, 8, 14], "texture": "#2"},
				"up": {"uv": [7, 7, 8, 14], "texture": "#2"},
				"down": {"uv": [7, 7, 8, 14], "texture": "#2"}
			}
		},
		{
			"from": [1, 13, 13.6],
			"to": [3, 15, 14],
			"faces": {
				"north": {"uv": [9, 3.5, 10, 4.5], "texture": "#2"},
				"east": {"uv": [7, 7, 8, 14], "texture": "#2"},
				"south": {"uv": [0, 0, 0, 0], "texture": "#2"},
				"west": {"uv": [7, 7, 8, 14], "texture": "#2"},
				"up": {"uv": [7, 7, 8, 14], "texture": "#2"},
				"down": {"uv": [7, 7, 8, 14], "texture": "#2"}
			}
		},
		{
			"from": [7.7, 7.7, 13.7],
			"to": [8.3, 8.3, 14],
			"faces": {
				"north": {"uv": [10, 8.5, 10.25, 8.75], "texture": "#2"},
				"east": {"uv": [10, 9, 10.125, 9.25], "texture": "#2"},
				"south": {"uv": [0, 0, 0, 0], "texture": "#2"},
				"west": {"uv": [9.5, 10, 9.625, 10.25], "texture": "#2"},
				"up": {"uv": [10.25, 10.125, 10, 10], "texture": "#2"},
				"down": {"uv": [10.75, 3.5, 10.5, 3.625], "texture": "#2"}
			}
		},
		{
			"from": [7.4, 7.4, 13.8],
			"to": [8.6, 8.6, 14],
			"faces": {
				"north": {"uv": [9, 8.5, 9.625, 9.125], "texture": "#2"},
				"east": {"uv": [10, 5.5, 10.125, 6.125], "texture": "#2"},
				"south": {"uv": [0, 0, 0, 0], "texture": "#2"},
				"west": {"uv": [10, 6.5, 10.125, 7.125], "texture": "#2"},
				"up": {"uv": [10.625, 7.625, 10, 7.5], "texture": "#2"},
				"down": {"uv": [10.625, 8, 10, 8.125], "texture": "#2"}
			}
		},
		{
			"from": [13, 13, 13.6],
			"to": [15, 15, 14],
			"faces": {
				"north": {"uv": [9, 4.5, 10, 5.5], "texture": "#2"},
				"east": {"uv": [7, 7, 8, 14], "texture": "#2"},
				"south": {"uv": [0, 0, 0, 0], "texture": "#2"},
				"west": {"uv": [7, 7, 8, 14], "texture": "#2"},
				"up": {"uv": [7, 7, 8, 14], "texture": "#2"},
				"down": {"uv": [7, 7, 8, 14], "texture": "#2"}
			}
		},
		{
			"from": [13, 1, 13.6],
			"to": [15, 3, 14],
			"faces": {
				"north": {"uv": [9, 5.5, 10, 6.5], "texture": "#2"},
				"east": {"uv": [7, 7, 8, 14], "texture": "#2"},
				"south": {"uv": [0, 0, 0, 0], "texture": "#2"},
				"west": {"uv": [7, 7, 8, 14], "texture": "#2"},
				"up": {"uv": [10.5, 9.75, 9.5, 9.5], "texture": "#2"},
				"down": {"uv": [7, 7, 8, 14], "texture": "#2"}
			}
		},
		{
			"from": [1, 1, 13.6],
			"to": [3, 3, 14],
			"faces": {
				"north": {"uv": [9, 6.5, 10, 7.5], "texture": "#2"},
				"east": {"uv": [10, 3.5, 10.25, 4.5], "texture": "#2"},
				"south": {"uv": [9, 7.5, 10, 8.5], "texture": "#2"},
				"west": {"uv": [10, 4.5, 10.25, 5.5], "texture": "#2"},
				"up": {"uv": [10.25, 3.5, 10, 4.5], "texture": "#2"},
				"down": {"uv": [10.25, 5.5, 10, 4.5], "texture": "#2"}
			}
		},
		{
			"from": [3, 0, 14],
			"to": [13, 1, 16],
			"faces": {
				"north": {"uv": [0, 0, 0, 0], "texture": "#2"},
				"east": {"uv": [7, 7, 8, 14], "texture": "#2"},
				"south": {"uv": [7, 7, 8, 14], "texture": "#2"},
				"west": {"uv": [7, 7, 8, 14], "texture": "#2"},
				"up": {"uv": [0, 0, 0, 0], "texture": "#2"},
				"down": {"uv": [7, 7, 8, 14], "texture": "#2"}
			}
		}
	],
	"gui_light": "front",
	"display": {
		"thirdperson_righthand": {
			"rotation": [77, 0, 0],
			"translation": [0, 5, 0],
			"scale": [0.65, 0.65, 0.65]
		},
		"thirdperson_lefthand": {
			"rotation": [77, 0, 0],
			"translation": [0, 5, 0],
			"scale": [0.65, 0.65, 0.65]
		},
		"firstperson_righthand": {
			"rotation": [0, -180, 0],
			"translation": [0, 1.5, 5],
			"scale": [0.65, 0.65, 0.65]
		},
		"firstperson_lefthand": {
			"rotation": [0, -180, 0],
			"translation": [0, 1.5, 5],
			"scale": [0.65, 0.65, 0.65]
		},
		"ground": {
			"rotation": [90, 0, 0],
			"translation": [0, 4.5, 0]
		},
		"gui": {
			"rotation": [0, 180, 0]
		},
		"head": {
			"translation": [0, -31.2, 0],
			"scale": [1.49, 1.49, 1.49]
		},
		"fixed": {
			"translation": [0, 0, -6.25]
		}
	},
	"groups": [
		{
			"name": "group",
			"origin": [0, 0, 0],
			"color": 0,
			"children": [0, 1, 2, 3, 4, 5, 6, 7, 8, 9, 10, 11, 12, 13, 14, 15]
		}
	]
}