{
	"credit": "Made with Blockbench",
	"texture_size": [256, 256],
	"textures": {
		"0": "item/blocks/dice",
		"particle": "item/blocks/dice"
	},
	"elements": [
		{
			"from": [2, 0, 2],
			"to": [4, 10, 4],
			"faces": {
				"north": {"uv": [6.25, 3.5, 6.75, 6], "texture": "#0"},
				"east": {"uv": [6.75, 3.5, 6.25, 6], "texture": "#0"},
				"south": {"uv": [6.25, 3.5, 6.75, 6], "texture": "#0"},
				"west": {"uv": [6.75, 3.5, 6.25, 6], "texture": "#0"}
			}
		},
		{
			"from": [11.5, 0, 1.5],
			"to": [14.5, 1, 4.5],
			"faces": {
				"north": {"uv": [6, 6, 6.75, 6.25], "texture": "#0"},
				"east": {"uv": [6, 6, 6.75, 6.25], "texture": "#0"},
				"south": {"uv": [6, 6, 6.75, 6.25], "texture": "#0"},
				"west": {"uv": [6, 6, 6.75, 6.25], "texture": "#0"},
				"up": {"uv": [7.5, 4.25, 6.75, 3.5], "texture": "#0"},
				"down": {"uv": [7.5, 3.5, 6.75, 4.25], "texture": "#0"}
			}
		},
		{
			"from": [12, 0, 12],
			"to": [14, 10, 14],
			"faces": {
				"north": {"uv": [6.25, 3.5, 6.75, 6], "texture": "#0"},
				"east": {"uv": [6.75, 3.5, 6.25, 6], "texture": "#0"},
				"south": {"uv": [6.25, 3.5, 6.75, 6], "texture": "#0"},
				"west": {"uv": [6.75, 3.5, 6.25, 6], "texture": "#0"}
			}
		},
		{
			"from": [12.5, 5.5, 4],
			"to": [13.5, 6.5, 12],
			"faces": {
				"east": {"uv": [3.875, 5.875, 6, 6.125], "texture": "#0"},
				"west": {"uv": [3.875, 5.875, 6, 6.125], "texture": "#0"},
				"up": {"uv": [6, 6.375, 3.875, 6.125], "rotation": 90, "texture": "#0"},
				"down": {"uv": [3.875, 6.625, 6, 6.375], "rotation": 90, "texture": "#0"}
			}
		},
		{
			"from": [2.5, 5.5, 4],
			"to": [3.5, 6.5, 12],
			"faces": {
				"east": {"uv": [3.875, 5.875, 6, 6.125], "texture": "#0"},
				"west": {"uv": [3.875, 5.875, 6, 6.125], "texture": "#0"},
				"up": {"uv": [6, 6.375, 3.875, 6.125], "rotation": 90, "texture": "#0"},
				"down": {"uv": [3.875, 6.625, 6, 6.375], "rotation": 90, "texture": "#0"}
			}
		},
		{
			"from": [4, 5.5, 2.5],
			"to": [12, 6.5, 3.5],
			"faces": {
				"north": {"uv": [3.875, 5.875, 6, 6.125], "texture": "#0"},
				"south": {"uv": [3.875, 5.875, 6, 6.125], "texture": "#0"},
				"up": {"uv": [6, 6.375, 3.875, 6.125], "texture": "#0"},
				"down": {"uv": [6, 6.375, 3.875, 6.625], "texture": "#0"}
			}
		},
		{
			"from": [4, 5.5, 12.5],
			"to": [12, 6.5, 13.5],
			"faces": {
				"north": {"uv": [3.875, 5.875, 6, 6.125], "texture": "#0"},
				"south": {"uv": [3.875, 5.875, 6, 6.125], "texture": "#0"},
				"up": {"uv": [6, 6.375, 3.875, 6.125], "texture": "#0"},
				"down": {"uv": [6, 6.375, 3.875, 6.625], "texture": "#0"}
			}
		},
		{
			"from": [1.5, 0, 11.5],
			"to": [4.5, 1, 14.5],
			"faces": {
				"north": {"uv": [6, 6, 6.75, 6.25], "texture": "#0"},
				"east": {"uv": [6, 6, 6.75, 6.25], "texture": "#0"},
				"south": {"uv": [6, 6, 6.75, 6.25], "texture": "#0"},
				"west": {"uv": [6, 6, 6.75, 6.25], "texture": "#0"},
				"up": {"uv": [7.5, 4.25, 6.75, 3.5], "texture": "#0"},
				"down": {"uv": [7.5, 3.5, 6.75, 4.25], "texture": "#0"}
			}
		},
		{
			"from": [2, 0, 12],
			"to": [4, 10, 14],
			"faces": {
				"north": {"uv": [6.75, 3.5, 6.25, 6], "texture": "#0"},
				"east": {"uv": [6.25, 3.5, 6.75, 6], "texture": "#0"},
				"south": {"uv": [6.75, 3.5, 6.25, 6], "texture": "#0"},
				"west": {"uv": [6.25, 3.5, 6.75, 6], "texture": "#0"}
			}
		},
		{
			"from": [0, 10, 0],
			"to": [16, 11, 16],
			"faces": {
				"north": {"uv": [4, 6.625, 8, 6.875], "texture": "#0"},
				"east": {"uv": [4, 6.625, 8, 6.875], "texture": "#0"},
				"south": {"uv": [4, 6.625, 8, 6.875], "texture": "#0"},
				"west": {"uv": [4, 6.625, 8, 6.875], "texture": "#0"},
				"up": {"uv": [4, 4, 0, 0], "texture": "#0"},
				"down": {"uv": [4, 4, 0, 8], "texture": "#0"}
			}
		},
		{
			"from": [0, 11, 0],
			"to": [16, 11.5, 1],
			"faces": {
				"north": {"uv": [4.1875, 7.125, 7.9375, 7.25], "texture": "#0"},
				"east": {"uv": [4.3125, 7.25, 4.5625, 7.375], "texture": "#0"},
				"south": {"uv": [4, 7.25, 8, 7.375], "texture": "#0"},
				"west": {"uv": [4.375, 7.25, 4.625, 7.375], "texture": "#0"},
				"up": {"uv": [8, 7.5, 4, 7.25], "texture": "#0"}
			}
		},
		{
			"from": [0, 11, 15],
			"to": [16, 11.5, 16],
			"faces": {
				"north": {"uv": [4, 7.125, 8, 7.25], "texture": "#0"},
				"east": {"uv": [4.25, 7.25, 4.5, 7.375], "texture": "#0"},
				"south": {"uv": [4, 7.125, 8, 7.25], "texture": "#0"},
				"west": {"uv": [4.25, 7.25, 4.5, 7.375], "texture": "#0"},
				"up": {"uv": [8, 7.25, 4, 7.5], "texture": "#0"}
			}
		},
		{
			"from": [0, 11, 1],
			"to": [1, 11.5, 15],
			"faces": {
				"east": {"uv": [4.1875, 7.25, 7.6875, 7.375], "texture": "#0"},
				"south": {"uv": [4.4375, 7.25, 4.6875, 7.375], "texture": "#0"},
				"west": {"uv": [4.3125, 7.25, 7.8125, 7.375], "texture": "#0"},
				"up": {"uv": [7.75, 7.25, 4.25, 7.5], "rotation": 90, "texture": "#0"}
			}
		},
		{
			"from": [15, 11, 1],
			"to": [16, 11.5, 15],
			"faces": {
				"east": {"uv": [4.25, 7.25, 7.75, 7.375], "texture": "#0"},
				"west": {"uv": [4.25, 7.25, 7.75, 7.375], "texture": "#0"},
				"up": {"uv": [7.75, 7.5, 4.25, 7.25], "rotation": 90, "texture": "#0"}
			}
		},
		{
			"from": [1.5, 11, 3],
			"to": [2.5, 11.5, 4],
			"faces": {
				"north": {"uv": [6, 6.5, 6.25, 6.4375], "texture": "#0"},
				"east": {"uv": [6, 6.25, 6.25, 6.3125], "texture": "#0"},
				"south": {"uv": [6, 6.25, 6.25, 6.3125], "texture": "#0"},
				"west": {"uv": [6.25, 6.5, 6, 6.4375], "texture": "#0"},
				"up": {"uv": [6.25, 6.5, 6, 6.25], "texture": "#0"},
				"down": {"uv": [6.25, 6.25, 6, 6.5], "texture": "#0"}
			}
		},
		{
			"from": [1.4, 11.5, 3],
			"to": [2.4, 12, 4],
			"faces": {
				"north": {"uv": [6.25, 6.4375, 6, 6.5], "texture": "#0"},
				"east": {"uv": [6, 6.4375, 6.25, 6.5], "texture": "#0"},
				"south": {"uv": [6, 6.25, 6.25, 6.3125], "texture": "#0"},
				"west": {"uv": [6, 6.25, 6.25, 6.3125], "texture": "#0"},
				"up": {"uv": [6, 6.5, 6.25, 6.25], "texture": "#0"},
				"down": {"uv": [6.25, 6.25, 6, 6.5], "texture": "#0"}
			}
		},
		{
			"from": [1.4, 12, 3.2],
			"to": [2.4, 12.5, 4.2],
			"faces": {
				"north": {"uv": [6, 6.4375, 6.25, 6.5], "texture": "#0"},
				"east": {"uv": [6, 6.25, 6.25, 6.3125], "texture": "#0"},
				"south": {"uv": [6, 6.25, 6.25, 6.3125], "texture": "#0"},
				"west": {"uv": [6.25, 6.4375, 6, 6.5], "texture": "#0"},
				"up": {"uv": [6.25, 6.5, 6, 6.25], "texture": "#0"},
				"down": {"uv": [6.25, 6.25, 6, 6.5], "texture": "#0"}
			}
		},
		{
			"from": [4.5, 12, -1.3],
			"to": [5.5, 12.5, -0.3],
			"rotation": {"angle": -45, "axis": "y", "origin": [0, 0, 0]},
			"faces": {
				"north": {"uv": [6, 6.25, 6.25, 6.3125], "texture": "#0"},
				"east": {"uv": [6, 6.25, 6.25, 6.3125], "texture": "#0"},
				"south": {"uv": [6.25, 6.4375, 6, 6.5], "texture": "#0"},
				"west": {"uv": [6, 6.4375, 6.25, 6.5], "texture": "#0"},
				"up": {"uv": [6.25, 6.5, 6, 6.25], "rotation": 270, "texture": "#0"},
				"down": {"uv": [6.25, 6.25, 6, 6.5], "rotation": 90, "texture": "#0"}
			}
		},
		{
			"from": [4.5, 11.5, -1.1],
			"to": [5.5, 12, -0.1],
			"rotation": {"angle": -45, "axis": "y", "origin": [0, 0, 0]},
			"faces": {
				"north": {"uv": [6, 6.25, 6.25, 6.3125], "texture": "#0"},
				"east": {"uv": [6, 6.25, 6.25, 6.3125], "texture": "#0"},
				"south": {"uv": [6.25, 6.4375, 6, 6.5], "texture": "#0"},
				"west": {"uv": [6, 6.4375, 6.25, 6.5], "texture": "#0"},
				"up": {"uv": [6.25, 6.5, 6, 6.25], "rotation": 270, "texture": "#0"},
				"down": {"uv": [6.25, 6.25, 6, 6.5], "rotation": 90, "texture": "#0"}
			}
		},
		{
			"from": [4.3, 11, -1.2],
			"to": [5.3, 11.5, -0.2],
			"rotation": {"angle": -45, "axis": "y", "origin": [0, 0, 0]},
			"faces": {
				"north": {"uv": [6, 6.25, 6.25, 6.3125], "texture": "#0"},
				"east": {"uv": [6, 6.25, 6.25, 6.3125], "texture": "#0"},
				"south": {"uv": [6.25, 6.4375, 6, 6.5], "texture": "#0"},
				"west": {"uv": [6, 6.4375, 6.25, 6.5], "texture": "#0"},
				"up": {"uv": [6.25, 6.5, 6, 6.25], "rotation": 270, "texture": "#0"},
				"down": {"uv": [6.25, 6.25, 6, 6.5], "rotation": 90, "texture": "#0"}
			}
		},
		{
			"from": [3, 11, -0.7],
			"to": [4, 11.5, 0.3],
			"rotation": {"angle": -45, "axis": "y", "origin": [0, 0, 0]},
			"faces": {
				"north": {"uv": [6, 6.25, 6.25, 6.3125], "texture": "#0"},
				"east": {"uv": [6, 6.25, 6.25, 6.3125], "texture": "#0"},
				"south": {"uv": [6.25, 6.4375, 6, 6.5], "texture": "#0"},
				"west": {"uv": [6, 6.4375, 6.25, 6.5], "texture": "#0"},
				"up": {"uv": [6.25, 6.5, 6, 6.25], "rotation": 270, "texture": "#0"},
				"down": {"uv": [6.25, 6.25, 6, 6.5], "rotation": 90, "texture": "#0"}
			}
		},
		{
			"from": [3, 11.5, -0.6],
			"to": [4, 12, 0.4],
			"rotation": {"angle": -45, "axis": "y", "origin": [0, 0, 0]},
			"faces": {
				"north": {"uv": [6, 6.25, 6.25, 6.3125], "texture": "#0"},
				"east": {"uv": [6, 6.25, 6.25, 6.3125], "texture": "#0"},
				"south": {"uv": [6.25, 6.4375, 6, 6.5], "texture": "#0"},
				"west": {"uv": [6, 6.4375, 6.25, 6.5], "texture": "#0"},
				"up": {"uv": [6.25, 6.5, 6, 6.25], "rotation": 270, "texture": "#0"},
				"down": {"uv": [6.25, 6.25, 6, 6.5], "rotation": 90, "texture": "#0"}
			}
		},
		{
			"from": [3.2, 12, -0.6],
			"to": [4.2, 12.5, 0.4],
			"rotation": {"angle": -45, "axis": "y", "origin": [0, 0, 0]},
			"faces": {
				"north": {"uv": [6, 6.25, 6.25, 6.3125], "texture": "#0"},
				"east": {"uv": [6, 6.25, 6.25, 6.3125], "texture": "#0"},
				"south": {"uv": [6.25, 6.4375, 6, 6.5], "texture": "#0"},
				"west": {"uv": [6, 6.4375, 6.25, 6.5], "texture": "#0"},
				"up": {"uv": [6.25, 6.5, 6, 6.25], "rotation": 270, "texture": "#0"},
				"down": {"uv": [15.5, 21.5, 15, 22], "rotation": 90, "texture": "#0"}
			}
		},
		{
			"from": [2.6, 12, 5],
			"to": [3.6, 12.5, 6],
			"rotation": {"angle": 22.5, "axis": "y", "origin": [0, 0, 0]},
			"faces": {
				"north": {"uv": [6, 6.25, 6.25, 6.3125], "texture": "#0"},
				"east": {"uv": [6, 6.25, 6.25, 6.3125], "texture": "#0"},
				"south": {"uv": [6.25, 6.4375, 6, 6.5], "texture": "#0"},
				"west": {"uv": [6, 6.4375, 6.25, 6.5], "texture": "#0"},
				"up": {"uv": [6.25, 6.5, 6, 6.25], "rotation": 270, "texture": "#0"},
				"down": {"uv": [6.25, 6.25, 6, 6.5], "rotation": 90, "texture": "#0"}
			}
		},
		{
			"from": [2.6, 11.5, 5.2],
			"to": [3.6, 12, 6.2],
			"rotation": {"angle": 22.5, "axis": "y", "origin": [0, 0, 0]},
			"faces": {
				"north": {"uv": [6, 6.25, 6.25, 6.3125], "texture": "#0"},
				"east": {"uv": [6, 6.25, 6.25, 6.3125], "texture": "#0"},
				"south": {"uv": [6.25, 6.4375, 6, 6.5], "texture": "#0"},
				"west": {"uv": [6, 6.4375, 6.25, 6.5], "texture": "#0"},
				"up": {"uv": [6.25, 6.5, 6, 6.25], "rotation": 270, "texture": "#0"},
				"down": {"uv": [6.25, 6.25, 6, 6.5], "rotation": 90, "texture": "#0"}
			}
		},
		{
			"from": [2.4, 11, 5.1],
			"to": [3.4, 11.5, 6.1],
			"rotation": {"angle": 22.5, "axis": "y", "origin": [0, 0, 0]},
			"faces": {
				"north": {"uv": [6, 6.25, 6.25, 6.3125], "texture": "#0"},
				"east": {"uv": [6, 6.25, 6.25, 6.3125], "texture": "#0"},
				"south": {"uv": [6.25, 6.4375, 6, 6.5], "texture": "#0"},
				"west": {"uv": [6, 6.4375, 6.25, 6.5], "texture": "#0"},
				"up": {"uv": [6.25, 6.5, 6, 6.25], "rotation": 270, "texture": "#0"},
				"down": {"uv": [6.25, 6.25, 6, 6.5], "rotation": 90, "texture": "#0"}
			}
		},
		{
			"from": [1.1, 11, 5.6],
			"to": [2.1, 11.5, 6.6],
			"rotation": {"angle": 22.5, "axis": "y", "origin": [0, 0, 0]},
			"faces": {
				"north": {"uv": [6, 6.25, 6.25, 6.3125], "texture": "#0"},
				"east": {"uv": [6, 6.25, 6.25, 6.3125], "texture": "#0"},
				"south": {"uv": [6.25, 6.4375, 6, 6.5], "texture": "#0"},
				"west": {"uv": [6, 6.4375, 6.25, 6.5], "texture": "#0"},
				"up": {"uv": [6.25, 6.5, 6, 6.25], "rotation": 270, "texture": "#0"},
				"down": {"uv": [6.25, 6.25, 6, 6.5], "rotation": 90, "texture": "#0"}
			}
		},
		{
			"from": [1.1, 11.5, 5.7],
			"to": [2.1, 12, 6.7],
			"rotation": {"angle": 22.5, "axis": "y", "origin": [0, 0, 0]},
			"faces": {
				"north": {"uv": [6, 6.25, 6.25, 6.3125], "texture": "#0"},
				"east": {"uv": [6, 6.25, 6.25, 6.3125], "texture": "#0"},
				"south": {"uv": [6.25, 6.4375, 6, 6.5], "texture": "#0"},
				"west": {"uv": [6, 6.4375, 6.25, 6.5], "texture": "#0"},
				"up": {"uv": [6.25, 6.5, 6, 6.25], "rotation": 270, "texture": "#0"},
				"down": {"uv": [6.25, 6.25, 6, 6.5], "rotation": 90, "texture": "#0"}
			}
		},
		{
			"from": [1.3, 12, 5.7],
			"to": [2.3, 12.5, 6.7],
			"rotation": {"angle": 22.5, "axis": "y", "origin": [0, 0, 0]},
			"faces": {
				"north": {"uv": [6, 6.25, 6.25, 6.3125], "texture": "#0"},
				"east": {"uv": [6, 6.25, 6.25, 6.3125], "texture": "#0"},
				"south": {"uv": [6.25, 6.4375, 6, 6.5], "texture": "#0"},
				"west": {"uv": [6, 6.4375, 6.25, 6.5], "texture": "#0"},
				"up": {"uv": [6.25, 6.5, 6, 6.25], "rotation": 270, "texture": "#0"},
				"down": {"uv": [6.25, 6.25, 6, 6.5], "rotation": 90, "texture": "#0"}
			}
		},
		{
			"from": [2, 11, 4.3],
			"to": [3, 11.5, 5.3],
			"faces": {
				"north": {"uv": [6, 6.4375, 6.25, 6.5], "texture": "#0"},
				"east": {"uv": [6, 6.25, 6.25, 6.3125], "texture": "#0"},
				"south": {"uv": [6, 6.25, 6.25, 6.3125], "texture": "#0"},
				"west": {"uv": [6.25, 6.4375, 6, 6.5], "texture": "#0"},
				"up": {"uv": [6.25, 6.5, 6, 6.25], "texture": "#0"},
				"down": {"uv": [6.25, 6.25, 6, 6.5], "texture": "#0"}
			}
		},
		{
			"from": [1.9, 11.5, 4.5],
			"to": [2.9, 12, 5.5],
			"faces": {
				"north": {"uv": [6, 6.4375, 6.25, 6.5], "texture": "#0"},
				"east": {"uv": [6, 6.25, 6.25, 6.3125], "texture": "#0"},
				"south": {"uv": [6, 6.25, 6.25, 6.3125], "texture": "#0"},
				"west": {"uv": [6.25, 6.4375, 6, 6.5], "texture": "#0"},
				"up": {"uv": [6.25, 6.5, 6, 6.25], "texture": "#0"},
				"down": {"uv": [6.25, 6.25, 6, 6.5], "texture": "#0"}
			}
		},
		{
			"from": [2.1, 12, 4.5],
			"to": [3.1, 12.5, 5.5],
			"faces": {
				"north": {"uv": [6, 6.4375, 6.25, 6.5], "texture": "#0"},
				"east": {"uv": [6, 6.25, 6.25, 6.3125], "texture": "#0"},
				"south": {"uv": [6, 6.25, 6.25, 6.3125], "texture": "#0"},
				"west": {"uv": [6.25, 6.4375, 6, 6.5], "texture": "#0"},
				"up": {"uv": [6.25, 6.5, 6, 6.25], "texture": "#0"},
				"down": {"uv": [6.25, 6.25, 6, 6.5], "texture": "#0"}
			}
		},
		{
			"from": [1, 9, 1],
			"to": [15, 10, 15],
			"faces": {
				"north": {"uv": [4, 6.875, 7.5, 7.125], "texture": "#0"},
				"east": {"uv": [4, 6.875, 7.5, 7.125], "texture": "#0"},
				"south": {"uv": [4, 6.875, 7.5, 7.125], "texture": "#0"},
				"west": {"uv": [4, 6.875, 7.5, 7.125], "texture": "#0"},
				"up": {"uv": [7.5, 3.5, 4, 0], "texture": "#0"},
				"down": {"uv": [7.5, 0, 4, 3.375], "texture": "#0"}
			}
		},
		{
			"from": [11.5, 0, 11.5],
			"to": [14.5, 1, 14.5],
			"faces": {
				"north": {"uv": [6, 6, 6.75, 6.25], "texture": "#0"},
				"east": {"uv": [6, 6, 6.75, 6.25], "texture": "#0"},
				"south": {"uv": [6, 6, 6.75, 6.25], "texture": "#0"},
				"west": {"uv": [6, 6, 6.75, 6.25], "texture": "#0"},
				"up": {"uv": [7.5, 4.25, 6.75, 3.5], "texture": "#0"},
				"down": {"uv": [7.5, 3.5, 6.75, 4.25], "texture": "#0"}
			}
		},
		{
			"from": [12, 0, 2],
			"to": [14, 10, 4],
			"faces": {
				"north": {"uv": [6.75, 3.5, 6.25, 6], "texture": "#0"},
				"east": {"uv": [6.25, 3.5, 6.75, 6], "texture": "#0"},
				"south": {"uv": [6.75, 3.5, 6.25, 6], "texture": "#0"},
				"west": {"uv": [6.25, 3.5, 6.75, 6], "texture": "#0"}
			}
		},
		{
			"from": [1.5, 0, 1.5],
			"to": [4.5, 1, 4.5],
			"faces": {
				"north": {"uv": [6, 6, 6.75, 6.25], "texture": "#0"},
				"east": {"uv": [6, 6, 6.75, 6.25], "texture": "#0"},
				"south": {"uv": [6, 6, 6.75, 6.25], "texture": "#0"},
				"west": {"uv": [6, 6, 6.75, 6.25], "texture": "#0"},
				"up": {"uv": [7.5, 4.25, 6.75, 3.5], "texture": "#0"},
				"down": {"uv": [7.5, 3.5, 6.75, 4.25], "texture": "#0"}
			}
		},
		{
			"from": [11.2, 11, 2.4],
			"to": [12.6, 12.4, 3.8],
			"rotation": {"angle": -45, "axis": "y", "origin": [0, 0, 0]},
			"faces": {
				"north": {"uv": [4.625, 3.5, 5.25, 4.125], "texture": "#0"},
				"east": {"uv": [4, 4.0625, 4.5625, 4.625], "texture": "#0"},
				"south": {"uv": [4, 4.625, 4.5625, 5.1875], "texture": "#0"},
				"west": {"uv": [4.5625, 4.625, 5.125, 5.1875], "texture": "#0"},
				"up": {"uv": [5.125, 5.75, 4.5, 5.125], "texture": "#0"},
				"down": {"uv": [5.125, 4.625, 4.5625, 5.1875], "texture": "#0"}
			}
		},
		{
			"from": [8.2, 11, 6.4],
			"to": [9.6, 12.4, 7.8],
			"faces": {
				"north": {"uv": [4.5625, 4.625, 5.125, 5.1875], "texture": "#0"},
				"east": {"uv": [4.5, 5.125, 5.125, 5.75], "texture": "#0"},
				"south": {"uv": [4.625, 3.5, 5.25, 4.125], "texture": "#0"},
				"west": {"uv": [4, 4.625, 4.5625, 5.1875], "texture": "#0"},
				"up": {"uv": [4.5625, 4.625, 4, 4.0625], "texture": "#0"},
				"down": {"uv": [4.5625, 3.5, 4, 4.0625], "texture": "#0"}
			}
		},
		{
			"from": [10.6, 11, 10.8],
			"to": [12.6, 11.3, 12.8],
			"faces": {
				"north": {"uv": [5.25, 4.0625, 5.75, 4.125], "texture": "#0"},
				"east": {"uv": [5.25, 4.0625, 5.75, 4.125], "texture": "#0"},
				"south": {"uv": [5.25, 4.0625, 5.75, 4.125], "texture": "#0"},
				"west": {"uv": [5.25, 4.0625, 5.75, 4.125], "texture": "#0"},
				"up": {"uv": [5.75, 4.125, 5.25, 4.0625], "texture": "#0"},
				"down": {"uv": [5.75, 4.0625, 5.25, 4.125], "texture": "#0"}
			}
		},
		{
			"from": [12.6, 11.3, 10.8],
			"to": [12.9, 13.9, 12.8],
			"faces": {
				"north": {"uv": [5.6875, 3.5, 5.75, 4.125], "texture": "#0"},
				"east": {"uv": [5.25, 3.5, 5.75, 4.125], "texture": "#0"},
				"south": {"uv": [5.25, 3.5, 5.3125, 4.125], "texture": "#0"},
				"west": {"uv": [5.25, 3.5, 5.75, 4.125], "texture": "#0"},
				"up": {"uv": [5.75, 3.5625, 5.25, 3.5], "rotation": 90, "texture": "#0"},
				"down": {"uv": [5.25, 4.125, 5.75, 4.0625], "rotation": 90, "texture": "#0"}
			}
		},
		{
			"from": [10.3, 11.3, 10.8],
			"to": [10.6, 13.9, 12.8],
			"faces": {
				"north": {"uv": [5.25, 3.5, 5.3125, 4.125], "texture": "#0"},
				"east": {"uv": [5.25, 3.5, 5.75, 4.125], "texture": "#0"},
				"south": {"uv": [5.6875, 3.5, 5.75, 4.125], "texture": "#0"},
				"west": {"uv": [5.25, 3.5, 5.75, 4.125], "texture": "#0"},
				"up": {"uv": [5.75, 3.5625, 5.25, 3.5], "rotation": 90, "texture": "#0"},
				"down": {"uv": [5.25, 4.125, 5.75, 4.0625], "rotation": 90, "texture": "#0"}
			}
		},
		{
			"from": [10.6, 11.3, 10.5],
			"to": [12.6, 13.9, 10.8],
			"faces": {
				"north": {"uv": [5.25, 3.5, 5.75, 4.125], "texture": "#0"},
				"east": {"uv": [5.25, 3.5, 5.3125, 4.125], "texture": "#0"},
				"south": {"uv": [5.25, 3.5, 5.75, 4.125], "texture": "#0"},
				"west": {"uv": [5.6875, 3.5, 5.75, 4.125], "texture": "#0"},
				"up": {"uv": [5.75, 3.5625, 5.25, 3.5], "texture": "#0"},
				"down": {"uv": [3.5, 6.5625, 3, 6.625], "texture": "#0"}
			}
		},
		{
			"from": [10.6, 11.3, 12.8],
			"to": [12.6, 13.9, 13.1],
			"faces": {
				"north": {"uv": [5.25, 3.5, 5.75, 4.125], "texture": "#0"},
				"east": {"uv": [5.6875, 3.5, 5.75, 4.125], "texture": "#0"},
				"south": {"uv": [5.25, 3.5, 5.75, 4.125], "texture": "#0"},
				"west": {"uv": [5.25, 3.5, 5.3125, 4.125], "texture": "#0"},
				"up": {"uv": [5.75, 3.5625, 5.25, 3.5], "texture": "#0"},
				"down": {"uv": [5.75, 4.0625, 5.25, 4.125], "texture": "#0"}
			}
		}
	],
	"gui_light": "front",
	"display": {
		"thirdperson_righthand": {
			"scale": [0.5, 0.5, 0.5]
		},
		"thirdperson_lefthand": {
			"scale": [0.5, 0.5, 0.5]
		},
		"firstperson_righthand": {
			"scale": [0.5, 0.5, 0.5]
		},
		"firstperson_lefthand": {
			"scale": [0.5, 0.5, 0.5]
		},
		"ground": {
			"translation": [0, 4.5, 0]
		},
		"gui": {
			"rotation": [90, 0, 0]
		},
		"head": {
			"translation": [0, -31, 0],
			"scale": [1.51, 1.51, 1.51]
		},
		"fixed": {
			"rotation": [-90, 0, 0]
		}
	},
	"groups": [
		{
			"name": "group",
			"origin": [0, 0, 0],
			"color": 0,
			"children": [0, 1, 2, 3, 4, 5, 6, 7, 8, 9, 10, 11, 12, 13, 14, 15, 16, 17, 18, 19, 20, 21, 22, 23, 24, 25, 26, 27, 28, 29, 30, 31, 32, 33, 34, 35, 36, 37, 38, 39, 40, 41, 42]
		}
	]
}