{
	"credit": "Made with Blockbench",
	"texture_size": [62, 62],
	"textures": {
		"0": "item/blocks/doubleroulette",
		"particle": "item/blocks/doubleroulette"
	},
	"elements": [
		{
			"from": [-8, 13, -6],
			"to": [24, 15, 22],
			"faces": {
				"north": {"uv": [0.12501, 13.50164, 7.87595, 14.0017], "texture": "#0"},
				"east": {"uv": [0.50006, 13.50164, 7.50092, 14.0017], "texture": "#0"},
				"south": {"uv": [0.12501, 13.50164, 7.87595, 14.0017], "texture": "#0"},
				"west": {"uv": [0.37505, 13.50164, 7.37589, 14.0017], "texture": "#0"},
				"up": {"uv": [8.00097, 7.00085, 0, 0], "texture": "#0"},
				"down": {"uv": [8.00097, 7.00085, 0, 14.0017], "texture": "#0"}
			}
		},
		{
			"from": [-7, 12, -4],
			"to": [23, 13, 20],
			"faces": {
				"north": {"uv": [1.12514, 9.00109, 5.93822, 9.25113], "texture": "#0"},
				"east": {"uv": [0.87511, 9.18862, 6.87583, 9.43865], "texture": "#0"},
				"south": {"uv": [0.43755, 8.87608, 6.37578, 9.0636], "texture": "#0"},
				"west": {"uv": [0.50006, 8.93859, 6.50079, 9.18862], "texture": "#0"},
				"down": {"uv": [7.62593, 7.31339, 0.12501, 13.31412], "texture": "#0"}
			}
		},
		{
			"from": [-8, 14, -6],
			"to": [24, 16, -4],
			"rotation": {"angle": 0, "axis": "y", "origin": [0, 0, -26]},
			"faces": {
				"north": {"uv": [7.75094, 15.50188, 0, 15.00182], "rotation": 180, "texture": "#0"},
				"east": {"uv": [1.93774, 15.00182, 2.4378, 15.50188], "texture": "#0"},
				"south": {"uv": [0, 14.50176, 8.00097, 15.00182], "texture": "#0"},
				"west": {"uv": [0.87511, 15.00182, 1.37516, 15.50188], "texture": "#0"},
				"up": {"uv": [8.00097, 14.0017, 0, 14.50176], "texture": "#0"}
			}
		},
		{
			"from": [14.75, 14, 20],
			"to": [24, 16, 22],
			"rotation": {"angle": 0, "axis": "y", "origin": [0, 0, 26]},
			"faces": {
				"north": {"uv": [2.75033, 14.50176, 5.00061, 15.00182], "texture": "#0"},
				"east": {"uv": [3.62544, 15.00182, 4.1255, 15.50188], "texture": "#0"},
				"south": {"uv": [5.00061, 15.50188, 2.75033, 15.00182], "rotation": 180, "texture": "#0"},
				"west": {"uv": [4.56306, 14.50176, 5.06312, 14.0017], "texture": "#0"},
				"up": {"uv": [10.00121, 7.25088, 9.50115, 9.50115], "rotation": 90, "texture": "#0"}
			}
		},
		{
			"from": [-8, 14, 20],
			"to": [1, 16, 22],
			"rotation": {"angle": 0, "axis": "y", "origin": [0, 0, 26]},
			"faces": {
				"north": {"uv": [4.18801, 14.50176, 6.43828, 15.00182], "texture": "#0"},
				"east": {"uv": [1.87522, 14.50176, 2.37529, 15.00182], "texture": "#0"},
				"south": {"uv": [4.1255, 15.00182, 1.87522, 15.50188], "texture": "#0"},
				"west": {"uv": [4.9381, 15.00182, 5.43816, 15.50188], "texture": "#0"},
				"up": {"uv": [10.00121, 9.50115, 9.50115, 7.25088], "rotation": 90, "texture": "#0"}
			}
		},
		{
			"from": [30, 13, 1],
			"to": [32, 15, 15],
			"faces": {
				"north": {"uv": [2.68782, 13.50164, 3.18788, 14.0017], "texture": "#0"},
				"east": {"uv": [2.4378, 13.50164, 5.93822, 14.0017], "texture": "#0"},
				"south": {"uv": [1.75021, 13.50164, 2.25027, 14.0017], "texture": "#0"},
				"down": {"uv": [8.00097, 6.50079, 8.50103, 10.00121], "texture": "#0"}
			}
		},
		{
			"from": [30, 15, 1],
			"to": [32, 16, 15],
			"faces": {
				"north": {"uv": [1.87522, 15.00182, 2.37529, 15.25186], "texture": "#0"},
				"east": {"uv": [3.18788, 15.00182, 6.68832, 15.25186], "texture": "#0"},
				"south": {"uv": [3.62544, 15.00182, 4.1255, 15.25186], "texture": "#0"},
				"west": {"uv": [2.37529, 14.50176, 5.87572, 14.7518], "texture": "#0"},
				"up": {"uv": [8.50103, 10.00121, 9.00109, 6.50079], "texture": "#0"}
			}
		},
		{
			"from": [-16, 15, 1],
			"to": [-14, 16, 15],
			"faces": {
				"north": {"uv": [2.62532, 15.00182, 3.12538, 15.25186], "texture": "#0"},
				"east": {"uv": [2.25027, 14.50176, 5.7507, 14.7518], "texture": "#0"},
				"south": {"uv": [3.93798, 15.00182, 4.43804, 15.25186], "texture": "#0"},
				"west": {"uv": [2.62532, 15.00182, 6.12574, 15.25186], "texture": "#0"},
				"up": {"uv": [9.00109, 10.00121, 8.50103, 6.50079], "texture": "#0"}
			}
		},
		{
			"from": [28, 15, 15],
			"to": [30, 16, 18],
			"faces": {
				"north": {"uv": [3.18788, 14.50176, 3.68795, 14.7518], "texture": "#0"},
				"east": {"uv": [2.75033, 15.00182, 3.50042, 15.25186], "texture": "#0"},
				"south": {"uv": [1.12514, 15.00182, 1.6252, 15.25186], "texture": "#0"},
				"west": {"uv": [2.31278, 14.50176, 3.06287, 14.7518], "texture": "#0"},
				"up": {"uv": [9.50115, 7.25088, 10.00121, 6.50079], "texture": "#0"}
			}
		},
		{
			"from": [-14, 15, 15],
			"to": [-12, 16, 18],
			"faces": {
				"north": {"uv": [1.12514, 14.50176, 1.6252, 14.7518], "texture": "#0"},
				"east": {"uv": [0.8126, 14.50176, 1.56269, 14.7518], "texture": "#0"},
				"south": {"uv": [2.00025, 15.00182, 2.50031, 15.25186], "texture": "#0"},
				"west": {"uv": [1.50019, 15.00182, 2.25027, 15.25186], "texture": "#0"},
				"up": {"uv": [10.00121, 7.25088, 9.50115, 6.50079], "texture": "#0"}
			}
		},
		{
			"from": [28, 15, -2],
			"to": [30, 16, 1],
			"faces": {
				"north": {"uv": [1.87522, 15.00182, 2.37529, 15.25186], "texture": "#0"},
				"east": {"uv": [5.68819, 15.00182, 6.43828, 15.25186], "texture": "#0"},
				"south": {"uv": [2.93786, 14.50176, 3.43792, 14.7518], "texture": "#0"},
				"west": {"uv": [2.50031, 14.50176, 3.2504, 14.7518], "texture": "#0"},
				"up": {"uv": [9.50115, 6.50079, 10.00121, 7.25088], "texture": "#0"}
			}
		},
		{
			"from": [-14, 15, -2],
			"to": [-12, 16, 1],
			"faces": {
				"north": {"uv": [0.93761, 15.00182, 1.43767, 15.25186], "texture": "#0"},
				"east": {"uv": [3.06287, 14.50176, 3.81296, 14.7518], "texture": "#0"},
				"south": {"uv": [2.00025, 14.50176, 2.50031, 14.7518], "texture": "#0"},
				"west": {"uv": [1.25015, 15.00182, 2.00025, 15.25186], "texture": "#0"},
				"up": {"uv": [10.00121, 6.50079, 9.50115, 7.25088], "texture": "#0"}
			}
		},
		{
			"from": [-16, 13, 1],
			"to": [-14, 15, 15],
			"faces": {
				"north": {"uv": [0.43755, 13.50164, 0.93761, 14.0017], "texture": "#0"},
				"south": {"uv": [6.50079, 13.50164, 7.00085, 14.0017], "texture": "#0"},
				"west": {"uv": [1.6252, 13.50164, 5.12562, 14.0017], "texture": "#0"},
				"down": {"uv": [8.50103, 6.50079, 8.00097, 10.00121], "texture": "#0"}
			}
		},
		{
			"from": [28, 13, -2],
			"to": [30, 15, 18],
			"faces": {
				"north": {"uv": [2.68782, 13.50164, 3.18788, 14.0017], "texture": "#0"},
				"east": {"uv": [1.6252, 13.50164, 6.62581, 14.0017], "texture": "#0"},
				"south": {"uv": [1.25015, 13.50164, 1.75021, 14.0017], "texture": "#0"},
				"up": {"uv": [10.00121, 14.50176, 9.50115, 9.50115], "texture": "#0"},
				"down": {"uv": [9.00109, 6.50079, 9.50115, 11.5014], "texture": "#0"}
			}
		},
		{
			"from": [-14, 13, -2],
			"to": [-12, 15, 18],
			"faces": {
				"north": {"uv": [2.12526, 13.50164, 2.62532, 14.0017], "texture": "#0"},
				"south": {"uv": [4.62556, 13.50164, 5.12562, 14.0017], "texture": "#0"},
				"west": {"uv": [1.87522, 13.50164, 6.87583, 14.0017], "texture": "#0"},
				"up": {"uv": [9.50115, 14.50176, 10.00121, 9.50115], "texture": "#0"},
				"down": {"uv": [9.50115, 6.50079, 9.00109, 11.5014], "texture": "#0"}
			}
		},
		{
			"from": [24, 13, -5],
			"to": [28, 15, 21],
			"faces": {
				"north": {"uv": [2.93786, 13.50164, 3.93798, 14.0017], "texture": "#0"},
				"east": {"uv": [0.18752, 13.50164, 6.68832, 14.0017], "texture": "#0"},
				"south": {"uv": [3.56293, 13.50164, 4.56306, 14.0017], "texture": "#0"},
				"up": {"uv": [11.06384, 15.50188, 10.06372, 9.00109], "texture": "#0"},
				"down": {"uv": [10.00121, 0, 9.00109, 6.50079], "texture": "#0"}
			}
		},
		{
			"from": [24, 15, 18],
			"to": [28, 16, 21],
			"faces": {
				"north": {"uv": [5.12562, 14.50176, 6.12574, 14.7518], "texture": "#0"},
				"east": {"uv": [3.62544, 15.00182, 4.37553, 15.25186], "texture": "#0"},
				"south": {"uv": [5.87572, 15.00182, 6.87583, 15.25186], "texture": "#0"},
				"west": {"uv": [4.68807, 14.50176, 5.43816, 14.7518], "texture": "#0"},
				"up": {"uv": [9.00109, 10.7513, 8.00097, 10.00121], "texture": "#0"}
			}
		},
		{
			"from": [-12, 15, 18],
			"to": [-8, 16, 21],
			"faces": {
				"north": {"uv": [2.06275, 14.50176, 3.06287, 14.7518], "texture": "#0"},
				"east": {"uv": [3.81296, 14.50176, 4.56306, 14.7518], "texture": "#0"},
				"south": {"uv": [2.93786, 15.00182, 3.93798, 15.25186], "texture": "#0"},
				"west": {"uv": [3.00036, 15.00182, 3.75046, 15.25186], "texture": "#0"},
				"up": {"uv": [8.00097, 10.7513, 9.00109, 10.00121], "texture": "#0"}
			}
		},
		{
			"from": [24, 15, -5],
			"to": [28, 16, -2],
			"faces": {
				"north": {"uv": [2.62532, 15.00182, 3.62544, 15.25186], "texture": "#0"},
				"east": {"uv": [3.06287, 15.00182, 3.81296, 15.25186], "texture": "#0"},
				"south": {"uv": [1.88773, 14.51427, 2.88786, 14.76429], "texture": "#0"},
				"west": {"uv": [3.2504, 14.50176, 4.00048, 14.7518], "texture": "#0"},
				"up": {"uv": [9.00109, 10.00121, 8.00097, 10.7513], "texture": "#0"}
			}
		},
		{
			"from": [-12, 15, -5],
			"to": [-8, 16, -2],
			"faces": {
				"north": {"uv": [2.87535, 15.00182, 3.87547, 15.25186], "texture": "#0"},
				"east": {"uv": [3.68795, 14.50176, 4.43804, 14.7518], "texture": "#0"},
				"south": {"uv": [4.37553, 14.50176, 5.37566, 14.7518], "texture": "#0"},
				"west": {"uv": [3.81296, 15.00182, 4.56306, 15.25186], "texture": "#0"},
				"up": {"uv": [8.00097, 10.00121, 9.00109, 10.7513], "texture": "#0"}
			}
		},
		{
			"from": [-12, 13, -5],
			"to": [-8, 15, 21],
			"faces": {
				"north": {"uv": [5.12562, 13.50164, 6.12574, 14.0017], "texture": "#0"},
				"south": {"uv": [3.2504, 13.50164, 4.25052, 14.0017], "texture": "#0"},
				"west": {"uv": [0.68759, 13.50164, 7.18837, 14.0017], "texture": "#0"},
				"up": {"uv": [8.00097, 6.50079, 9.00109, 0], "texture": "#0"},
				"down": {"uv": [9.00109, 0, 10.00121, 6.50079], "texture": "#0"}
			}
		},
		{
			"from": [-1.5, 0, 6.5],
			"to": [1.5, 13, 9.5],
			"faces": {
				"north": {"uv": [8.00097, 10.7513, 8.75107, 10.81381], "texture": "#0"},
				"east": {"uv": [8.00097, 10.7513, 8.75107, 10.81381], "texture": "#0"},
				"south": {"uv": [8.00097, 10.7513, 8.75107, 10.81381], "texture": "#0"},
				"west": {"uv": [8.00097, 10.7513, 8.75107, 10.81381], "texture": "#0"},
				"down": {"uv": [8.18849, 12.75155, 8.12599, 12.81406], "texture": "#0"}
			}
		},
		{
			"from": [14, 0.4, 6],
			"to": [18, 3.9, 10],
			"faces": {
				"north": {"uv": [8.00097, 14.62677, 9.00109, 15.50188], "texture": "#0"},
				"east": {"uv": [8.00097, 14.62677, 9.00109, 15.50188], "texture": "#0"},
				"south": {"uv": [8.00097, 14.62677, 9.00109, 15.50188], "texture": "#0"},
				"west": {"uv": [9.00109, 14.62677, 10.00121, 15.50188], "texture": "#0"},
				"up": {"uv": [8.18849, 12.81406, 8.12599, 12.75155], "texture": "#0"},
				"down": {"uv": [8.18849, 12.75155, 8.12599, 12.81406], "texture": "#0"}
			}
		},
		{
			"from": [14, 5, 6],
			"to": [18, 11.1, 10],
			"faces": {
				"north": {"uv": [8.00097, 12.68904, 9.00109, 14.18922], "texture": "#0"},
				"east": {"uv": [8.00097, 12.68904, 9.00109, 14.18922], "texture": "#0"},
				"south": {"uv": [8.00097, 12.68904, 9.00109, 14.18922], "texture": "#0"},
				"west": {"uv": [8.00097, 12.68904, 9.00109, 14.18922], "texture": "#0"},
				"down": {"uv": [8.18849, 12.75155, 8.12599, 12.81406], "texture": "#0"}
			}
		},
		{
			"from": [14.2, 4.3, 6.2],
			"to": [17.8, 11.8, 9.8],
			"faces": {
				"north": {"uv": [8.00097, 10.7513, 8.87608, 12.62654], "texture": "#0"},
				"east": {"uv": [8.00097, 10.7513, 8.87608, 12.62654], "texture": "#0"},
				"south": {"uv": [8.00097, 10.7513, 8.87608, 12.62654], "texture": "#0"},
				"west": {"uv": [8.00097, 10.7513, 8.87608, 12.62654], "texture": "#0"},
				"down": {"uv": [8.18849, 12.75155, 8.12599, 12.81406], "texture": "#0"}
			}
		},
		{
			"from": [14.5, 0, 6.5],
			"to": [17.5, 13, 9.5],
			"faces": {
				"north": {"uv": [8.00097, 10.7513, 8.75107, 10.81381], "texture": "#0"},
				"east": {"uv": [8.00097, 10.7513, 8.75107, 10.81381], "texture": "#0"},
				"south": {"uv": [8.00097, 10.7513, 8.75107, 10.81381], "texture": "#0"},
				"west": {"uv": [8.00097, 10.7513, 8.75107, 10.81381], "texture": "#0"},
				"down": {"uv": [8.18849, 12.75155, 8.12599, 12.81406], "texture": "#0"}
			}
		},
		{
			"from": [-2, 0.4, 6],
			"to": [2, 3.9, 10],
			"faces": {
				"north": {"uv": [8.00097, 14.62677, 9.00109, 15.50188], "texture": "#0"},
				"east": {"uv": [9.00109, 14.62677, 10.00121, 15.50188], "texture": "#0"},
				"south": {"uv": [8.00097, 14.62677, 9.00109, 15.50188], "texture": "#0"},
				"west": {"uv": [8.00097, 14.62677, 9.00109, 15.50188], "texture": "#0"},
				"up": {"uv": [8.18849, 12.81406, 8.12599, 12.75155], "texture": "#0"},
				"down": {"uv": [8.18849, 12.75155, 8.12599, 12.81406], "texture": "#0"}
			}
		},
		{
			"from": [2, 1.6, 7.5],
			"to": [14, 2.7, 8.5],
			"faces": {
				"north": {"uv": [9.50115, 11.5014, 9.25113, 14.50176], "rotation": 90, "texture": "#0"},
				"south": {"uv": [9.25113, 11.5014, 9.50115, 14.50176], "rotation": 90, "texture": "#0"},
				"up": {"uv": [9.50115, 14.50176, 9.25113, 11.5014], "rotation": 90, "texture": "#0"},
				"down": {"uv": [9.50115, 14.50176, 9.25113, 11.5014], "rotation": 90, "texture": "#0"}
			}
		},
		{
			"from": [-2, 5, 6],
			"to": [2, 11.1, 10],
			"faces": {
				"north": {"uv": [8.00097, 12.68904, 9.00109, 14.18922], "texture": "#0"},
				"east": {"uv": [8.00097, 12.68904, 9.00109, 14.18922], "texture": "#0"},
				"south": {"uv": [8.00097, 12.68904, 9.00109, 14.18922], "texture": "#0"},
				"west": {"uv": [8.00097, 12.68904, 9.00109, 14.18922], "texture": "#0"},
				"down": {"uv": [8.18849, 12.75155, 8.12599, 12.81406], "texture": "#0"}
			}
		},
		{
			"from": [-1.8, 4.3, 6.2],
			"to": [1.8, 11.8, 9.8],
			"faces": {
				"north": {"uv": [8.00097, 10.7513, 8.87608, 12.62654], "texture": "#0"},
				"east": {"uv": [8.00097, 10.7513, 8.87608, 12.62654], "texture": "#0"},
				"south": {"uv": [8.00097, 10.7513, 8.87608, 12.62654], "texture": "#0"},
				"west": {"uv": [8.00097, 10.7513, 8.87608, 12.62654], "texture": "#0"},
				"down": {"uv": [8.18849, 12.75155, 8.12599, 12.81406], "texture": "#0"}
			}
		},
		{
			"from": [-4, 1.7, 7],
			"to": [1, 3.7, 9],
			"rotation": {"angle": 22.5, "axis": "z", "origin": [0, 0, 0]},
			"faces": {
				"north": {"uv": [10.50128, 1.25015, 10.00121, 0], "rotation": 90, "texture": "#0"},
				"south": {"uv": [10.50128, 3.00036, 10.00121, 1.75021], "rotation": 90, "texture": "#0"},
				"west": {"uv": [10.00121, 1.25015, 10.50128, 1.75021], "texture": "#0"},
				"up": {"uv": [10.00121, 3.00036, 10.50128, 4.25052], "rotation": 90, "texture": "#0"},
				"down": {"uv": [10.50128, 5.50067, 10.00121, 4.25052], "rotation": 90, "texture": "#0"}
			}
		},
		{
			"from": [13.8, 7.8, 7],
			"to": [18.8, 9.8, 9],
			"rotation": {"angle": -22.5, "axis": "z", "origin": [0, 0, 0]},
			"faces": {
				"north": {"uv": [10.50128, 3.00036, 10.00121, 1.75021], "rotation": 90, "texture": "#0"},
				"east": {"uv": [10.00121, 1.25015, 10.50128, 1.75021], "texture": "#0"},
				"south": {"uv": [10.50128, 1.25015, 10.00121, 0], "rotation": 90, "texture": "#0"},
				"up": {"uv": [10.50128, 4.25052, 10.00121, 3.00036], "rotation": 90, "texture": "#0"},
				"down": {"uv": [10.00121, 4.25052, 10.50128, 5.50067], "rotation": 90, "texture": "#0"}
			}
		},
		{
			"from": [-1, 4.8, 6.8],
			"to": [1, 6.8, 11.8],
			"rotation": {"angle": 22.5, "axis": "x", "origin": [0, 0, 0]},
			"faces": {
				"east": {"uv": [10.50128, 3.00036, 10.00121, 1.75021], "rotation": 90, "texture": "#0"},
				"south": {"uv": [10.00121, 1.75021, 10.50128, 1.25015], "texture": "#0"},
				"west": {"uv": [10.50128, 1.25015, 10.00121, 0], "rotation": 90, "texture": "#0"},
				"up": {"uv": [10.00121, 3.00036, 10.50128, 4.25052], "texture": "#0"},
				"down": {"uv": [10.00121, 4.25052, 10.50128, 5.50067], "texture": "#0"}
			}
		},
		{
			"from": [15, 4.8, 6.8],
			"to": [17, 6.8, 11.8],
			"rotation": {"angle": 22.5, "axis": "x", "origin": [0, 0, 0]},
			"faces": {
				"east": {"uv": [10.50128, 3.00036, 10.00121, 1.75021], "rotation": 90, "texture": "#0"},
				"south": {"uv": [10.00121, 1.25015, 10.50128, 1.75021], "texture": "#0"},
				"west": {"uv": [10.50128, 1.25015, 10.00121, 0], "rotation": 90, "texture": "#0"},
				"up": {"uv": [10.50128, 4.25052, 10.00121, 3.00036], "rotation": 180, "texture": "#0"},
				"down": {"uv": [10.00121, 4.25052, 10.50128, 5.50067], "texture": "#0"}
			}
		},
		{
			"from": [-1, -1.4, 3.4],
			"to": [1, 0.6, 8.4],
			"rotation": {"angle": -22.5, "axis": "x", "origin": [0, 0, 0]},
			"faces": {
				"north": {"uv": [10.00121, 1.25015, 10.50128, 1.75021], "texture": "#0"},
				"east": {"uv": [10.50128, 1.25015, 10.00121, 0], "rotation": 90, "texture": "#0"},
				"west": {"uv": [10.50128, 3.00036, 10.00121, 1.75021], "rotation": 90, "texture": "#0"},
				"up": {"uv": [10.50128, 4.25052, 10.00121, 3.00036], "texture": "#0"},
				"down": {"uv": [10.00121, 4.25052, 10.50128, 5.43816], "rotation": 180, "texture": "#0"}
			}
		},
		{
			"from": [15, -1.4, 3.4],
			"to": [17, 0.6, 8.4],
			"rotation": {"angle": -22.5, "axis": "x", "origin": [0, 0, 0]},
			"faces": {
				"north": {"uv": [10.00121, 1.25015, 10.50128, 1.75021], "texture": "#0"},
				"east": {"uv": [10.50128, 1.25015, 10.00121, 0], "rotation": 90, "texture": "#0"},
				"west": {"uv": [10.50128, 3.00036, 10.00121, 1.75021], "rotation": 90, "texture": "#0"},
				"up": {"uv": [10.50128, 4.25052, 10.00121, 3.12538], "texture": "#0"},
				"down": {"uv": [10.00121, 4.25052, 10.50128, 5.50067], "rotation": 180, "texture": "#0"}
			}
		},
		{
			"from": [-5.5, 16, 7],
			"to": [-3.5, 18, 9],
			"rotation": {"angle": 0, "axis": "y", "origin": [-5.5, 16, 7]},
			"faces": {
				"north": {"uv": [10.00121, 5.50067, 10.50128, 6.00073], "texture": "#0"},
				"east": {"uv": [10.50128, 5.50067, 10.00121, 6.00073], "texture": "#0"},
				"south": {"uv": [10.50128, 5.50067, 10.00121, 6.00073], "texture": "#0"},
				"west": {"uv": [10.00121, 5.50067, 10.50128, 6.00073], "texture": "#0"},
				"up": {"uv": [10.00121, 5.50067, 10.18874, 5.68819], "texture": "#0"},
				"down": {"uv": [0, 0, 0.50006, 0.50006], "texture": "#0"}
			}
		},
		{
			"from": [-5, 18, 7.5],
			"to": [-4, 20, 8.5],
			"rotation": {"angle": 0, "axis": "y", "origin": [-5.5, 18, 7]},
			"faces": {
				"north": {"uv": [10.00121, 6.00073, 10.25125, 6.50079], "texture": "#0"},
				"east": {"uv": [10.00121, 6.00073, 10.25125, 6.50079], "texture": "#0"},
				"south": {"uv": [10.00121, 6.00073, 10.25125, 6.50079], "texture": "#0"},
				"west": {"uv": [10.00121, 6.00073, 10.25125, 6.50079], "texture": "#0"},
				"up": {"uv": [0, 0, 0.25003, 0.25003], "texture": "#0"},
				"down": {"uv": [0, 0, 0.25003, 0.25003], "texture": "#0"}
			}
		},
		{
			"from": [-5.3, 20, 7.2],
			"to": [-3.7, 21, 8.8],
			"rotation": {"angle": 0, "axis": "y", "origin": [-5.5, 20, 7]},
			"faces": {
				"north": {"uv": [10.00121, 6.50079, 10.40126, 6.75082], "texture": "#0"},
				"east": {"uv": [10.40126, 6.50079, 10.00121, 6.75082], "texture": "#0"},
				"south": {"uv": [10.00121, 6.50079, 10.40126, 6.75082], "texture": "#0"},
				"west": {"uv": [10.40126, 6.50079, 10.00121, 6.75082], "texture": "#0"},
				"up": {"uv": [10.00121, 6.50079, 10.08872, 6.5883], "texture": "#0"},
				"down": {"uv": [0, 0, 0.40005, 0.40005], "texture": "#0"}
			}
		},
		{
			"from": [-7, 15, 5.5],
			"to": [-2, 16, 10.5],
			"rotation": {"angle": 0, "axis": "y", "origin": [-5, 15, 7.5]},
			"faces": {
				"north": {"uv": [0, 0, 1.25015, 0.25003], "texture": "#0"},
				"east": {"uv": [0, 0, 1.25015, 0.25003], "texture": "#0"},
				"south": {"uv": [0, 0, 1.25015, 0.25003], "texture": "#0"},
				"west": {"uv": [0, 0, 1.25015, 0.25003], "texture": "#0"},
				"up": {"uv": [10.7513, 0.75009, 12.00146, 2.00025], "texture": "#0"},
				"down": {"uv": [0, 0, 1.25015, 1.25015], "texture": "#0"}
			}
		},
		{
			"from": [-10.7, 16.22417, 1.34568],
			"to": [1.7, 17.22417, 5.34568],
			"rotation": {"angle": 22.5, "axis": "x", "origin": [-5, 16.22417, 2.34568]},
			"faces": {
				"north": {"uv": [0, 0, 3.10038, 0.25003], "texture": "#0"},
				"east": {"uv": [0, 0, 1.00012, 0.25003], "texture": "#0"},
				"south": {"uv": [0, 0, 3.10038, 0.25003], "texture": "#0"},
				"west": {"uv": [0, 0, 1.00012, 0.25003], "texture": "#0"},
				"up": {"uv": [10.7513, 4.00048, 13.85168, 5.00061], "texture": "#0"},
				"down": {"uv": [0, 0, 3.10038, 1.00012], "texture": "#0"}
			}
		},
		{
			"from": [-1.76956, 15.84149, 1.8],
			"to": [2.23044, 16.84149, 14.2],
			"rotation": {"angle": 22.5, "axis": "z", "origin": [0.23044, 15.84149, 7.5]},
			"faces": {
				"north": {"uv": [0, 0, 1.00012, 0.25003], "texture": "#0"},
				"east": {"uv": [0, 0, 3.10038, 0.25003], "texture": "#0"},
				"south": {"uv": [0, 0, 1.00012, 0.25003], "texture": "#0"},
				"west": {"uv": [0, 0, 3.10038, 0.25003], "texture": "#0"},
				"up": {"uv": [10.7513, 5.00061, 13.85168, 6.00073], "rotation": 90, "texture": "#0"},
				"down": {"uv": [0, 0, 1.00012, 3.10038], "texture": "#0"}
			}
		},
		{
			"from": [-10.7, 15.84149, 10.73044],
			"to": [1.7, 16.84149, 14.73044],
			"rotation": {"angle": -22.5, "axis": "x", "origin": [-5, 15.84149, 12.73044]},
			"faces": {
				"north": {"uv": [0, 0, 3.10038, 0.25003], "texture": "#0"},
				"east": {"uv": [0, 0, 1.00012, 0.25003], "texture": "#0"},
				"south": {"uv": [0, 0, 3.10038, 0.25003], "texture": "#0"},
				"west": {"uv": [0, 0, 1.00012, 0.25003], "texture": "#0"},
				"up": {"uv": [10.7513, 2.00025, 13.85168, 3.00036], "texture": "#0"},
				"down": {"uv": [0, 0, 3.10038, 1.00012], "texture": "#0"}
			}
		},
		{
			"from": [-11.15432, 16.22417, 1.8],
			"to": [-7.15432, 17.22417, 14.2],
			"rotation": {"angle": -22.5, "axis": "z", "origin": [-10.15432, 16.22417, 7.5]},
			"faces": {
				"north": {"uv": [0, 0, 1.00012, 0.25003], "texture": "#0"},
				"east": {"uv": [0, 0, 3.10038, 0.25003], "texture": "#0"},
				"south": {"uv": [0, 0, 1.00012, 0.25003], "texture": "#0"},
				"west": {"uv": [0, 0, 3.10038, 0.25003], "texture": "#0"},
				"up": {"uv": [10.7513, 3.00036, 13.85168, 4.00048], "rotation": 90, "texture": "#0"},
				"down": {"uv": [0, 0, 1.00012, 3.10038], "texture": "#0"}
			}
		},
		{
			"from": [-10.7, 15, 0.8],
			"to": [1.7, 18, 1.8],
			"rotation": {"angle": 0, "axis": "y", "origin": [0, 16, -0.2]},
			"faces": {
				"north": {"uv": [10.87633, 0, 13.9767, 0.75009], "texture": "#0"},
				"east": {"uv": [0, 0, 0.25003, 0.75009], "texture": "#0"},
				"south": {"uv": [10.7513, 0, 13.85168, 0.75009], "texture": "#0"},
				"west": {"uv": [0, 0, 0.25003, 0.75009], "texture": "#0"},
				"up": {"uv": [10.50128, 0.93761, 10.7513, 4.03799], "rotation": 90, "texture": "#0"},
				"down": {"uv": [0, 0, 3.10038, 0.25003], "texture": "#0"}
			}
		},
		{
			"from": [-10.7, 15, 14.2],
			"to": [1.7, 18, 15.2],
			"rotation": {"angle": 0, "axis": "y", "origin": [0, 16, 13.2]},
			"faces": {
				"north": {"uv": [10.7513, 0, 13.85168, 0.75009], "texture": "#0"},
				"east": {"uv": [0, 0, 0.25003, 0.75009], "texture": "#0"},
				"south": {"uv": [10.7513, 0, 13.85168, 0.75009], "texture": "#0"},
				"west": {"uv": [0, 0, 0.25003, 0.75009], "texture": "#0"},
				"up": {"uv": [10.7513, 0.93762, 10.54503, 4.038], "rotation": 90, "texture": "#0"},
				"down": {"uv": [0, 0, 3.10038, 0.25003], "texture": "#0"}
			}
		},
		{
			"from": [1.7, 15, 0.8],
			"to": [2.7, 18, 15.2],
			"rotation": {"angle": 0, "axis": "y", "origin": [12.7, 16, -0.2]},
			"faces": {
				"north": {"uv": [10.87633, 0, 11.12635, 0.75009], "texture": "#0"},
				"east": {"uv": [10.50128, 0, 14.10172, 0.75009], "texture": "#0"},
				"south": {"uv": [12.25149, 0, 12.50152, 0.75009], "texture": "#0"},
				"west": {"uv": [10.50128, 0, 14.10172, 0.75009], "texture": "#0"},
				"up": {"uv": [10.7513, 0.75009, 10.50128, 4.35053], "texture": "#0"},
				"down": {"uv": [0, 0, 0.25003, 3.60044], "texture": "#0"}
			}
		},
		{
			"from": [-11.7, 15, 0.8],
			"to": [-10.7, 18, 15.2],
			"rotation": {"angle": 0, "axis": "y", "origin": [-0.7, 16, -0.2]},
			"faces": {
				"north": {"uv": [11.5014, 0, 11.75143, 0.75009], "texture": "#0"},
				"east": {"uv": [10.50128, 0, 14.10172, 0.75009], "texture": "#0"},
				"south": {"uv": [10.93883, 0, 11.18886, 0.75009], "texture": "#0"},
				"west": {"uv": [10.50128, 0, 14.10172, 0.75009], "texture": "#0"},
				"up": {"uv": [10.50128, 0.75009, 10.7513, 4.35053], "texture": "#0"},
				"down": {"uv": [0, 0, 0.25003, 3.60044], "texture": "#0"}
			}
		},
		{
			"from": [17, 15, 3],
			"to": [19, 15.5, 5],
			"rotation": {"angle": -45, "axis": "y", "origin": [17, 14, 3]},
			"faces": {
				"north": {"uv": [8.93859, 11.37639, 9.00109, 11.87645], "rotation": 90, "texture": "#0"},
				"east": {"uv": [8.93859, 11.18886, 9.00109, 11.68892], "rotation": 90, "texture": "#0"},
				"south": {"uv": [8.93859, 11.12635, 9.00109, 11.62641], "rotation": 90, "texture": "#0"},
				"west": {"uv": [8.93859, 11.06384, 9.00109, 11.5639], "rotation": 90, "texture": "#0"},
				"up": {"uv": [10.00121, 8.251, 10.50128, 8.75107], "texture": "#0"},
				"down": {"uv": [10.00121, 8.75107, 10.50128, 8.251], "texture": "#0"}
			}
		},
		{
			"from": [16, 15.5, 3],
			"to": [18, 16, 5],
			"rotation": {"angle": 0, "axis": "y", "origin": [16, 14.5, 3]},
			"faces": {
				"north": {"uv": [9.0636, 12.12647, 9.1261, 12.62654], "rotation": 90, "texture": "#0"},
				"east": {"uv": [9.0636, 11.81394, 9.1261, 12.314], "rotation": 90, "texture": "#0"},
				"south": {"uv": [9.0636, 11.87644, 9.1261, 12.3765], "rotation": 90, "texture": "#0"},
				"west": {"uv": [9.0636, 11.68892, 9.1261, 12.18899], "rotation": 90, "texture": "#0"},
				"up": {"uv": [10.00121, 7.75094, 10.50128, 8.251], "texture": "#0"},
				"down": {"uv": [10.50128, 7.75094, 10.00121, 8.251], "texture": "#0"}
			}
		},
		{
			"from": [10.2, 15, 10.3],
			"to": [12.2, 15.5, 12.3],
			"rotation": {"angle": -45, "axis": "y", "origin": [10.2, 14, 10.3]},
			"faces": {
				"north": {"uv": [9.0636, 12.87656, 9.1261, 13.37662], "rotation": 90, "texture": "#0"},
				"east": {"uv": [9.0636, 13.06409, 9.1261, 13.56415], "rotation": 90, "texture": "#0"},
				"south": {"uv": [9.0636, 13.1266, 9.1261, 13.62666], "rotation": 90, "texture": "#0"},
				"west": {"uv": [9.0636, 13.06409, 9.1261, 13.56415], "rotation": 90, "texture": "#0"},
				"up": {"uv": [10.25125, 6.00073, 10.75131, 6.50079], "texture": "#0"},
				"down": {"uv": [10.75131, 6.00073, 10.25125, 6.50079], "texture": "#0"}
			}
		},
		{
			"from": [9.2, 15.5, 11.2],
			"to": [11.2, 16, 13.2],
			"rotation": {"angle": 22.5, "axis": "y", "origin": [9.2, 14.5, 11.2]},
			"faces": {
				"north": {"uv": [9.0636, 13.00158, 9.1261, 13.50164], "rotation": 90, "texture": "#0"},
				"east": {"uv": [9.0636, 13.1891, 9.1261, 13.68916], "rotation": 90, "texture": "#0"},
				"south": {"uv": [9.0636, 13.00158, 9.1261, 13.50164], "rotation": 90, "texture": "#0"},
				"west": {"uv": [9.0636, 13.06409, 9.1261, 13.56415], "rotation": 90, "texture": "#0"},
				"up": {"uv": [10.25125, 6.00073, 10.75131, 6.50079], "texture": "#0"},
				"down": {"uv": [10.75131, 6.00073, 10.25125, 6.50079], "texture": "#0"}
			}
		},
		{
			"from": [10.2, 16, 10.3],
			"to": [12.2, 16.5, 12.3],
			"rotation": {"angle": -45, "axis": "y", "origin": [10.2, 15, 10.3]},
			"faces": {
				"north": {"uv": [9.0636, 13.1266, 9.1261, 13.62666], "rotation": 90, "texture": "#0"},
				"east": {"uv": [9.0636, 13.1891, 9.1261, 13.68916], "rotation": 90, "texture": "#0"},
				"south": {"uv": [9.0636, 12.87656, 9.1261, 13.37662], "rotation": 90, "texture": "#0"},
				"west": {"uv": [9.0636, 12.93907, 9.1261, 13.43914], "rotation": 90, "texture": "#0"},
				"up": {"uv": [10.25125, 6.00073, 10.75131, 6.50079], "texture": "#0"},
				"down": {"uv": [10.25125, 6.50079, 10.75131, 6.00073], "texture": "#0"}
			}
		},
		{
			"from": [8.8, 16.5, 11],
			"to": [10.8, 17, 13],
			"rotation": {"angle": 22.5, "axis": "y", "origin": [8.8, 15.5, 11]},
			"faces": {
				"north": {"uv": [9.0636, 12.87656, 9.1261, 13.37662], "rotation": 90, "texture": "#0"},
				"east": {"uv": [9.0636, 12.81406, 9.1261, 13.31412], "rotation": 90, "texture": "#0"},
				"south": {"uv": [9.0636, 13.25161, 9.1261, 13.75167], "rotation": 90, "texture": "#0"},
				"west": {"uv": [9.0636, 12.93907, 9.1261, 13.43914], "rotation": 90, "texture": "#0"},
				"up": {"uv": [10.25125, 6.00073, 10.75131, 6.50079], "texture": "#0"},
				"down": {"uv": [10.75131, 6.00073, 10.25125, 6.50079], "texture": "#0"}
			}
		},
		{
			"from": [17.2, 15, 15.3],
			"to": [19.2, 15.5, 17.3],
			"rotation": {"angle": -45, "axis": "y", "origin": [17.2, 14, 15.3]},
			"faces": {
				"north": {"uv": [9.00109, 12.93907, 9.0636, 13.43914], "rotation": 90, "texture": "#0"},
				"east": {"uv": [9.00109, 12.87656, 9.0636, 13.37662], "rotation": 90, "texture": "#0"},
				"south": {"uv": [9.00109, 13.1891, 9.0636, 13.68916], "rotation": 90, "texture": "#0"},
				"west": {"uv": [9.00109, 12.87656, 9.0636, 13.37662], "rotation": 90, "texture": "#0"},
				"up": {"uv": [10.00121, 6.75082, 10.50128, 7.25088], "texture": "#0"},
				"down": {"uv": [10.50128, 6.75082, 10.00121, 7.25088], "texture": "#0"}
			}
		},
		{
			"from": [16.2, 15.5, 16.2],
			"to": [18.2, 16, 18.2],
			"rotation": {"angle": 22.5, "axis": "y", "origin": [16.2, 14.5, 16.2]},
			"faces": {
				"north": {"uv": [9.00109, 13.1891, 9.0636, 13.68916], "rotation": 90, "texture": "#0"},
				"east": {"uv": [9.00109, 13.00158, 9.0636, 13.50164], "rotation": 90, "texture": "#0"},
				"south": {"uv": [9.00109, 13.06409, 9.0636, 13.56415], "rotation": 90, "texture": "#0"},
				"west": {"uv": [9.00109, 12.87656, 9.0636, 13.37662], "rotation": 90, "texture": "#0"},
				"up": {"uv": [10.00121, 6.75082, 10.50128, 7.25088], "texture": "#0"},
				"down": {"uv": [10.50128, 6.75082, 10.00121, 7.25088], "texture": "#0"}
			}
		},
		{
			"from": [17.2, 16, 15.3],
			"to": [19.2, 16.5, 17.3],
			"rotation": {"angle": -45, "axis": "y", "origin": [17.2, 15, 15.3]},
			"faces": {
				"north": {"uv": [9.00109, 13.31412, 9.0636, 13.81417], "rotation": 90, "texture": "#0"},
				"east": {"uv": [9.00109, 13.00158, 9.0636, 13.50164], "rotation": 90, "texture": "#0"},
				"south": {"uv": [9.00109, 13.1891, 9.0636, 13.68916], "rotation": 90, "texture": "#0"},
				"west": {"uv": [9.00109, 12.87656, 9.0636, 13.37662], "rotation": 90, "texture": "#0"},
				"up": {"uv": [10.00121, 6.75082, 10.50128, 7.25088], "texture": "#0"},
				"down": {"uv": [10.50128, 6.75082, 10.00121, 7.25088], "texture": "#0"}
			}
		},
		{
			"from": [15.8, 16.5, 16],
			"to": [17.8, 17, 18],
			"rotation": {"angle": 22.5, "axis": "y", "origin": [15.8, 15.5, 16]},
			"faces": {
				"north": {"uv": [9.00109, 12.81406, 9.0636, 13.31412], "rotation": 90, "texture": "#0"},
				"east": {"uv": [9.00109, 12.75155, 9.0636, 13.25161], "rotation": 90, "texture": "#0"},
				"south": {"uv": [9.00109, 12.81406, 9.0636, 13.31412], "rotation": 90, "texture": "#0"},
				"west": {"uv": [9.00109, 12.87656, 9.0636, 13.37662], "rotation": 90, "texture": "#0"},
				"up": {"uv": [10.00121, 6.75082, 10.50128, 7.25088], "texture": "#0"},
				"down": {"uv": [10.50128, 6.75082, 10.00121, 7.25088], "texture": "#0"}
			}
		},
		{
			"from": [20.2, 15, 16.3],
			"to": [22.2, 15.5, 18.3],
			"rotation": {"angle": -45, "axis": "y", "origin": [20.2, 14, 16.3]},
			"faces": {
				"north": {"uv": [9.1261, 13.00158, 9.18862, 13.50164], "rotation": 90, "texture": "#0"},
				"east": {"uv": [9.1261, 13.31412, 9.18862, 13.81418], "rotation": 90, "texture": "#0"},
				"south": {"uv": [9.1261, 13.1266, 9.18862, 13.62666], "rotation": 90, "texture": "#0"},
				"west": {"uv": [9.1261, 12.81406, 9.18862, 13.31412], "rotation": 90, "texture": "#0"},
				"up": {"uv": [10.00121, 7.25088, 10.50128, 7.75094], "texture": "#0"},
				"down": {"uv": [10.50128, 7.25088, 10.00121, 7.75094], "texture": "#0"}
			}
		},
		{
			"from": [19.2, 15.5, 17.2],
			"to": [21.2, 16, 19.2],
			"rotation": {"angle": 22.5, "axis": "y", "origin": [19.2, 14.5, 17.2]},
			"faces": {
				"north": {"uv": [9.1261, 13.1266, 9.18862, 13.62666], "rotation": 90, "texture": "#0"},
				"east": {"uv": [9.1261, 13.1891, 9.18862, 13.68916], "rotation": 90, "texture": "#0"},
				"south": {"uv": [9.1261, 13.00158, 9.18862, 13.50164], "rotation": 90, "texture": "#0"},
				"west": {"uv": [9.1261, 13.06409, 9.18862, 13.56415], "rotation": 90, "texture": "#0"},
				"up": {"uv": [10.00121, 7.25088, 10.50128, 7.75094], "texture": "#0"},
				"down": {"uv": [10.50128, 7.25088, 10.00121, 7.75094], "texture": "#0"}
			}
		},
		{
			"from": [20.2, 16, 16.3],
			"to": [22.2, 16.5, 18.3],
			"rotation": {"angle": -45, "axis": "y", "origin": [20.2, 15, 16.3]},
			"faces": {
				"north": {"uv": [9.1261, 12.75155, 9.18862, 13.25161], "rotation": 90, "texture": "#0"},
				"east": {"uv": [9.1261, 12.93907, 9.18862, 13.43914], "rotation": 90, "texture": "#0"},
				"south": {"uv": [9.1261, 12.87656, 9.18862, 13.37662], "rotation": 90, "texture": "#0"},
				"west": {"uv": [9.1261, 12.81406, 9.18862, 13.31412], "rotation": 90, "texture": "#0"},
				"up": {"uv": [10.00121, 7.25088, 10.50128, 7.75094], "texture": "#0"},
				"down": {"uv": [10.50128, 7.25088, 10.00121, 7.75094], "texture": "#0"}
			}
		},
		{
			"from": [18.8, 16.5, 17],
			"to": [20.8, 17, 19],
			"rotation": {"angle": 22.5, "axis": "y", "origin": [18.8, 15.5, 17]},
			"faces": {
				"north": {"uv": [9.1261, 13.1266, 9.18862, 13.62666], "rotation": 90, "texture": "#0"},
				"east": {"uv": [9.1261, 12.93907, 9.18862, 13.43914], "rotation": 90, "texture": "#0"},
				"south": {"uv": [9.1261, 12.87656, 9.18862, 13.37662], "rotation": 90, "texture": "#0"},
				"west": {"uv": [9.1261, 12.93907, 9.18862, 13.43914], "rotation": 90, "texture": "#0"},
				"up": {"uv": [10.00121, 7.25088, 10.50128, 7.75094], "texture": "#0"},
				"down": {"uv": [10.50128, 7.25088, 10.00121, 7.75094], "texture": "#0"}
			}
		},
		{
			"from": [6.8, 15, -1],
			"to": [8.8, 15.5, 1],
			"rotation": {"angle": 22.5, "axis": "y", "origin": [6.8, 14, -1]},
			"faces": {
				"north": {"uv": [8.87608, 11.12635, 8.93858, 11.62641], "rotation": 90, "texture": "#0"},
				"east": {"uv": [8.87608, 11.18886, 8.93858, 11.68892], "rotation": 90, "texture": "#0"},
				"south": {"uv": [8.87608, 11.00134, 8.93858, 11.5014], "rotation": 90, "texture": "#0"},
				"west": {"uv": [8.87608, 10.93883, 8.93858, 11.43889], "rotation": 90, "texture": "#0"},
				"up": {"uv": [10.7513, 6.00073, 11.25136, 6.50079], "texture": "#0"},
				"down": {"uv": [11.25136, 6.00073, 10.7513, 6.50079], "texture": "#0"}
			}
		}
	],
	"gui_light": "front",
	"display": {
		"thirdperson_righthand": {
			"scale": [0.5, 0.5, 0.5]
		},
		"thirdperson_lefthand": {
			"scale": [0.5, 0.5, 0.5]
		},
		"firstperson_righthand": {
			"scale": [0.5, 0.5, 0.5]
		},
		"firstperson_lefthand": {
			"scale": [0.5, 0.5, 0.5]
		},
		"ground": {
			"translation": [0, 4.25, 0]
		},
		"gui": {
			"rotation": [38, 0, 0],
			"translation": [0, -1.5, 0],
			"scale": [0.3, 0.3, 0.3]
		},
		"head": {
			"translation": [0, -31, 0],
			"scale": [1.5, 1.5, 1.5]
		},
		"fixed": {
			"rotation": [-90, 0, 0],
			"scale": [0.5, 0.5, 0.5]
		}
	},
	"groups": [
		{
			"name": "group",
			"origin": [0, 0, 0],
			"color": 0,
			"children": [
				0,
				1,
				2,
				3,
				4,
				5,
				6,
				7,
				8,
				9,
				10,
				11,
				12,
				13,
				14,
				15,
				16,
				17,
				18,
				19,
				20,
				21,
				22,
				23,
				24,
				25,
				26,
				27,
				28,
				29,
				30,
				31,
				32,
				33,
				34,
				35,
				36,
				37,
				38,
				39,
				40,
				41,
				42,
				43,
				44,
				45,
				46,
				47,
				48,
				49,
				50,
				51,
				52,
				53,
				54,
				55,
				56,
				57,
				58,
				59,
				60,
				61,
				62
			]
		}
	]
}