{
	"credit": "Made with Blockbench",
	"texture_size": [256, 256],
	"textures": {
		"0": "item/blocks/drums",
		"1": "item/blocks/drums_texture",
		"particle": "item/blocks/drums"
	},
	"elements": [
		{
			"from": [1, 9.2388, 5.82683],
			"to": [15, 31.15224, 5.82683],
			"rotation": {"angle": 0, "axis": "y", "origin": [14, -3.7612, 6.82683]},
			"faces": {
				"north": {"uv": [0, 0, 7, 11], "texture": "#1"}
			}
		},
		{
			"from": [2, 24.46097, 18.2969],
			"to": [14, 30.5, 18.2969],
			"rotation": {"angle": -22.5, "axis": "x", "origin": [14, -4.53903, 6.2969]},
			"faces": {
				"north": {"uv": [7, 0, 13, 3], "texture": "#1"}
			}
		},
		{
			"from": [1, 9.7612, -0.82683],
			"to": [15, 18.7612, -0.82683],
			"rotation": {"angle": 22.5, "axis": "x", "origin": [0, -1.2388, -0.82683]},
			"faces": {
				"north": {"uv": [7, 3, 14, 7.25], "texture": "#1"}
			}
		},
		{
			"from": [0, 25.46097, 17.2969],
			"to": [2, 32, 19.2969],
			"rotation": {"angle": -22.5, "axis": "x", "origin": [0, -4.53903, 6.2969]},
			"faces": {
				"north": {"uv": [4.5, 9.5, 5, 11.125], "texture": "#0"},
				"east": {"uv": [4, 9.5, 4.5, 11.125], "texture": "#0"},
				"south": {"uv": [4.5, 9.5, 4, 11.125], "texture": "#0"},
				"west": {"uv": [5, 9.5, 4.5, 11.125], "texture": "#0"},
				"up": {"uv": [2.8125, 5.5, 2.3125, 5], "texture": "#0"}
			}
		},
		{
			"from": [0, 17.2388, 4.82683],
			"to": [2, 28.15224, 6.82683],
			"rotation": {"angle": 0, "axis": "y", "origin": [0, -3.7612, 6.82683]},
			"faces": {
				"north": {"uv": [4.125, 6.75, 4.625, 9.5], "texture": "#0"},
				"east": {"uv": [5.625, 7.625, 6.125, 10.375], "texture": "#0"},
				"south": {"uv": [6.125, 7.625, 5.625, 10.375], "texture": "#0"},
				"west": {"uv": [4.625, 6.75, 4.125, 9.5], "texture": "#0"}
			}
		},
		{
			"from": [0, 8.7612, -2.82683],
			"to": [2, 18.7612, -0.82683],
			"rotation": {"angle": 22.5, "axis": "x", "origin": [0, -1.2388, -0.82683]},
			"faces": {
				"north": {"uv": [5.125, 6.75, 5.625, 9.25], "texture": "#0"},
				"east": {"uv": [4.625, 6.75, 5.125, 9.25], "texture": "#0"},
				"south": {"uv": [5.125, 6.75, 5.625, 9.25], "texture": "#0"},
				"west": {"uv": [5.625, 6.75, 5.125, 9.25], "texture": "#0"}
			}
		},
		{
			"from": [1, 9.7612, -0.82683],
			"to": [15, 18.7612, 3.17317],
			"rotation": {"angle": 22.5, "axis": "x", "origin": [0, -1.2388, -0.82683]},
			"faces": {
				"east": {"uv": [7.375, 12.25, 9.625, 11.25], "rotation": 90, "texture": "#0"},
				"west": {"uv": [7.375, 11.25, 9.625, 12.25], "rotation": 90, "texture": "#0"}
			}
		},
		{
			"from": [0.1, 30, 4],
			"to": [2, 32, 13],
			"faces": {
				"east": {"uv": [7.5, 10.6875, 5, 11.1875], "texture": "#0"},
				"west": {"uv": [5, 10.6875, 7.5, 11.1875], "texture": "#0"},
				"up": {"uv": [9.125, 10.5, 9.625, 8], "texture": "#0"},
				"down": {"uv": [9.125, 8, 9.625, 5.5], "texture": "#0"}
			}
		},
		{
			"from": [0.1, 0, 13],
			"to": [2, 32, 15],
			"faces": {
				"north": {"uv": [9.625, 0, 9.125, 8], "texture": "#0"},
				"east": {"uv": [9.125, 0, 9.625, 8], "texture": "#0"},
				"south": {"uv": [9.625, 0, 9.125, 8], "texture": "#0"},
				"west": {"uv": [9.125, 0, 9.625, 8], "texture": "#0"},
				"up": {"uv": [3.5, 5, 3, 4.5], "texture": "#0"},
				"down": {"uv": [3.5, 5, 3, 5.5], "texture": "#0"}
			}
		},
		{
			"from": [0, 0, 1],
			"to": [2, 8, 3],
			"faces": {
				"north": {"uv": [3.5, 9.5, 4, 11.5], "texture": "#0"},
				"east": {"uv": [4, 9.5, 3.5, 11.5], "texture": "#0"},
				"south": {"uv": [3.5, 9.5, 4, 11.5], "texture": "#0"},
				"west": {"uv": [4, 9.5, 3.5, 11.5], "texture": "#0"},
				"down": {"uv": [2.3125, 4.75, 1.8125, 5.25], "texture": "#0"}
			}
		},
		{
			"from": [14, 25.46097, 17.2969],
			"to": [16, 32, 19.2969],
			"rotation": {"angle": -22.5, "axis": "x", "origin": [14, -4.53903, 6.2969]},
			"faces": {
				"north": {"uv": [5, 9.5, 4.5, 11.125], "texture": "#0"},
				"east": {"uv": [4.5, 9.5, 5, 11.125], "texture": "#0"},
				"south": {"uv": [4, 9.5, 4.5, 11.125], "texture": "#0"},
				"west": {"uv": [4.5, 9.5, 4, 11.0625], "texture": "#0"},
				"up": {"uv": [2.3125, 5.5, 2.8125, 5], "texture": "#0"}
			}
		},
		{
			"from": [2, 30.36097, 17.2969],
			"to": [14, 32, 19.2969],
			"rotation": {"angle": -22.5, "axis": "x", "origin": [14, -4.53903, 6.2969]},
			"faces": {
				"north": {"uv": [3, 12, 6, 12.4375], "texture": "#0"},
				"south": {"uv": [0, 12, 3, 12.4375], "texture": "#0"},
				"up": {"uv": [3, 12, 0, 11.5], "texture": "#0"},
				"down": {"uv": [6, 11.5, 3, 12], "texture": "#0"}
			}
		},
		{
			"from": [2, 25.46097, 18.0969],
			"to": [14, 25.9, 19.2969],
			"rotation": {"angle": -22.5, "axis": "x", "origin": [14, -4.53903, 6.2969]},
			"faces": {
				"north": {"uv": [4, 11.375, 7, 11.5], "texture": "#0"},
				"up": {"uv": [7, 11.5, 4, 11.375], "texture": "#0"},
				"down": {"uv": [7, 11.375, 4, 11.5], "texture": "#0"}
			}
		},
		{
			"from": [2, 24.46097, 18.2969],
			"to": [14, 30.5, 19.2969],
			"rotation": {"angle": -22.5, "axis": "x", "origin": [14, -4.53903, 6.2969]},
			"faces": {
				"south": {"uv": [0, 0, 3, 1.5], "texture": "#0"}
			}
		},
		{
			"from": [14, 17.2388, 4.82683],
			"to": [16, 28.15224, 6.82683],
			"rotation": {"angle": 0, "axis": "y", "origin": [14, -3.7612, 6.82683]},
			"faces": {
				"north": {"uv": [4.625, 6.75, 4.125, 9.5], "texture": "#0"},
				"east": {"uv": [4.125, 6.75, 4.625, 9.5], "texture": "#0"},
				"south": {"uv": [5.625, 7.625, 6.125, 10.375], "texture": "#0"},
				"west": {"uv": [6.125, 7.625, 5.625, 10.375], "texture": "#0"}
			}
		},
		{
			"from": [1, 9.2388, 5.82683],
			"to": [15, 31.15224, 14.42683],
			"rotation": {"angle": 0, "axis": "y", "origin": [14, -3.7612, 6.82683]},
			"faces": {
				"east": {"uv": [7, 0, 9.125, 5.5], "texture": "#0"},
				"south": {"uv": [3.5, 0, 7, 5.5], "texture": "#0"},
				"west": {"uv": [7, 0, 9.125, 5.5], "texture": "#0"},
				"up": {"uv": [9.125, 7.625, 5.625, 5.5], "texture": "#0"}
			}
		},
		{
			"from": [14, 8.7612, -2.82683],
			"to": [16, 18.7612, -0.82683],
			"rotation": {"angle": 22.5, "axis": "x", "origin": [14, -1.2388, -0.82683]},
			"faces": {
				"north": {"uv": [5.625, 6.75, 5.125, 9.25], "texture": "#0"},
				"east": {"uv": [5.125, 6.75, 5.625, 9.25], "texture": "#0"},
				"south": {"uv": [4.625, 6.75, 5.125, 9.25], "texture": "#0"},
				"west": {"uv": [5.125, 6.75, 4.625, 9.25], "texture": "#0"}
			}
		},
		{
			"from": [14, 30, 4],
			"to": [15.9, 32, 13],
			"rotation": {"angle": 0, "axis": "y", "origin": [14, 0, 0]},
			"faces": {
				"east": {"uv": [7.5, 10.6875, 5, 11.1875], "texture": "#0"},
				"west": {"uv": [5, 10.6875, 7.5, 11.1875], "texture": "#0"},
				"up": {"uv": [9.625, 10.5, 9.125, 8], "texture": "#0"},
				"down": {"uv": [9.625, 8, 9.125, 10.5], "texture": "#0"}
			}
		},
		{
			"from": [14, 0, 13],
			"to": [15.9, 32, 15],
			"rotation": {"angle": 0, "axis": "y", "origin": [14, 0, 0]},
			"faces": {
				"north": {"uv": [9.125, 0, 9.625, 8], "texture": "#0"},
				"east": {"uv": [9.625, 0, 9.125, 8], "texture": "#0"},
				"south": {"uv": [9.125, 0, 9.625, 8], "texture": "#0"},
				"west": {"uv": [9.625, 0, 9.125, 8], "texture": "#0"},
				"up": {"uv": [3.5, 5, 3, 4.5], "texture": "#0"},
				"down": {"uv": [3.5, 5, 3, 5.5], "texture": "#0"}
			}
		},
		{
			"from": [14, 0, 1],
			"to": [16, 8, 3],
			"rotation": {"angle": 0, "axis": "y", "origin": [14, 0, 0]},
			"faces": {
				"north": {"uv": [4, 9.5, 3.5, 11.5], "texture": "#0"},
				"east": {"uv": [3.5, 9.5, 4, 11.5], "texture": "#0"},
				"south": {"uv": [4, 9.5, 3.5, 11.5], "texture": "#0"},
				"west": {"uv": [3.5, 9.5, 4, 11.5], "texture": "#0"},
				"down": {"uv": [2.3125, 4.75, 1.8125, 5.25], "texture": "#0"}
			}
		},
		{
			"from": [1, 0, 2],
			"to": [15, 8, 14],
			"faces": {
				"north": {"uv": [0, 9.5, 3.5, 11.5], "texture": "#0"},
				"east": {"uv": [6.125, 7.625, 9.125, 9.625], "texture": "#0"},
				"south": {"uv": [0, 9.5, 3.5, 11.5], "texture": "#0"},
				"west": {"uv": [6.125, 7.625, 9.125, 9.625], "texture": "#0"},
				"down": {"uv": [3.5, 1.5, 0, 4.5], "texture": "#0"}
			}
		},
		{
			"from": [-0.2, 8, -0.8],
			"to": [16.2, 10, 15.2],
			"faces": {
				"north": {"uv": [10.125, 4.125, 9.625, 0], "rotation": 90, "texture": "#0"},
				"east": {"uv": [10.125, 4.125, 9.625, 8.125], "rotation": 90, "texture": "#0"},
				"south": {"uv": [9.625, 8.125, 10.125, 12.25], "rotation": 90, "texture": "#0"},
				"west": {"uv": [10.125, 8.125, 9.625, 4.125], "rotation": 90, "texture": "#0"},
				"up": {"uv": [4.125, 9.5, 0, 5.5], "texture": "#0"},
				"down": {"uv": [4.125, 5.5, 0, 9.5], "texture": "#0"}
			}
		},
		{
			"from": [0.6, 1.6, 8.5],
			"to": [2, 6.6, 11.5],
			"faces": {
				"north": {"uv": [4.5, 5.5, 4.125, 6.75], "texture": "#0"},
				"south": {"uv": [4.125, 5.5, 4.5, 6.75], "texture": "#0"},
				"west": {"uv": [4.5, 5.5, 5.25, 6.75], "texture": "#0"},
				"up": {"uv": [4.5, 6.25, 4.125, 5.5], "texture": "#0"},
				"down": {"uv": [4.5, 5.5, 4.125, 6.25], "texture": "#0"}
			}
		},
		{
			"from": [11.9, 9.7, 0.8],
			"to": [13.3, 10.7, 2.2],
			"faces": {
				"north": {"uv": [1.1875, 4.5, 1.5625, 4.75], "texture": "#0"},
				"east": {"uv": [1.1875, 4.5, 1.5625, 4.75], "texture": "#0"},
				"south": {"uv": [1.1875, 4.5, 1.5625, 4.75], "texture": "#0"},
				"west": {"uv": [1.1875, 4.5, 1.5625, 4.75], "texture": "#0"},
				"up": {"uv": [0.375, 5.5, 0, 5.125], "texture": "#0"}
			}
		},
		{
			"from": [8.7, 9.7, 0.6],
			"to": [10.5, 10.4, 2.4],
			"faces": {
				"north": {"uv": [0.75, 5.3125, 1.1875, 5.5], "texture": "#0"},
				"east": {"uv": [0.75, 5.3125, 1.1875, 5.5], "texture": "#0"},
				"south": {"uv": [0.75, 5.3125, 1.1875, 5.5], "texture": "#0"},
				"west": {"uv": [0.75, 5.3125, 1.1875, 5.5], "texture": "#0"},
				"up": {"uv": [3.4375, 1.3125, 3, 0.875], "texture": "#0"}
			}
		},
		{
			"from": [8.9, 9.7, 0.8],
			"to": [10.3, 10.7, 2.2],
			"faces": {
				"north": {"uv": [0.75, 5.0625, 1.125, 5.3125], "texture": "#0"},
				"east": {"uv": [0.75, 5.0625, 1.125, 5.3125], "texture": "#0"},
				"south": {"uv": [0.75, 5.0625, 1.125, 5.3125], "texture": "#0"},
				"west": {"uv": [0.75, 5.0625, 1.125, 5.3125], "texture": "#0"},
				"up": {"uv": [0.75, 5.5, 0.375, 5.125], "texture": "#0"}
			}
		},
		{
			"from": [5.7, 9.7, 0.6],
			"to": [7.5, 10.4, 2.4],
			"faces": {
				"north": {"uv": [1.5625, 5.3125, 2, 5.5], "texture": "#0"},
				"east": {"uv": [1.5625, 5.3125, 2, 5.5], "texture": "#0"},
				"south": {"uv": [1.5625, 5.3125, 2, 5.5], "texture": "#0"},
				"west": {"uv": [1.5625, 5.3125, 2, 5.5], "texture": "#0"},
				"up": {"uv": [3.4375, 0.4375, 3, 0], "texture": "#0"}
			}
		},
		{
			"from": [5.9, 9.7, 0.8],
			"to": [7.3, 10.7, 2.2],
			"faces": {
				"north": {"uv": [0.9375, 4.75, 1.3125, 4.9375], "texture": "#0"},
				"east": {"uv": [0.9375, 4.75, 1.3125, 5], "texture": "#0"},
				"south": {"uv": [0.9375, 4.75, 1.3125, 5], "texture": "#0"},
				"west": {"uv": [0.9375, 4.75, 1.3125, 5], "texture": "#0"},
				"up": {"uv": [1.5625, 5.5, 1.1875, 5.125], "texture": "#0"}
			}
		},
		{
			"from": [11.7, 9.7, 0.6],
			"to": [13.5, 10.4, 2.4],
			"faces": {
				"north": {"uv": [0, 4.9375, 0.4375, 5.125], "texture": "#0"},
				"east": {"uv": [0, 4.9375, 0.4375, 5.125], "texture": "#0"},
				"south": {"uv": [0, 4.9375, 0.4375, 5.125], "texture": "#0"},
				"west": {"uv": [0, 4.9375, 0.4375, 5.125], "texture": "#0"},
				"up": {"uv": [3.4375, 0.875, 3, 0.4375], "texture": "#0"}
			}
		},
		{
			"from": [1.9, 8.5, -1],
			"to": [4.9, 9.5, 1],
			"faces": {
				"north": {"uv": [0.4375, 4.5, 1.1875, 4.75], "texture": "#0"},
				"east": {"uv": [0.4375, 4.75, 0.9375, 5], "texture": "#0"},
				"south": {"uv": [0.4375, 4.5, 1.1875, 4.75], "texture": "#0"},
				"west": {"uv": [0.4375, 4.75, 0.9375, 5], "texture": "#0"},
				"up": {"uv": [1.1875, 4.5, 0.4375, 4.75], "texture": "#0"},
				"down": {"uv": [1.1875, 4.5, 0.4375, 4.75], "texture": "#0"}
			}
		},
		{
			"from": [10.9, 8.5, -1],
			"to": [13.9, 9.5, 1],
			"faces": {
				"north": {"uv": [1.5625, 4.5, 2.3125, 4.75], "texture": "#0"},
				"east": {"uv": [1.3125, 4.75, 1.8125, 5], "texture": "#0"},
				"south": {"uv": [1.5625, 4.5, 2.3125, 4.75], "texture": "#0"},
				"west": {"uv": [1.3125, 4.75, 1.8125, 5], "texture": "#0"},
				"up": {"uv": [2.3125, 4.5, 1.5625, 4.75], "texture": "#0"},
				"down": {"uv": [2.3125, 4.5, 1.5625, 4.75], "texture": "#0"}
			}
		},
		{
			"from": [11.6, 14.4612, -1.82683],
			"to": [12.15, 14.9612, 2.47317],
			"rotation": {"angle": 22.5, "axis": "x", "origin": [0, -1.2388, -0.82683]},
			"faces": {
				"north": {"uv": [0.4375, 5, 0.5625, 5.125], "texture": "#0"},
				"east": {"uv": [0.4375, 5, 0.5625, 5.125], "texture": "#0"},
				"south": {"uv": [0.4375, 5, 0.5625, 5.125], "texture": "#0"},
				"west": {"uv": [0.4375, 5, 0.5625, 5.125], "texture": "#0"},
				"up": {"uv": [0.5625, 5.125, 0.4375, 5], "texture": "#0"},
				"down": {"uv": [0.5625, 5, 0.4375, 5.125], "texture": "#0"}
			}
		},
		{
			"from": [11.3, 14.0612, -1.82683],
			"to": [11.6, 14.6612, 2.47317],
			"rotation": {"angle": 22.5, "axis": "x", "origin": [0, -1.2388, -0.82683]},
			"faces": {
				"north": {"uv": [3.4375, 0, 3.5, 0.125], "texture": "#0"},
				"east": {"uv": [3.4375, 0, 3.5, 0.125], "texture": "#0"},
				"south": {"uv": [3.4375, 0, 3.5, 0.125], "texture": "#0"},
				"west": {"uv": [3.4375, 0, 3.5, 0.125], "texture": "#0"},
				"up": {"uv": [3.5, 0.125, 3.4375, 0], "texture": "#0"},
				"down": {"uv": [3.5, 0, 3.4375, 0.125], "texture": "#0"}
			}
		},
		{
			"from": [10.6, 12.3612, -1.82683],
			"to": [12.3, 14.0612, 2.47317],
			"rotation": {"angle": 22.5, "axis": "x", "origin": [0, -1.2388, -0.82683]},
			"faces": {
				"north": {"uv": [0, 4.5, 0.4375, 4.9375], "texture": "#0"},
				"east": {"uv": [0, 4.5, 0.4375, 4.9375], "texture": "#0"},
				"south": {"uv": [0, 4.5, 0.4375, 4.9375], "texture": "#0"},
				"west": {"uv": [0, 4.5, 0.4375, 4.9375], "texture": "#0"},
				"up": {"uv": [0.4375, 4.9375, 0, 4.5], "texture": "#0"},
				"down": {"uv": [0.4375, 4.5, 0, 4.9375], "texture": "#0"}
			}
		},
		{
			"from": [8.1, 14.4612, -1.82683],
			"to": [8.65, 14.9612, 2.47317],
			"rotation": {"angle": 22.5, "axis": "x", "origin": [0, -1.2388, -0.82683]},
			"faces": {
				"north": {"uv": [0.4375, 5, 0.5625, 5.125], "texture": "#0"},
				"east": {"uv": [0.4375, 5, 0.5625, 5.125], "texture": "#0"},
				"south": {"uv": [0.4375, 5, 0.5625, 5.125], "texture": "#0"},
				"west": {"uv": [0.4375, 5, 0.5625, 5.125], "texture": "#0"},
				"up": {"uv": [0.5625, 5.125, 0.4375, 5], "texture": "#0"},
				"down": {"uv": [0.5625, 5, 0.4375, 5.125], "texture": "#0"}
			}
		},
		{
			"from": [7.8, 14.0612, -1.82683],
			"to": [8.1, 14.6612, 2.47317],
			"rotation": {"angle": 22.5, "axis": "x", "origin": [0, -1.2388, -0.82683]},
			"faces": {
				"north": {"uv": [3.4375, 0, 3.5, 0.125], "texture": "#0"},
				"east": {"uv": [3.4375, 0, 3.5, 0.125], "texture": "#0"},
				"south": {"uv": [3.4375, 0, 3.5, 0.125], "texture": "#0"},
				"west": {"uv": [3.4375, 0, 3.5, 0.125], "texture": "#0"},
				"up": {"uv": [3.5, 0.125, 3.4375, 0], "texture": "#0"},
				"down": {"uv": [3.5, 0, 3.4375, 0.125], "texture": "#0"}
			}
		},
		{
			"from": [7.1, 12.3612, -1.82683],
			"to": [8.8, 14.0612, 2.47317],
			"rotation": {"angle": 22.5, "axis": "x", "origin": [0, -1.2388, -0.82683]},
			"faces": {
				"north": {"uv": [0, 4.5, 0.4375, 4.9375], "texture": "#0"},
				"east": {"uv": [0, 4.5, 0.4375, 4.9375], "texture": "#0"},
				"south": {"uv": [0, 4.5, 0.4375, 4.9375], "texture": "#0"},
				"west": {"uv": [0, 4.5, 0.4375, 4.9375], "texture": "#0"},
				"up": {"uv": [0.4375, 4.9375, 0, 4.5], "texture": "#0"},
				"down": {"uv": [0.4375, 4.5, 0, 4.9375], "texture": "#0"}
			}
		},
		{
			"from": [4.7, 14.4612, -1.82683],
			"to": [5.25, 14.9612, 2.47317],
			"rotation": {"angle": 22.5, "axis": "x", "origin": [0, -1.2388, -0.82683]},
			"faces": {
				"north": {"uv": [0.4375, 5, 0.5625, 5.125], "texture": "#0"},
				"east": {"uv": [0.4375, 5, 0.5625, 5.125], "texture": "#0"},
				"south": {"uv": [0.4375, 5, 0.5625, 5.125], "texture": "#0"},
				"west": {"uv": [0.4375, 5, 0.5625, 5.125], "texture": "#0"},
				"up": {"uv": [0.5625, 5.125, 0.4375, 5], "texture": "#0"},
				"down": {"uv": [0.5625, 5, 0.4375, 5.125], "texture": "#0"}
			}
		},
		{
			"from": [4.4, 14.0612, -1.82683],
			"to": [4.7, 14.6612, 2.47317],
			"rotation": {"angle": 22.5, "axis": "x", "origin": [0, -1.2388, -0.82683]},
			"faces": {
				"north": {"uv": [3.4375, 0, 3.5, 0.125], "texture": "#0"},
				"east": {"uv": [3.4375, 0, 3.5, 0.125], "texture": "#0"},
				"south": {"uv": [3.4375, 0, 3.5, 0.125], "texture": "#0"},
				"west": {"uv": [3.4375, 0, 3.5, 0.125], "texture": "#0"},
				"up": {"uv": [3.5, 0.125, 3.4375, 0], "texture": "#0"},
				"down": {"uv": [3.5, 0, 3.4375, 0.125], "texture": "#0"}
			}
		},
		{
			"from": [3.7, 12.3612, -1.82683],
			"to": [5.4, 14.0612, 2.47317],
			"rotation": {"angle": 22.5, "axis": "x", "origin": [0, -1.2388, -0.82683]},
			"faces": {
				"north": {"uv": [0, 4.5, 0.4375, 4.9375], "texture": "#0"},
				"east": {"uv": [0, 4.5, 0.4375, 4.9375], "texture": "#0"},
				"south": {"uv": [0, 4.5, 0.4375, 4.9375], "texture": "#0"},
				"west": {"uv": [0, 4.5, 0.4375, 4.9375], "texture": "#0"},
				"up": {"uv": [0.4375, 4.9375, 0, 4.5], "texture": "#0"},
				"down": {"uv": [0.4375, 4.5, 0, 4.9375], "texture": "#0"}
			}
		},
		{
			"from": [3, 11.9612, -1.72683],
			"to": [13, 15.0612, -1.42683],
			"rotation": {"angle": 22.5, "axis": "x", "origin": [0, -1.2388, -0.82683]},
			"faces": {
				"north": {"uv": [6.125, 9.625, 8.625, 10.375], "texture": "#0"},
				"east": {"uv": [6.1875, 9.6875, 7.25, 10.4375], "texture": "#0"},
				"west": {"uv": [6.25, 9.6875, 7.3125, 10.4375], "texture": "#0"},
				"up": {"uv": [8.625, 10.6875, 6.125, 9.625], "texture": "#0"},
				"down": {"uv": [8.625, 9.625, 6.125, 10.6875], "texture": "#0"}
			}
		},
		{
			"from": [3, 11.2612, -1.12683],
			"to": [13, 15.7612, 3.17317],
			"rotation": {"angle": 22.5, "axis": "x", "origin": [0, -1.2388, -0.82683]},
			"faces": {
				"north": {"uv": [6.125, 9.625, 8.625, 10.6875], "texture": "#0"},
				"east": {"uv": [7.0625, 9.625, 8.125, 10.6875], "texture": "#0"},
				"south": {"uv": [6.125, 9.625, 8.625, 10.6875], "texture": "#0"},
				"west": {"uv": [6.4375, 9.625, 7.5, 10.625], "texture": "#0"},
				"up": {"uv": [8.625, 10.6875, 6.125, 9.625], "texture": "#0"},
				"down": {"uv": [8.625, 9.625, 6.125, 10.6875], "texture": "#0"}
			}
		},
		{
			"from": [3, 11.4612, -1.42683],
			"to": [13, 15.5612, 2.47317],
			"rotation": {"angle": 22.5, "axis": "x", "origin": [0, -1.2388, -0.82683]},
			"faces": {
				"north": {"uv": [6.125, 9.625, 8.625, 10.625], "texture": "#0"},
				"east": {"uv": [6.3125, 9.6875, 7.3125, 10.6875], "texture": "#0"},
				"west": {"uv": [6.4375, 9.6875, 7.4375, 10.6875], "texture": "#0"},
				"up": {"uv": [8.625, 10.625, 6.125, 9.625], "texture": "#0"},
				"down": {"uv": [8.625, 9.625, 6.125, 10.625], "texture": "#0"}
			}
		},
		{
			"from": [9.5, 11.8612, -1.97683],
			"to": [10, 15.1612, 2.47317],
			"rotation": {"angle": 22.5, "axis": "x", "origin": [0, -1.2388, -0.82683]},
			"faces": {
				"north": {"uv": [0.5625, 5, 0.6875, 5.125], "texture": "#0"},
				"east": {"uv": [0.5625, 5, 0.6875, 5.125], "texture": "#0"},
				"south": {"uv": [0.5625, 5, 0.6875, 5.125], "texture": "#0"},
				"west": {"uv": [0.5625, 5, 0.6875, 5.125], "texture": "#0"},
				"up": {"uv": [0.6875, 5.125, 0.5625, 5], "texture": "#0"},
				"down": {"uv": [0.6875, 5, 0.5625, 5.125], "texture": "#0"}
			}
		},
		{
			"from": [9.5, 11.1612, -1.37683],
			"to": [10, 15.8612, 3.17317],
			"rotation": {"angle": 22.5, "axis": "x", "origin": [0, -1.2388, -0.82683]},
			"faces": {
				"north": {"uv": [0.5625, 5, 0.6875, 5.125], "texture": "#0"},
				"east": {"uv": [0.5625, 5, 0.6875, 5.125], "texture": "#0"},
				"south": {"uv": [0.5625, 5, 0.6875, 5.125], "texture": "#0"},
				"west": {"uv": [0.5625, 5, 0.6875, 5.125], "texture": "#0"},
				"up": {"uv": [0.6875, 5.125, 0.5625, 5], "texture": "#0"},
				"down": {"uv": [0.6875, 5, 0.5625, 5.125], "texture": "#0"}
			}
		},
		{
			"from": [9.5, 11.3612, -1.67683],
			"to": [10, 15.6612, 2.47317],
			"rotation": {"angle": 22.5, "axis": "x", "origin": [0, -1.2388, -0.82683]},
			"faces": {
				"north": {"uv": [0.5625, 5, 0.6875, 5.125], "texture": "#0"},
				"east": {"uv": [0.5625, 5, 0.6875, 5.125], "texture": "#0"},
				"south": {"uv": [0.5625, 5, 0.6875, 5.125], "texture": "#0"},
				"west": {"uv": [0.5625, 5, 0.6875, 5.125], "texture": "#0"},
				"up": {"uv": [0.6875, 5.125, 0.5625, 5], "texture": "#0"},
				"down": {"uv": [0.6875, 5, 0.5625, 5.125], "texture": "#0"}
			}
		},
		{
			"from": [6, 11.8612, -1.97683],
			"to": [6.5, 15.1612, 2.47317],
			"rotation": {"angle": 22.5, "axis": "x", "origin": [0, -1.2388, -0.82683]},
			"faces": {
				"north": {"uv": [0.5625, 5, 0.6875, 5.125], "texture": "#0"},
				"east": {"uv": [0.5625, 5, 0.6875, 5.125], "texture": "#0"},
				"south": {"uv": [0.5625, 5, 0.6875, 5.125], "texture": "#0"},
				"west": {"uv": [0.5625, 5, 0.6875, 5.125], "texture": "#0"},
				"up": {"uv": [0.6875, 5.125, 0.5625, 5], "texture": "#0"},
				"down": {"uv": [0.6875, 5, 0.5625, 5.125], "texture": "#0"}
			}
		},
		{
			"from": [6, 11.1612, -1.37683],
			"to": [6.5, 15.8612, 3.17317],
			"rotation": {"angle": 22.5, "axis": "x", "origin": [0, -1.2388, -0.82683]},
			"faces": {
				"north": {"uv": [0.5625, 5, 0.6875, 5.125], "texture": "#0"},
				"east": {"uv": [0.5625, 5, 0.6875, 5.125], "texture": "#0"},
				"south": {"uv": [0.5625, 5, 0.6875, 5.125], "texture": "#0"},
				"west": {"uv": [0.5625, 5, 0.6875, 5.125], "texture": "#0"},
				"up": {"uv": [0.6875, 5.125, 0.5625, 5], "texture": "#0"},
				"down": {"uv": [0.6875, 5, 0.5625, 5.125], "texture": "#0"}
			}
		},
		{
			"from": [6, 11.3612, -1.67683],
			"to": [6.5, 15.6612, 2.47317],
			"rotation": {"angle": 22.5, "axis": "x", "origin": [0, -1.2388, -0.82683]},
			"faces": {
				"north": {"uv": [0.5625, 5, 0.6875, 5.125], "texture": "#0"},
				"east": {"uv": [0.5625, 5, 0.6875, 5.125], "texture": "#0"},
				"south": {"uv": [0.5625, 5, 0.6875, 5.125], "texture": "#0"},
				"west": {"uv": [0.5625, 5, 0.6875, 5.125], "texture": "#0"},
				"up": {"uv": [0.6875, 5.125, 0.5625, 5], "texture": "#0"},
				"down": {"uv": [0.6875, 5, 0.5625, 5.125], "texture": "#0"}
			}
		}
	],
	"gui_light": "front",
	"display": {
		"thirdperson_righthand": {
			"rotation": [78, 0, 0],
			"scale": [0.38, 0.38, 0.38]
		},
		"thirdperson_lefthand": {
			"rotation": [78, 0, 0],
			"scale": [0.38, 0.38, 0.38]
		},
		"firstperson_righthand": {
			"rotation": [0, -180, 0],
			"scale": [0.38, 0.38, 0.38]
		},
		"firstperson_lefthand": {
			"rotation": [0, -180, 0],
			"scale": [0.38, 0.38, 0.38]
		},
		"gui": {
			"rotation": [-180, 0, -180],
			"translation": [0, -4.25, 0],
			"scale": [0.46, 0.46, 0.46]
		},
		"head": {
			"translation": [0, -31.25, 0],
			"scale": [1.49, 1.49, 1.49]
		}
	},
	"groups": [
		{
			"name": "group",
			"origin": [0, -1.2388, -0.82683],
			"color": 0,
			"children": [0, 1, 2]
		},
		{
			"name": "group",
			"origin": [8, 8, 8],
			"color": 0,
			"children": [
				{
					"name": "SIDE",
					"origin": [0, 0, 0],
					"color": 0,
					"children": [
						3,
						4,
						5,
						6,
						7,
						8,
						9,
						{
							"name": "SIDE",
							"origin": [0, 0, 0],
							"color": 0,
							"children": [10, 11, 12, 13, 14, 15, 16, 17, 18, 19]
						}
					]
				},
				20,
				21,
				22,
				{
					"name": "BUTTONS",
					"origin": [0, 0, 0],
					"color": 0,
					"children": [23, 24, 25, 26, 27, 28]
				},
				{
					"name": "cash",
					"origin": [0, 0, 0],
					"color": 0,
					"children": [29, 30]
				},
				{
					"name": "APPLE",
					"origin": [0, -1.2388, -0.82683],
					"color": 0,
					"children": [
						31,
						32,
						33,
						{
							"name": "group",
							"origin": [0, -1.2388, -0.82683],
							"color": 0,
							"children": [
								34,
								35,
								36,
								{
									"name": "group",
									"origin": [0, -1.2388, -0.82683],
									"color": 0,
									"children": [37, 38, 39]
								}
							]
						}
					]
				},
				{
					"name": "group",
					"origin": [0, -1.2388, -0.82683],
					"color": 0,
					"children": [
						40,
						41,
						42,
						{
							"name": "group",
							"origin": [0, -1.2388, -0.82683],
							"color": 0,
							"children": [43, 44, 45]
						},
						{
							"name": "group",
							"origin": [0, -1.2388, -0.82683],
							"color": 0,
							"children": [46, 47, 48]
						}
					]
				}
			]
		}
	]
}