{
	"credit": "Made with Blockbench",
	"texture_size": [256, 256],
	"textures": {
		"0": "item/blocks/poker",
		"particle": "item/blocks/poker"
	},
	"elements": [
		{
			"from": [-8, 13, -6],
			"to": [24, 15, 22],
			"faces": {
				"north": {"uv": [0.125, 13.5, 7.875, 14], "texture": "#0"},
				"east": {"uv": [0.5, 13.5, 7.5, 14], "texture": "#0"},
				"south": {"uv": [0.125, 13.5, 7.875, 14], "texture": "#0"},
				"west": {"uv": [0.375, 13.5, 7.375, 14], "texture": "#0"},
				"up": {"uv": [8, 7, 0, 0], "texture": "#0"},
				"down": {"uv": [8, 7, 0, 14], "texture": "#0"}
			}
		},
		{
			"from": [-7, 12, -4],
			"to": [23, 13, 20],
			"faces": {
				"north": {"uv": [1.125, 9, 5.9375, 9.25], "texture": "#0"},
				"east": {"uv": [0.875, 9.1875, 6.875, 9.4375], "texture": "#0"},
				"south": {"uv": [0.4375, 8.875, 6.375, 9.0625], "texture": "#0"},
				"west": {"uv": [0.5, 8.9375, 6.5, 9.1875], "texture": "#0"},
				"down": {"uv": [7.625, 7.3125, 0.125, 13.3125], "texture": "#0"}
			}
		},
		{
			"from": [-8, 14, 20],
			"to": [24, 16, 22],
			"faces": {
				"north": {"uv": [0.125, 14, 7.875, 14.5], "rotation": 180, "texture": "#0"},
				"east": {"uv": [1.9375, 15, 2.4375, 15.5], "texture": "#0"},
				"south": {"uv": [0, 15, 8, 15.5], "texture": "#0"},
				"west": {"uv": [0.875, 15, 1.375, 15.5], "texture": "#0"},
				"up": {"uv": [8, 14.5, 0, 14], "texture": "#0"}
			}
		},
		{
			"from": [14.75, 14, -6],
			"to": [24, 16, -4],
			"faces": {
				"north": {"uv": [2.75, 15, 5, 15.5], "texture": "#0"},
				"east": {"uv": [3.625, 15, 4.125, 15.5], "texture": "#0"},
				"south": {"uv": [2.8125, 14, 5.0625, 14.5], "rotation": 180, "texture": "#0"},
				"west": {"uv": [4.5625, 14.5, 5.0625, 14], "texture": "#0"},
				"up": {"uv": [9.5, 7.25, 10, 9.5], "rotation": 90, "texture": "#0"}
			}
		},
		{
			"from": [-8, 14, -6],
			"to": [1, 16, -4],
			"faces": {
				"north": {"uv": [4.25, 15, 6.5, 15.5], "texture": "#0"},
				"east": {"uv": [1.875, 14.5, 2.375, 15], "texture": "#0"},
				"south": {"uv": [1.875, 14.5, 4.125, 15], "texture": "#0"},
				"west": {"uv": [4.9375, 15, 5.4375, 15.5], "texture": "#0"},
				"up": {"uv": [9.5, 9.5, 10, 7.25], "rotation": 90, "texture": "#0"}
			}
		},
		{
			"from": [30, 13, 1],
			"to": [32, 15, 15],
			"faces": {
				"north": {"uv": [2.6875, 13.5, 3.1875, 14], "texture": "#0"},
				"east": {"uv": [2.4375, 13.5, 5.9375, 14], "texture": "#0"},
				"south": {"uv": [1.75, 13.5, 2.25, 14], "texture": "#0"},
				"down": {"uv": [8, 6.5, 8.5, 10], "texture": "#0"}
			}
		},
		{
			"from": [30, 15, 1],
			"to": [32, 16, 15],
			"faces": {
				"north": {"uv": [1.875, 15, 2.375, 15.25], "texture": "#0"},
				"east": {"uv": [3.1875, 15, 6.6875, 15.25], "texture": "#0"},
				"south": {"uv": [3.625, 15, 4.125, 15.25], "texture": "#0"},
				"west": {"uv": [2.375, 14.5, 5.875, 14.75], "texture": "#0"},
				"up": {"uv": [8.5, 10, 9, 6.5], "texture": "#0"}
			}
		},
		{
			"from": [-16, 15, 1],
			"to": [-14, 16, 15],
			"faces": {
				"north": {"uv": [2.625, 15, 3.125, 15.25], "texture": "#0"},
				"east": {"uv": [2.25, 14.5, 5.75, 14.75], "texture": "#0"},
				"south": {"uv": [3.9375, 15, 4.4375, 15.25], "texture": "#0"},
				"west": {"uv": [2.625, 15, 6.125, 15.25], "texture": "#0"},
				"up": {"uv": [9, 10, 8.5, 6.5], "texture": "#0"}
			}
		},
		{
			"from": [28, 15, 15],
			"to": [30, 16, 18],
			"faces": {
				"north": {"uv": [3.1875, 14.5, 3.6875, 14.75], "texture": "#0"},
				"east": {"uv": [2.75, 15, 3.5, 15.25], "texture": "#0"},
				"south": {"uv": [1.125, 15, 1.625, 15.25], "texture": "#0"},
				"west": {"uv": [2.3125, 14.5, 3.0625, 14.75], "texture": "#0"},
				"up": {"uv": [9.5, 7.25, 10, 6.5], "texture": "#0"}
			}
		},
		{
			"from": [-14, 15, 15],
			"to": [-12, 16, 18],
			"faces": {
				"north": {"uv": [1.125, 14.5, 1.625, 14.75], "texture": "#0"},
				"east": {"uv": [0.8125, 14.5, 1.5625, 14.75], "texture": "#0"},
				"south": {"uv": [2, 15, 2.5, 15.25], "texture": "#0"},
				"west": {"uv": [1.5, 15, 2.25, 15.25], "texture": "#0"},
				"up": {"uv": [10, 7.25, 9.5, 6.5], "texture": "#0"}
			}
		},
		{
			"from": [28, 15, -2],
			"to": [30, 16, 1],
			"faces": {
				"north": {"uv": [1.875, 15, 2.375, 15.25], "texture": "#0"},
				"east": {"uv": [5.6875, 15, 6.4375, 15.25], "texture": "#0"},
				"south": {"uv": [2.9375, 14.5, 3.4375, 14.75], "texture": "#0"},
				"west": {"uv": [2.5, 14.5, 3.25, 14.75], "texture": "#0"},
				"up": {"uv": [9.5, 6.5, 10, 7.25], "texture": "#0"}
			}
		},
		{
			"from": [-14, 15, -2],
			"to": [-12, 16, 1],
			"faces": {
				"north": {"uv": [0.9375, 15, 1.4375, 15.25], "texture": "#0"},
				"east": {"uv": [3.0625, 14.5, 3.8125, 14.75], "texture": "#0"},
				"south": {"uv": [2, 14.5, 2.5, 14.75], "texture": "#0"},
				"west": {"uv": [1.25, 15, 2, 15.25], "texture": "#0"},
				"up": {"uv": [10, 6.5, 9.5, 7.25], "texture": "#0"}
			}
		},
		{
			"from": [-16, 13, 1],
			"to": [-14, 15, 15],
			"faces": {
				"north": {"uv": [0.4375, 13.5, 0.9375, 14], "texture": "#0"},
				"south": {"uv": [6.5, 13.5, 7, 14], "texture": "#0"},
				"west": {"uv": [1.625, 13.5, 5.125, 14], "texture": "#0"},
				"down": {"uv": [8.5, 6.5, 8, 10], "texture": "#0"}
			}
		},
		{
			"from": [28, 13, -2],
			"to": [30, 15, 18],
			"faces": {
				"north": {"uv": [2.6875, 13.5, 3.1875, 14], "texture": "#0"},
				"east": {"uv": [1.625, 13.5, 6.625, 14], "texture": "#0"},
				"south": {"uv": [1.25, 13.5, 1.75, 14], "texture": "#0"},
				"up": {"uv": [10, 14.5, 9.5, 9.5], "texture": "#0"},
				"down": {"uv": [9, 6.5, 9.5, 11.5], "texture": "#0"}
			}
		},
		{
			"from": [-14, 13, -2],
			"to": [-12, 15, 18],
			"faces": {
				"north": {"uv": [2.125, 13.5, 2.625, 14], "texture": "#0"},
				"south": {"uv": [4.625, 13.5, 5.125, 14], "texture": "#0"},
				"west": {"uv": [1.875, 13.5, 6.875, 14], "texture": "#0"},
				"up": {"uv": [9.5, 14.5, 10, 9.5], "texture": "#0"},
				"down": {"uv": [9.5, 6.5, 9, 11.5], "texture": "#0"}
			}
		},
		{
			"from": [24, 13, -5],
			"to": [28, 15, 21],
			"faces": {
				"north": {"uv": [2.9375, 13.5, 3.9375, 14], "texture": "#0"},
				"east": {"uv": [0.1875, 13.5, 6.6875, 14], "texture": "#0"},
				"south": {"uv": [3.5625, 13.5, 4.5625, 14], "texture": "#0"},
				"up": {"uv": [9, 6.5, 8, 0], "texture": "#0"},
				"down": {"uv": [10, 0, 9, 6.5], "texture": "#0"}
			}
		},
		{
			"from": [24, 15, 18],
			"to": [28, 16, 21],
			"faces": {
				"north": {"uv": [5.125, 14.5, 6.125, 14.75], "texture": "#0"},
				"east": {"uv": [3.625, 15, 4.375, 15.25], "texture": "#0"},
				"south": {"uv": [5.875, 15, 6.875, 15.25], "texture": "#0"},
				"west": {"uv": [4.6875, 14.5, 5.4375, 14.75], "texture": "#0"},
				"up": {"uv": [9, 10.75, 8, 10], "texture": "#0"}
			}
		},
		{
			"from": [-12, 15, 18],
			"to": [-8, 16, 21],
			"faces": {
				"north": {"uv": [2.0625, 14.5, 3.0625, 14.75], "texture": "#0"},
				"east": {"uv": [3.8125, 14.5, 4.5625, 14.75], "texture": "#0"},
				"south": {"uv": [2.9375, 15, 3.9375, 15.25], "texture": "#0"},
				"west": {"uv": [3, 15, 3.75, 15.25], "texture": "#0"},
				"up": {"uv": [8, 10.75, 9, 10], "texture": "#0"}
			}
		},
		{
			"from": [24, 15, -5],
			"to": [28, 16, -2],
			"faces": {
				"north": {"uv": [2.625, 15, 3.625, 15.25], "texture": "#0"},
				"east": {"uv": [3.0625, 15, 3.8125, 15.25], "texture": "#0"},
				"south": {"uv": [1.875, 14.5, 2.875, 14.75], "texture": "#0"},
				"west": {"uv": [3.25, 14.5, 4, 14.75], "texture": "#0"},
				"up": {"uv": [9, 10, 8, 10.75], "texture": "#0"}
			}
		},
		{
			"from": [-12, 15, -5],
			"to": [-8, 16, -2],
			"faces": {
				"north": {"uv": [2.875, 15, 3.875, 15.25], "texture": "#0"},
				"east": {"uv": [3.6875, 14.5, 4.4375, 14.75], "texture": "#0"},
				"south": {"uv": [4.375, 14.5, 5.375, 14.75], "texture": "#0"},
				"west": {"uv": [3.8125, 15, 4.5625, 15.25], "texture": "#0"},
				"up": {"uv": [8, 10, 9, 10.75], "texture": "#0"}
			}
		},
		{
			"from": [-12, 13, -5],
			"to": [-8, 15, 21],
			"faces": {
				"north": {"uv": [5.125, 13.5, 6.125, 14], "texture": "#0"},
				"south": {"uv": [3.25, 13.5, 4.25, 14], "texture": "#0"},
				"west": {"uv": [0.6875, 13.5, 7.1875, 14], "texture": "#0"},
				"up": {"uv": [8, 6.5, 9, 0], "texture": "#0"},
				"down": {"uv": [9, 0, 10, 6.5], "texture": "#0"}
			}
		},
		{
			"from": [10.4, 15, -3],
			"to": [11.4, 16, 2],
			"faces": {
				"north": {"uv": [9.125, 11.5625, 9.1875, 11.625], "texture": "#0"},
				"east": {"uv": [9.125, 12.75, 9.1875, 11.5], "rotation": 90, "texture": "#0"},
				"south": {"uv": [9.125, 11.5, 9.1875, 11.5625], "texture": "#0"},
				"west": {"uv": [9.125, 11.5, 9.1875, 12.75], "rotation": 90, "texture": "#0"},
				"up": {"uv": [9.1875, 12.75, 9.125, 11.5], "texture": "#0"},
				"down": {"uv": [9.1875, 11.5, 9.125, 12.75], "texture": "#0"}
			}
		},
		{
			"from": [10.2, 15, -3],
			"to": [11.6, 15.8, 2],
			"faces": {
				"north": {"uv": [9.125, 11.5625, 9.1875, 11.625], "texture": "#0"},
				"east": {"uv": [9.125, 12.75, 9.1875, 11.5], "rotation": 90, "texture": "#0"},
				"south": {"uv": [9.125, 11.5, 9.1875, 11.5625], "texture": "#0"},
				"west": {"uv": [9.125, 11.5, 9.1875, 12.75], "rotation": 90, "texture": "#0"},
				"up": {"uv": [9.1875, 12.75, 9.125, 11.5], "texture": "#0"},
				"down": {"uv": [9.1875, 11.5, 9.125, 12.75], "texture": "#0"}
			}
		},
		{
			"from": [8.9, 15, -3],
			"to": [9.9, 16, 2],
			"faces": {
				"north": {"uv": [9, 11.5625, 9.0625, 11.625], "texture": "#0"},
				"east": {"uv": [9, 12.75, 9.0625, 11.5], "rotation": 90, "texture": "#0"},
				"south": {"uv": [9, 11.5, 9.0625, 11.5625], "texture": "#0"},
				"west": {"uv": [9, 11.5, 9.0625, 12.75], "rotation": 90, "texture": "#0"},
				"up": {"uv": [9.0625, 12.75, 9, 11.5], "texture": "#0"},
				"down": {"uv": [9.0625, 11.5, 9, 12.75], "texture": "#0"}
			}
		},
		{
			"from": [8.7, 15, -3],
			"to": [10.1, 15.8, 2],
			"faces": {
				"north": {"uv": [9, 11.5625, 9.0625, 11.625], "texture": "#0"},
				"east": {"uv": [9, 12.75, 9.0625, 11.5], "rotation": 90, "texture": "#0"},
				"south": {"uv": [9, 11.5, 9.0625, 11.5625], "texture": "#0"},
				"west": {"uv": [9, 11.5, 9.0625, 12.75], "rotation": 90, "texture": "#0"},
				"up": {"uv": [9.0625, 12.75, 9, 11.5], "texture": "#0"},
				"down": {"uv": [9.0625, 11.5, 9, 12.75], "texture": "#0"}
			}
		},
		{
			"from": [9.6, 16, -2.8],
			"to": [10.6, 17.2, 1.8],
			"faces": {
				"north": {"uv": [9.1875, 12.8125, 9.25, 12.875], "texture": "#0"},
				"east": {"uv": [9.1875, 13.875, 9.25, 12.75], "rotation": 90, "texture": "#0"},
				"south": {"uv": [9.1875, 12.75, 9.25, 12.8125], "texture": "#0"},
				"west": {"uv": [9.1875, 12.75, 9.25, 13.875], "rotation": 90, "texture": "#0"},
				"up": {"uv": [9.25, 13.875, 9.1875, 12.75], "texture": "#0"},
				"down": {"uv": [9.25, 12.75, 9.1875, 13.875], "texture": "#0"}
			}
		},
		{
			"from": [9.4, 16.2, -2.8],
			"to": [10.8, 17, 1.8],
			"faces": {
				"north": {"uv": [9.1875, 12.8125, 9.25, 12.875], "texture": "#0"},
				"east": {"uv": [9.1875, 13.875, 9.25, 12.75], "rotation": 90, "texture": "#0"},
				"south": {"uv": [9.1875, 12.75, 9.25, 12.8125], "texture": "#0"},
				"west": {"uv": [9.1875, 12.75, 9.25, 13.875], "rotation": 90, "texture": "#0"},
				"up": {"uv": [9.25, 13.875, 9.1875, 12.75], "texture": "#0"},
				"down": {"uv": [9.25, 12.75, 9.1875, 13.875], "texture": "#0"}
			}
		},
		{
			"from": [8.1, 16, -2.8],
			"to": [9.1, 17.2, 1.8],
			"faces": {
				"north": {"uv": [9, 12.8125, 9.0625, 12.875], "texture": "#0"},
				"east": {"uv": [9, 13.875, 9.0625, 12.75], "rotation": 90, "texture": "#0"},
				"south": {"uv": [9, 12.75, 9.0625, 12.8125], "texture": "#0"},
				"west": {"uv": [9, 12.75, 9.0625, 13.875], "rotation": 90, "texture": "#0"},
				"up": {"uv": [9.0625, 13.875, 9, 12.75], "texture": "#0"},
				"down": {"uv": [9.0625, 12.75, 9, 13.875], "texture": "#0"}
			}
		},
		{
			"from": [7.9, 16.2, -2.8],
			"to": [9.3, 17, 1.8],
			"faces": {
				"north": {"uv": [9, 12.8125, 9.0625, 12.875], "texture": "#0"},
				"east": {"uv": [9, 13.875, 9.0625, 12.75], "rotation": 90, "texture": "#0"},
				"south": {"uv": [9, 12.75, 9.0625, 12.8125], "texture": "#0"},
				"west": {"uv": [9, 12.75, 9.0625, 13.875], "rotation": 90, "texture": "#0"},
				"up": {"uv": [9.0625, 13.875, 9, 12.75], "texture": "#0"},
				"down": {"uv": [9.0625, 12.75, 9, 13.875], "texture": "#0"}
			}
		},
		{
			"from": [7.4, 15, -3],
			"to": [8.4, 16, 2],
			"faces": {
				"north": {"uv": [8.875, 10.8125, 8.9375, 10.875], "texture": "#0"},
				"east": {"uv": [8.875, 12, 8.9375, 10.75], "rotation": 90, "texture": "#0"},
				"south": {"uv": [8.875, 10.75, 8.9375, 10.8125], "texture": "#0"},
				"west": {"uv": [8.875, 10.75, 8.9375, 12], "rotation": 90, "texture": "#0"},
				"up": {"uv": [8.9375, 12, 8.875, 10.75], "texture": "#0"},
				"down": {"uv": [8.9375, 10.75, 8.875, 12], "texture": "#0"}
			}
		},
		{
			"from": [7.2, 15, -3],
			"to": [8.6, 15.8, 2],
			"faces": {
				"north": {"uv": [8.875, 10.8125, 8.9375, 10.875], "texture": "#0"},
				"east": {"uv": [8.875, 12, 8.9375, 10.75], "rotation": 90, "texture": "#0"},
				"south": {"uv": [8.875, 10.75, 8.9375, 10.8125], "texture": "#0"},
				"west": {"uv": [8.875, 10.75, 8.9375, 12], "rotation": 90, "texture": "#0"},
				"up": {"uv": [8.9375, 12, 8.875, 10.75], "texture": "#0"},
				"down": {"uv": [8.9375, 10.75, 8.875, 12], "texture": "#0"}
			}
		},
		{
			"from": [6.6, 16, -2.8],
			"to": [7.6, 17.2, 1.8],
			"faces": {
				"north": {"uv": [9.0625, 12.8125, 9.125, 12.875], "texture": "#0"},
				"east": {"uv": [9.0625, 13.875, 9.125, 12.75], "rotation": 90, "texture": "#0"},
				"south": {"uv": [9.0625, 12.75, 9.125, 12.8125], "texture": "#0"},
				"west": {"uv": [9.0625, 12.75, 9.125, 13.875], "rotation": 90, "texture": "#0"},
				"up": {"uv": [9.125, 13.875, 9.0625, 12.75], "texture": "#0"},
				"down": {"uv": [9.125, 12.75, 9.0625, 13.875], "texture": "#0"}
			}
		},
		{
			"from": [6.4, 16.2, -2.8],
			"to": [7.8, 17, 1.8],
			"faces": {
				"north": {"uv": [9.0625, 12.8125, 9.125, 12.875], "texture": "#0"},
				"east": {"uv": [9.0625, 13.875, 9.125, 12.75], "rotation": 90, "texture": "#0"},
				"south": {"uv": [9.0625, 12.75, 9.125, 12.8125], "texture": "#0"},
				"west": {"uv": [9.0625, 12.75, 9.125, 13.875], "rotation": 90, "texture": "#0"},
				"up": {"uv": [9.125, 13.875, 9.0625, 12.75], "texture": "#0"},
				"down": {"uv": [9.125, 12.75, 9.0625, 13.875], "texture": "#0"}
			}
		},
		{
			"from": [5.9, 15, -3],
			"to": [6.9, 16, 2],
			"faces": {
				"north": {"uv": [9.0625, 11.5625, 9.125, 11.625], "texture": "#0"},
				"east": {"uv": [9.0625, 11.5, 9.125, 12.75], "rotation": 90, "texture": "#0"},
				"south": {"uv": [9.0625, 11.5, 9.125, 11.5625], "texture": "#0"},
				"west": {"uv": [9.0625, 11.5, 9.125, 12.75], "rotation": 90, "texture": "#0"},
				"up": {"uv": [9.125, 12.75, 9.0625, 11.5], "texture": "#0"},
				"down": {"uv": [9.125, 11.5, 9.0625, 12.75], "texture": "#0"}
			}
		},
		{
			"from": [5.7, 15, -3],
			"to": [7.1, 15.8, 2],
			"faces": {
				"north": {"uv": [9.0625, 11.5625, 9.125, 11.625], "texture": "#0"},
				"east": {"uv": [9.0625, 11.5, 9.125, 12.75], "rotation": 90, "texture": "#0"},
				"south": {"uv": [9.0625, 11.5, 9.125, 11.5625], "texture": "#0"},
				"west": {"uv": [9.0625, 11.5, 9.125, 12.75], "rotation": 90, "texture": "#0"},
				"up": {"uv": [9.125, 12.75, 9.0625, 11.5], "texture": "#0"},
				"down": {"uv": [9.125, 11.5, 9.0625, 12.75], "texture": "#0"}
			}
		},
		{
			"from": [5.1, 16, -2.8],
			"to": [6.1, 17.2, 1.8],
			"faces": {
				"north": {"uv": [9.125, 13.8125, 9.1875, 13.875], "texture": "#0"},
				"east": {"uv": [9.125, 13.875, 9.1875, 12.75], "rotation": 90, "texture": "#0"},
				"south": {"uv": [9.125, 12.75, 9.1875, 12.8125], "texture": "#0"},
				"west": {"uv": [9.125, 12.75, 9.1875, 13.875], "rotation": 90, "texture": "#0"},
				"up": {"uv": [9.1875, 13.875, 9.125, 12.75], "texture": "#0"},
				"down": {"uv": [9.1875, 12.75, 9.125, 13.875], "texture": "#0"}
			}
		},
		{
			"from": [4.9, 16.2, -2.8],
			"to": [6.3, 17, 1.8],
			"faces": {
				"north": {"uv": [9.125, 12.8125, 9.1875, 12.875], "texture": "#0"},
				"east": {"uv": [9.125, 13.875, 9.1875, 12.75], "rotation": 90, "texture": "#0"},
				"south": {"uv": [9.125, 12.75, 9.1875, 12.8125], "texture": "#0"},
				"west": {"uv": [9.125, 12.75, 9.1875, 13.875], "rotation": 90, "texture": "#0"},
				"up": {"uv": [9.1875, 13.875, 9.125, 12.75], "texture": "#0"},
				"down": {"uv": [9.1875, 12.75, 9.125, 13.875], "texture": "#0"}
			}
		},
		{
			"from": [4.4, 15, -3],
			"to": [5.4, 16, 2],
			"faces": {
				"north": {"uv": [8.9375, 10.8125, 9, 10.875], "texture": "#0"},
				"east": {"uv": [8.9375, 12, 9, 10.75], "rotation": 90, "texture": "#0"},
				"south": {"uv": [8.9375, 10.75, 9, 10.8125], "texture": "#0"},
				"west": {"uv": [8.9375, 10.75, 9, 12], "rotation": 90, "texture": "#0"},
				"up": {"uv": [9, 12, 8.9375, 10.75], "texture": "#0"},
				"down": {"uv": [9, 10.75, 8.9375, 12], "texture": "#0"}
			}
		},
		{
			"from": [4.2, 15, -3],
			"to": [5.6, 15.8, 2],
			"faces": {
				"north": {"uv": [8.9375, 10.8125, 9, 10.875], "texture": "#0"},
				"east": {"uv": [8.9375, 12, 9, 10.75], "rotation": 90, "texture": "#0"},
				"south": {"uv": [8.9375, 10.75, 9, 10.8125], "texture": "#0"},
				"west": {"uv": [8.9375, 10.75, 9, 12], "rotation": 90, "texture": "#0"},
				"up": {"uv": [9, 12, 8.9375, 10.75], "texture": "#0"},
				"down": {"uv": [9, 10.75, 8.9375, 12], "texture": "#0"}
			}
		},
		{
			"from": [-1.5, 0, 6.5],
			"to": [1.5, 13, 9.5],
			"faces": {
				"north": {"uv": [8, 10.75, 8.75, 10.8125], "texture": "#0"},
				"east": {"uv": [8, 10.75, 8.75, 10.8125], "texture": "#0"},
				"south": {"uv": [8, 10.75, 8.75, 10.8125], "texture": "#0"},
				"west": {"uv": [8, 10.75, 8.75, 10.8125], "texture": "#0"},
				"down": {"uv": [8.1875, 12.75, 8.125, 12.8125], "texture": "#0"}
			}
		},
		{
			"from": [14, 0.4, 6],
			"to": [18, 3.9, 10],
			"faces": {
				"north": {"uv": [8, 14.625, 9, 15.5], "texture": "#0"},
				"east": {"uv": [8, 14.625, 9, 15.5], "texture": "#0"},
				"south": {"uv": [8, 14.625, 9, 15.5], "texture": "#0"},
				"west": {"uv": [9, 14.625, 10, 15.5], "texture": "#0"},
				"up": {"uv": [8.1875, 12.8125, 8.125, 12.75], "texture": "#0"},
				"down": {"uv": [8.1875, 12.75, 8.125, 12.8125], "texture": "#0"}
			}
		},
		{
			"from": [14, 5, 6],
			"to": [18, 11.1, 10],
			"faces": {
				"north": {"uv": [8, 12.6875, 9, 14.1875], "texture": "#0"},
				"east": {"uv": [8, 12.6875, 9, 14.1875], "texture": "#0"},
				"south": {"uv": [8, 12.6875, 9, 14.1875], "texture": "#0"},
				"west": {"uv": [8, 12.6875, 9, 14.1875], "texture": "#0"},
				"down": {"uv": [8.1875, 12.75, 8.125, 12.8125], "texture": "#0"}
			}
		},
		{
			"from": [14.2, 4.3, 6.2],
			"to": [17.8, 11.8, 9.8],
			"faces": {
				"north": {"uv": [8, 10.75, 8.875, 12.625], "texture": "#0"},
				"east": {"uv": [8, 10.75, 8.875, 12.625], "texture": "#0"},
				"south": {"uv": [8, 10.75, 8.875, 12.625], "texture": "#0"},
				"west": {"uv": [8, 10.75, 8.875, 12.625], "texture": "#0"},
				"down": {"uv": [8.1875, 12.75, 8.125, 12.8125], "texture": "#0"}
			}
		},
		{
			"from": [14.5, 0, 6.5],
			"to": [17.5, 13, 9.5],
			"faces": {
				"north": {"uv": [8, 10.75, 8.75, 10.8125], "texture": "#0"},
				"east": {"uv": [8, 10.75, 8.75, 10.8125], "texture": "#0"},
				"south": {"uv": [8, 10.75, 8.75, 10.8125], "texture": "#0"},
				"west": {"uv": [8, 10.75, 8.75, 10.8125], "texture": "#0"},
				"down": {"uv": [8.1875, 12.75, 8.125, 12.8125], "texture": "#0"}
			}
		},
		{
			"from": [-2, 0.4, 6],
			"to": [2, 3.9, 10],
			"faces": {
				"north": {"uv": [8, 14.625, 9, 15.5], "texture": "#0"},
				"east": {"uv": [9, 14.625, 10, 15.5], "texture": "#0"},
				"south": {"uv": [8, 14.625, 9, 15.5], "texture": "#0"},
				"west": {"uv": [8, 14.625, 9, 15.5], "texture": "#0"},
				"up": {"uv": [8.1875, 12.8125, 8.125, 12.75], "texture": "#0"},
				"down": {"uv": [8.1875, 12.75, 8.125, 12.8125], "texture": "#0"}
			}
		},
		{
			"from": [2, 1.6, 7.5],
			"to": [14, 2.7, 8.5],
			"faces": {
				"north": {"uv": [9.5, 11.5, 9.25, 14.5], "rotation": 90, "texture": "#0"},
				"south": {"uv": [9.25, 11.5, 9.5, 14.5], "rotation": 90, "texture": "#0"},
				"up": {"uv": [9.5, 14.5, 9.25, 11.5], "rotation": 90, "texture": "#0"},
				"down": {"uv": [9.5, 14.5, 9.25, 11.5], "rotation": 90, "texture": "#0"}
			}
		},
		{
			"from": [-2, 5, 6],
			"to": [2, 11.1, 10],
			"faces": {
				"north": {"uv": [8, 12.6875, 9, 14.1875], "texture": "#0"},
				"east": {"uv": [8, 12.6875, 9, 14.1875], "texture": "#0"},
				"south": {"uv": [8, 12.6875, 9, 14.1875], "texture": "#0"},
				"west": {"uv": [8, 12.6875, 9, 14.1875], "texture": "#0"},
				"down": {"uv": [8.1875, 12.75, 8.125, 12.8125], "texture": "#0"}
			}
		},
		{
			"from": [-1.8, 4.3, 6.2],
			"to": [1.8, 11.8, 9.8],
			"faces": {
				"north": {"uv": [8, 10.75, 8.875, 12.625], "texture": "#0"},
				"east": {"uv": [8, 10.75, 8.875, 12.625], "texture": "#0"},
				"south": {"uv": [8, 10.75, 8.875, 12.625], "texture": "#0"},
				"west": {"uv": [8, 10.75, 8.875, 12.625], "texture": "#0"},
				"down": {"uv": [8.1875, 12.75, 8.125, 12.8125], "texture": "#0"}
			}
		},
		{
			"from": [-4, 1.7, 7],
			"to": [1, 3.7, 9],
			"rotation": {"angle": 22.5, "axis": "z", "origin": [0, 0, 0]},
			"faces": {
				"north": {"uv": [10.5, 1.25, 10, 0], "rotation": 90, "texture": "#0"},
				"south": {"uv": [10.5, 3, 10, 1.75], "rotation": 90, "texture": "#0"},
				"west": {"uv": [10, 1.25, 10.5, 1.75], "texture": "#0"},
				"up": {"uv": [10, 3, 10.5, 4.25], "rotation": 90, "texture": "#0"},
				"down": {"uv": [10.5, 5.5, 10, 4.25], "rotation": 90, "texture": "#0"}
			}
		},
		{
			"from": [13.8, 7.8, 7],
			"to": [18.8, 9.8, 9],
			"rotation": {"angle": -22.5, "axis": "z", "origin": [0, 0, 0]},
			"faces": {
				"north": {"uv": [10.5, 3, 10, 1.75], "rotation": 90, "texture": "#0"},
				"east": {"uv": [10, 1.25, 10.5, 1.75], "texture": "#0"},
				"south": {"uv": [10.5, 1.25, 10, 0], "rotation": 90, "texture": "#0"},
				"up": {"uv": [10.5, 4.25, 10, 3], "rotation": 90, "texture": "#0"},
				"down": {"uv": [10, 4.25, 10.5, 5.5], "rotation": 90, "texture": "#0"}
			}
		},
		{
			"from": [-1, 4.8, 6.8],
			"to": [1, 6.8, 11.8],
			"rotation": {"angle": 22.5, "axis": "x", "origin": [0, 0, 0]},
			"faces": {
				"east": {"uv": [10.5, 3, 10, 1.75], "rotation": 90, "texture": "#0"},
				"south": {"uv": [10, 1.75, 10.5, 1.25], "texture": "#0"},
				"west": {"uv": [10.5, 1.25, 10, 0], "rotation": 90, "texture": "#0"},
				"up": {"uv": [10, 3, 10.5, 4.25], "texture": "#0"},
				"down": {"uv": [10, 4.25, 10.5, 5.5], "texture": "#0"}
			}
		},
		{
			"from": [15, 4.8, 6.8],
			"to": [17, 6.8, 11.8],
			"rotation": {"angle": 22.5, "axis": "x", "origin": [0, 0, 0]},
			"faces": {
				"east": {"uv": [10.5, 3, 10, 1.75], "rotation": 90, "texture": "#0"},
				"south": {"uv": [10, 1.25, 10.5, 1.75], "texture": "#0"},
				"west": {"uv": [10.5, 1.25, 10, 0], "rotation": 90, "texture": "#0"},
				"up": {"uv": [10.5, 4.25, 10, 3], "rotation": 180, "texture": "#0"},
				"down": {"uv": [10, 4.25, 10.5, 5.5], "texture": "#0"}
			}
		},
		{
			"from": [-1, -1.4, 3.4],
			"to": [1, 0.6, 8.4],
			"rotation": {"angle": -22.5, "axis": "x", "origin": [0, 0, 0]},
			"faces": {
				"north": {"uv": [10, 1.25, 10.5, 1.75], "texture": "#0"},
				"east": {"uv": [10.5, 1.25, 10, 0], "rotation": 90, "texture": "#0"},
				"west": {"uv": [10.5, 3, 10, 1.75], "rotation": 90, "texture": "#0"},
				"up": {"uv": [10.5, 4.25, 10, 3], "texture": "#0"},
				"down": {"uv": [10, 4.25, 10.5, 5.4375], "rotation": 180, "texture": "#0"}
			}
		},
		{
			"from": [15, -1.4, 3.4],
			"to": [17, 0.6, 8.4],
			"rotation": {"angle": -22.5, "axis": "x", "origin": [0, 0, 0]},
			"faces": {
				"north": {"uv": [10, 1.25, 10.5, 1.75], "texture": "#0"},
				"east": {"uv": [10.5, 1.25, 10, 0], "rotation": 90, "texture": "#0"},
				"west": {"uv": [10.5, 3, 10, 1.75], "rotation": 90, "texture": "#0"},
				"up": {"uv": [10.5, 4.25, 10, 3.125], "texture": "#0"},
				"down": {"uv": [10, 4.25, 10.5, 5.5], "rotation": 180, "texture": "#0"}
			}
		}
	],
	"gui_light": "front",
	"display": {
		"thirdperson_righthand": {
			"scale": [0.5, 0.5, 0.5]
		},
		"thirdperson_lefthand": {
			"scale": [0.5, 0.5, 0.5]
		},
		"firstperson_righthand": {
			"scale": [0.5, 0.5, 0.5]
		},
		"firstperson_lefthand": {
			"scale": [0.5, 0.5, 0.5]
		},
		"ground": {
			"translation": [0, 4.25, 0]
		},
		"gui": {
			"rotation": [38, 0, 0],
			"translation": [0, -1.5, 0],
			"scale": [0.3, 0.3, 0.3]
		},
		"head": {
			"translation": [0, -31, 0],
			"scale": [1.5, 1.5, 1.5]
		},
		"fixed": {
			"rotation": [-90, 0, 0],
			"scale": [0.5, 0.5, 0.5]
		}
	},
	"groups": [
		{
			"name": "group",
			"origin": [0, 0, 0],
			"color": 0,
			"children": [
				0,
				1,
				2,
				3,
				4,
				5,
				6,
				7,
				8,
				9,
				10,
				11,
				12,
				13,
				14,
				15,
				16,
				17,
				18,
				19,
				20,
				21,
				22,
				23,
				24,
				25,
				26,
				27,
				28,
				29,
				30,
				31,
				32,
				33,
				34,
				35,
				36,
				37,
				38,
				39,
				40,
				41,
				42,
				43,
				44,
				45,
				46,
				47,
				48,
				49,
				50,
				51,
				52,
				53
			]
		}
	]
}