{
	"credit": "Made with Blockbench",
	"texture_size": [512, 512],
	"textures": {
		"0": "item/blocks/stairs",
		"1": "item/blocks/stairs_anim",
		"particle": "item/blocks/stairs"
	},
	"elements": [
		{
			"from": [1, 16, 0],
			"to": [1, 32, 11],
			"faces": {
				"west": {"uv": [0, 0, 11, 16], "texture": "#1"}
			}
		},
		{
			"from": [0.5, 0, 11],
			"to": [15.5, 32, 12],
			"faces": {
				"east": {"uv": [0.5, 4, 0.625, 8], "texture": "#0"},
				"west": {"uv": [0.5, 4, 0.625, 8], "texture": "#0"},
				"up": {"uv": [0.625, 5.875, 0.5, 4], "rotation": 90, "texture": "#0"},
				"down": {"uv": [0.5, 5.875, 0.625, 4], "rotation": 90, "texture": "#0"}
			}
		},
		{
			"from": [0, 0, 0],
			"to": [16, 16, 11],
			"faces": {
				"north": {"uv": [1.875, 4, 3.875, 6], "texture": "#0"},
				"east": {"uv": [5.875, 4, 7.25, 6], "texture": "#0"},
				"south": {"uv": [3.875, 4, 5.875, 6], "texture": "#0"},
				"west": {"uv": [1.875, 6, 3.25, 8], "texture": "#0"},
				"up": {"uv": [5.25, 7.375, 3.25, 6], "texture": "#0"},
				"down": {"uv": [7.25, 6, 5.25, 7.375], "texture": "#0"}
			}
		},
		{
			"from": [-0.6, 12.6, 1.3],
			"to": [0, 14.2, 2.9],
			"faces": {
				"north": {"uv": [0.875, 7.5, 0.9375, 7.6875], "texture": "#0"},
				"south": {"uv": [0.9375, 7.5, 1, 7.6875], "texture": "#0"},
				"west": {"uv": [1, 7.5, 1.1875, 7.6875], "texture": "#0"},
				"up": {"uv": [0.9375, 7.5, 0.875, 7.6875], "texture": "#0"},
				"down": {"uv": [1, 7.5, 0.9375, 7.6875], "texture": "#0"}
			}
		},
		{
			"from": [-0.4, 12.5, 1.2],
			"to": [0, 14.3, 3],
			"faces": {
				"north": {"uv": [1.09375, 7.6875, 1.15625, 7.90625], "texture": "#0"},
				"south": {"uv": [1.21875, 7.90625, 1.15625, 7.6875], "texture": "#0"},
				"west": {"uv": [0.875, 7.6875, 1.09375, 7.90625], "texture": "#0"},
				"up": {"uv": [1.15625, 7.6875, 1.09375, 7.90625], "texture": "#0"},
				"down": {"uv": [1.21875, 7.6875, 1.15625, 7.90625], "texture": "#0"}
			}
		},
		{
			"from": [-0.6, 12.6, 3.6],
			"to": [0, 14.2, 5.2],
			"faces": {
				"north": {"uv": [0.875, 7.5, 0.9375, 7.6875], "texture": "#0"},
				"south": {"uv": [0.9375, 7.5, 1, 7.6875], "texture": "#0"},
				"west": {"uv": [1, 7.5, 1.1875, 7.6875], "texture": "#0"},
				"up": {"uv": [0.9375, 7.5, 0.875, 7.6875], "texture": "#0"},
				"down": {"uv": [1, 7.5, 0.9375, 7.6875], "texture": "#0"}
			}
		},
		{
			"from": [-0.4, 12.5, 3.5],
			"to": [0, 14.3, 5.3],
			"faces": {
				"north": {"uv": [1.09375, 7.6875, 1.15625, 7.90625], "texture": "#0"},
				"south": {"uv": [1.21875, 7.6875, 1.15625, 7.90625], "texture": "#0"},
				"west": {"uv": [0.875, 7.6875, 1.09375, 7.90625], "texture": "#0"},
				"up": {"uv": [1.15625, 7.6875, 1.09375, 7.90625], "texture": "#0"},
				"down": {"uv": [1.21875, 7.6875, 1.15625, 7.90625], "texture": "#0"}
			}
		},
		{
			"from": [-0.6, 12.6, 5.9],
			"to": [0, 14.2, 7.5],
			"faces": {
				"north": {"uv": [0.875, 7.5, 0.9375, 7.6875], "texture": "#0"},
				"south": {"uv": [0.9375, 7.5, 1, 7.6875], "texture": "#0"},
				"west": {"uv": [1, 7.5, 1.1875, 7.6875], "texture": "#0"},
				"up": {"uv": [0.9375, 7.5, 0.875, 7.6875], "texture": "#0"},
				"down": {"uv": [1, 7.5, 0.9375, 7.6875], "texture": "#0"}
			}
		},
		{
			"from": [-0.4, 12.5, 5.8],
			"to": [0, 14.3, 7.6],
			"faces": {
				"north": {"uv": [1.09375, 7.6875, 1.15625, 7.90625], "texture": "#0"},
				"south": {"uv": [1.21875, 7.6875, 1.15625, 7.90625], "texture": "#0"},
				"west": {"uv": [0.875, 7.6875, 1.09375, 7.90625], "texture": "#0"},
				"up": {"uv": [1.15625, 7.6875, 1.09375, 7.90625], "texture": "#0"},
				"down": {"uv": [1.21875, 7.6875, 1.15625, 7.90625], "texture": "#0"}
			}
		},
		{
			"from": [-0.6, 12.6, 8.1],
			"to": [0, 14.2, 9.7],
			"faces": {
				"north": {"uv": [0.875, 7.5, 0.9375, 7.6875], "texture": "#0"},
				"south": {"uv": [0.9375, 7.5, 1, 7.6875], "texture": "#0"},
				"west": {"uv": [1, 7.5, 1.1875, 7.6875], "texture": "#0"},
				"up": {"uv": [0.9375, 7.5, 0.875, 7.6875], "texture": "#0"},
				"down": {"uv": [1, 7.5, 0.9375, 7.6875], "texture": "#0"}
			}
		},
		{
			"from": [-0.4, 12.5, 8],
			"to": [0, 14.3, 9.8],
			"faces": {
				"north": {"uv": [1.09375, 7.6875, 1.15625, 7.90625], "texture": "#0"},
				"south": {"uv": [1.21875, 7.6875, 1.15625, 7.90625], "texture": "#0"},
				"west": {"uv": [0.875, 7.6875, 1.09375, 7.90625], "texture": "#0"},
				"up": {"uv": [1.15625, 7.6875, 1.09375, 7.90625], "texture": "#0"},
				"down": {"uv": [1.21875, 7.6875, 1.15625, 7.90625], "texture": "#0"}
			}
		},
		{
			"from": [1, 16, 0],
			"to": [16, 32, 11],
			"faces": {
				"north": {"uv": [4, 0, 5.875, 2], "texture": "#0"},
				"east": {"uv": [7.25, 4, 8.625, 6], "texture": "#0"},
				"south": {"uv": [4, 2, 5.875, 4], "texture": "#0"},
				"west": {"uv": [7.25, 6, 8.625, 8], "texture": "#0"},
				"up": {"uv": [8.25, 3.5, 6.375, 2.125], "texture": "#0"},
				"down": {"uv": [7, 7.375, 5.125, 8.75], "texture": "#0"}
			}
		},
		{
			"from": [0, 16, 0],
			"to": [1, 32, 1],
			"faces": {
				"north": {"uv": [1.125, 4, 1.25, 6], "texture": "#0"},
				"south": {"uv": [1.25, 4, 1.375, 6], "texture": "#0"},
				"west": {"uv": [1.375, 4, 1.5, 6], "texture": "#0"},
				"up": {"uv": [1.3125, 7.625, 1.1875, 7.5], "texture": "#0"}
			}
		},
		{
			"from": [0, 30, 1],
			"to": [1, 32, 10],
			"faces": {
				"west": {"uv": [6.375, 1.875, 7.5, 2.125], "texture": "#0"},
				"up": {"uv": [0.8125, 6, 0.9375, 7.125], "texture": "#0"},
				"down": {"uv": [1.0625, 6, 0.9375, 7.125], "texture": "#0"}
			}
		},
		{
			"from": [0, 24, 1],
			"to": [1, 27, 10],
			"faces": {
				"west": {"uv": [6.375, 1.5, 7.5, 1.875], "texture": "#0"},
				"up": {"uv": [1.125, 7.125, 1, 6], "texture": "#0"},
				"down": {"uv": [1.09375, 6, 0.96875, 7.125], "texture": "#0"}
			}
		},
		{
			"from": [0, 16, 10],
			"to": [1, 32, 11],
			"faces": {
				"north": {"uv": [1.21875, 4, 1.34375, 6], "texture": "#0"},
				"south": {"uv": [0.625, 6, 0.75, 8], "texture": "#0"},
				"west": {"uv": [0.75, 6, 0.875, 8], "texture": "#0"},
				"up": {"uv": [1.3125, 7.5, 1.1875, 7.625], "texture": "#0"}
			}
		},
		{
			"from": [0, 0, 12],
			"to": [16, 32, 16],
			"faces": {
				"north": {"uv": [0, 0, 2, 4], "texture": "#0"},
				"east": {"uv": [5.875, 0, 6.375, 4], "texture": "#0"},
				"south": {"uv": [2, 0, 4, 4], "texture": "#0"},
				"west": {"uv": [0, 4, 0.5, 8], "texture": "#0"},
				"up": {"uv": [1.125, 6, 0.625, 4], "rotation": 90, "texture": "#0"},
				"down": {"uv": [8.375, 3.5, 6.375, 4], "texture": "#0"}
			}
		},
		{
			"from": [7.6, 18, 12.7],
			"to": [9.6, 22, 15.3],
			"rotation": {"angle": 22.5, "axis": "z", "origin": [0, 0, 0]},
			"faces": {
				"north": {"uv": [1.5, 7.125, 1.25, 7.5], "texture": "#0"},
				"south": {"uv": [1.25, 7.125, 1.5, 7.5], "texture": "#0"},
				"west": {"uv": [0.875, 7.125, 1.25, 7.5], "texture": "#0"},
				"up": {"uv": [1.5, 7.5, 1.4375, 7.4375], "texture": "#0"}
			}
		}
	],
	"gui_light": "front",
	"display": {
		"thirdperson_righthand": {
			"rotation": [6, -90, -48],
			"scale": [0.5, 0.5, 0.5]
		},
		"thirdperson_lefthand": {
			"rotation": [6, 90, 48],
			"scale": [0.5, 0.5, 0.5]
		},
		"firstperson_righthand": {
			"rotation": [0, 90, 0],
			"translation": [0, 0.5, -1],
			"scale": [0.5, 0.5, 0.5]
		},
		"firstperson_lefthand": {
			"rotation": [0, -90, 0],
			"translation": [0, 0.5, -1],
			"scale": [0.5, 0.5, 0.5]
		},
		"ground": {
			"translation": [0, 5, 0]
		},
		"gui": {
			"rotation": [0, 90, 0],
			"translation": [0, -4, 0],
			"scale": [0.5, 0.5, 0.5]
		},
		"head": {
			"rotation": [180, -90, 180],
			"translation": [0, -31.25, 0],
			"scale": [1.49, 1.49, 1.49]
		},
		"fixed": {
			"rotation": [0, -90, 0]
		}
	},
	"groups": [
		0,
		{
			"name": "group",
			"origin": [0, 0, 0],
			"color": 0,
			"children": [1, 2, 3, 4, 5, 6, 7, 8, 9, 10, 11, 12, 13, 14, 15, 16, 17]
		}
	]
}