{
	"format_version": "1.21.6",
	"credit": "Created by Mickey Joe Alpha - http://YouTube.com/@MushirMickeyJoe",
	"parent": "item/shield/shield_painting",
	"textures": {
		"particle": "barely_default:item/shield/copper/shield_banner"
	},
	"elements": [
		{
			"name": "plate",
			"from": [-6, -11, 1],
			"to": [6, 11, 2.002],
			"rotation": {"angle": 0, "axis": "y", "origin": [0, 0, 1.5]},
			"faces": {
				"north": {"uv": [3.5, 0.25, 6.5, 5.75], "texture": "#particle"},
				"east": {"uv": [3.25, 0.25, 3.5, 5.75], "texture": "#particle"},
				"south": {"uv": [0.25, 0.25, 3.25, 5.75], "texture": "#particle"},
				"west": {"uv": [0, 0.25, 0.25, 5.75], "texture": "#particle"},
				"up": {"uv": [3.25, 0.25, 0.25, 0], "rotation": 180, "texture": "#particle"},
				"down": {"uv": [6.25, 0, 3.25, 0.25], "rotation": 180, "texture": "#particle"}
			}
		},
		{
			"name": "plate",
			"from": [-6, -11, 2.502],
			"to": [6, 11, 2.502],
			"rotation": {"angle": 0, "axis": "y", "origin": [0, 0, 1.5]},
			"faces": {
				"north": {"uv": [3, 10.5, 0, 16], "texture": "#particle"},
				"east": {"uv": [3.25, 0.25, 3.5, 5.75], "texture": "#particle"},
				"south": {"uv": [0, 10.5, 3, 16], "texture": "#particle"},
				"west": {"uv": [0, 0.25, 0.25, 5.75], "texture": "#particle"},
				"up": {"uv": [3.25, 0.25, 0.25, 0], "rotation": 180, "texture": "#particle"},
				"down": {"uv": [6.25, 0, 3.25, 0.25], "rotation": 180, "texture": "#particle"}
			}
		},
		{
			"name": "handle",
			"from": [-1, -3, -5],
			"to": [1, 3, 1],
			"rotation": {"angle": 0, "axis": "y", "origin": [0, 0, -2]},
			"faces": {
				"north": {"uv": [10, 1.5, 10.5, 3], "texture": "#particle"},
				"east": {"uv": [8.5, 1.5, 10, 3], "texture": "#particle"},
				"west": {"uv": [6.5, 1.5, 8, 3], "texture": "#particle"},
				"up": {"uv": [8.5, 1.5, 8, 0], "rotation": 180, "texture": "#particle"},
				"down": {"uv": [9, 0, 8.5, 1.5], "rotation": 180, "texture": "#particle"}
			}
		}
	]
}