{
	"format_version": "1.21.6",
	"credit": "Created by Mickey Joe Alpha - http://YouTube.com/@MushirMickeyJoe",
	"parent": "item/shield/shield",
	"textures": {
		"shield": "barely_default:item/shield/copper/shield",
		"particle": "block/copper_block"
	},
	"elements": [
		{
			"name": "handle",
			"from": [-1.001, -3.001, -5.001],
			"to": [1.001, 3.001, 1.001],
			"rotation": {"angle": 0, "axis": "y", "origin": [0, 0, -2]},
			"faces": {
				"north": {"uv": [10, 1.5, 10.5, 3], "texture": "#shield"},
				"east": {"uv": [8.5, 1.5, 10, 3], "texture": "#shield"},
				"west": {"uv": [6.5, 1.5, 8, 3], "texture": "#shield"},
				"up": {"uv": [8.5, 1.5, 8, 0], "rotation": 180, "texture": "#shield"},
				"down": {"uv": [9, 0, 8.5, 1.5], "rotation": 180, "texture": "#shield"}
			}
		},
		{
			"name": "plate",
			"from": [-6.005, -11.005, 0.995],
			"to": [6.005, 11.005, 2.005],
			"rotation": {"angle": 0, "axis": "y", "origin": [0, 0, 1.5]},
			"faces": {
				"north": {"uv": [3.5, 0.25, 6.5, 5.75], "texture": "#shield"},
				"east": {"uv": [3.25, 0.25, 3.5, 5.75], "texture": "#shield"},
				"south": {"uv": [0.25, 0.25, 3.25, 5.75], "texture": "#shield"},
				"west": {"uv": [0, 0.25, 0.25, 5.75], "texture": "#shield"},
				"up": {"uv": [3.25, 0.25, 0.25, 0], "rotation": 180, "texture": "#shield"},
				"down": {"uv": [6.25, 0, 3.25, 0.25], "rotation": 180, "texture": "#shield"}
			}
		},
		{
			"name": "plate",
			"from": [-6, -11, 2.502],
			"to": [6, 11, 2.502],
			"rotation": {"angle": 0, "axis": "y", "origin": [0, 0, 1.5]},
			"faces": {
				"north": {"uv": [3, 10.5, 0, 16], "texture": "#shield"},
				"east": {"uv": [3.25, 0.25, 3.5, 5.75], "texture": "#shield"},
				"south": {"uv": [0, 10.5, 3, 16], "texture": "#shield"},
				"west": {"uv": [0, 0.25, 0.25, 5.75], "texture": "#shield"},
				"up": {"uv": [3.25, 0.25, 0.25, 0], "rotation": 180, "texture": "#shield"},
				"down": {"uv": [6.25, 0, 3.25, 0.25], "rotation": 180, "texture": "#shield"}
			}
		}
	]
}