{
	"credit": "Created by Mickey Joe Alpha - http://YouTube.com/@MushirMickeyJoe",
	"texture_size": [32, 32],
	"textures": {
		"1": "item/bow/arm_cannon_ring",
		"2": "item/bow/arm_cannon_siphon",
		"3": "item/bow/arm_cannon_arrow_charging",
		"particle": "item/bow/arm_buster"
	},
	"elements": [
		{
			"from": [0.5, -5.25, -1],
			"to": [15.5, 9.75, -1],
			"light_emission": 15,
			"rotation": {"angle": 0, "axis": "y", "origin": [7.5, 2.75, -1]},
			"faces": {
				"north": {"uv": [0, 0, 3.75, 3.75], "texture": "#1"},
				"south": {"uv": [3.75, 0, 0, 3.75], "texture": "#1"}
			}
		},
		{
			"from": [0.5, -5.25, -1],
			"to": [15.5, 9.75, -1],
			"light_emission": 15,
			"rotation": {"angle": 22.5, "axis": "z", "origin": [7.5, 2.75, -1]},
			"faces": {
				"north": {"uv": [4, 0, 7.75, 3.75], "texture": "#1"},
				"south": {"uv": [7.75, 0, 4, 3.75], "texture": "#1"}
			}
		},
		{
			"from": [0.5, -5.25, -1],
			"to": [15.5, 9.75, -1],
			"light_emission": 15,
			"rotation": {"angle": 45, "axis": "z", "origin": [7.5, 2.75, -1]},
			"faces": {
				"north": {"uv": [8, 0, 11.75, 3.75], "texture": "#1"},
				"south": {"uv": [11.75, 0, 8, 3.75], "texture": "#1"}
			}
		},
		{
			"from": [0.5, -5.25, -1],
			"to": [15.5, 9.75, -1],
			"light_emission": 15,
			"rotation": {"angle": -22.5, "axis": "z", "origin": [7.5, 2.75, -1]},
			"faces": {
				"north": {"uv": [12, 0, 15.75, 3.75], "rotation": 90, "texture": "#1"},
				"south": {"uv": [15.75, 0, 12, 3.75], "rotation": 270, "texture": "#1"}
			}
		},
		{
			"from": [0.5, -5.25, -1],
			"to": [15.5, 9.75, -1],
			"light_emission": 15,
			"rotation": {"angle": 0, "axis": "z", "origin": [7.5, 2.75, -1]},
			"faces": {
				"north": {"uv": [0, 4, 3.75, 7.75], "rotation": 90, "texture": "#1"},
				"south": {"uv": [3.75, 4, 0, 7.75], "rotation": 270, "texture": "#1"}
			}
		},
		{
			"from": [0.5, -5.25, -1],
			"to": [15.5, 9.75, -1],
			"light_emission": 15,
			"rotation": {"angle": 22.5, "axis": "z", "origin": [7.5, 2.75, -1]},
			"faces": {
				"north": {"uv": [4, 4, 7.75, 7.75], "rotation": 90, "texture": "#1"},
				"south": {"uv": [7.75, 4, 4, 7.75], "rotation": 270, "texture": "#1"}
			}
		},
		{
			"from": [0.5, -5.25, -1],
			"to": [15.5, 9.75, -1],
			"light_emission": 15,
			"rotation": {"angle": 45, "axis": "z", "origin": [7.5, 2.75, -1]},
			"faces": {
				"north": {"uv": [8, 4, 11.75, 7.75], "rotation": 90, "texture": "#1"},
				"south": {"uv": [11.75, 4, 8, 7.75], "rotation": 270, "texture": "#1"}
			}
		},
		{
			"from": [0.5, -5.25, -1],
			"to": [15.5, 9.75, -1],
			"light_emission": 15,
			"rotation": {"angle": -22.5, "axis": "z", "origin": [7.5, 2.75, -1]},
			"faces": {
				"north": {"uv": [12, 4, 15.75, 7.75], "rotation": 180, "texture": "#1"},
				"south": {"uv": [15.75, 4, 12, 7.75], "rotation": 180, "texture": "#1"}
			}
		},
		{
			"from": [0.5, -5.25, -1],
			"to": [15.5, 9.75, -1],
			"light_emission": 15,
			"rotation": {"angle": 0, "axis": "z", "origin": [7.5, 2.75, -1]},
			"faces": {
				"north": {"uv": [0, 8, 3.75, 11.75], "rotation": 180, "texture": "#1"},
				"south": {"uv": [3.75, 8, 0, 11.75], "rotation": 180, "texture": "#1"}
			}
		},
		{
			"from": [0.5, -5.25, -1],
			"to": [15.5, 9.75, -1],
			"light_emission": 15,
			"rotation": {"angle": 22.5, "axis": "z", "origin": [7.5, 2.75, -1]},
			"faces": {
				"north": {"uv": [4, 8, 7.75, 11.75], "rotation": 180, "texture": "#1"},
				"south": {"uv": [7.75, 8, 4, 11.75], "rotation": 180, "texture": "#1"}
			}
		},
		{
			"from": [0.5, -5.25, -1],
			"to": [15.5, 9.75, -1],
			"light_emission": 15,
			"rotation": {"angle": 45, "axis": "z", "origin": [7.5, 2.75, -1]},
			"faces": {
				"north": {"uv": [8, 8, 11.75, 11.75], "rotation": 180, "texture": "#1"},
				"south": {"uv": [11.75, 8, 8, 11.75], "rotation": 180, "texture": "#1"}
			}
		},
		{
			"from": [0.5, -5.25, -1],
			"to": [15.5, 9.75, -1],
			"light_emission": 15,
			"rotation": {"angle": -22.5, "axis": "z", "origin": [7.5, 2.75, -1]},
			"faces": {
				"north": {"uv": [12, 8, 15.75, 11.75], "rotation": 270, "texture": "#1"},
				"south": {"uv": [15.75, 8, 12, 11.75], "rotation": 90, "texture": "#1"}
			}
		},
		{
			"from": [0.5, -5.25, -1],
			"to": [15.5, 9.75, -1],
			"light_emission": 15,
			"rotation": {"angle": 0, "axis": "z", "origin": [7.5, 2.75, -1]},
			"faces": {
				"north": {"uv": [0, 12, 3.75, 15.75], "rotation": 270, "texture": "#1"},
				"south": {"uv": [3.75, 12, 0, 15.75], "rotation": 90, "texture": "#1"}
			}
		},
		{
			"from": [0.5, -5.25, -1],
			"to": [15.5, 9.75, -1],
			"light_emission": 15,
			"rotation": {"angle": 22.5, "axis": "z", "origin": [7.5, 2.75, -1]},
			"faces": {
				"north": {"uv": [4, 12, 7.75, 15.75], "rotation": 270, "texture": "#1"},
				"south": {"uv": [7.75, 12, 4, 15.75], "rotation": 90, "texture": "#1"}
			}
		},
		{
			"from": [0.5, -5.25, -1],
			"to": [15.5, 9.75, -1],
			"light_emission": 15,
			"rotation": {"angle": 45, "axis": "z", "origin": [7.5, 2.75, -1]},
			"faces": {
				"north": {"uv": [8, 12, 11.75, 15.75], "rotation": 270, "texture": "#1"},
				"south": {"uv": [11.75, 12, 8, 15.75], "rotation": 90, "texture": "#1"}
			}
		},
		{
			"from": [0.5, -5.25, -1],
			"to": [15.5, 9.75, -1],
			"light_emission": 15,
			"rotation": {"angle": -22.5, "axis": "z", "origin": [7.5, 2.75, -1]},
			"faces": {
				"north": {"uv": [12, 12, 15.75, 15.75], "texture": "#1"},
				"south": {"uv": [15.75, 12, 12, 15.75], "texture": "#1"}
			}
		},
		{
			"from": [0.5, 2, -14],
			"to": [15.5, 2, 1],
			"light_emission": 15,
			"rotation": {"angle": -22.5, "axis": "x", "origin": [8, 2, 1]},
			"faces": {
				"up": {"uv": [15, 0, 0, 15], "texture": "#2"},
				"down": {"uv": [15, 15, 0, 0], "texture": "#2"}
			}
		},
		{
			"from": [0.5, 3, -14],
			"to": [15.5, 3, 1],
			"light_emission": 15,
			"rotation": {"angle": 22.5, "axis": "x", "origin": [8, 3, 1]},
			"faces": {
				"up": {"uv": [0, 0, 15, 15], "texture": "#2"},
				"down": {"uv": [0, 15, 15, 0], "texture": "#2"}
			}
		},
		{
			"from": [7.5, -5, -14],
			"to": [7.5, 10, 1],
			"light_emission": 15,
			"rotation": {"angle": 22.5, "axis": "y", "origin": [7.5, 2.5, 1]},
			"faces": {
				"east": {"uv": [15, 0, 0, 15], "rotation": 90, "texture": "#2"},
				"west": {"uv": [15, 15, 0, 0], "rotation": 90, "texture": "#2"}
			}
		},
		{
			"from": [8.5, -5, -14],
			"to": [8.5, 10, 1],
			"light_emission": 15,
			"rotation": {"angle": -22.5, "axis": "y", "origin": [7.5, 2.5, 1]},
			"faces": {
				"east": {"uv": [0, 0, 15, 15], "rotation": 90, "texture": "#2"},
				"west": {"uv": [0, 15, 15, 0], "rotation": 90, "texture": "#2"}
			}
		},
		{
			"name": "arrow_5",
			"from": [7.625, 8.15, -0.8],
			"to": [8.375, 8.9, 0.7],
			"light_emission": 15,
			"rotation": {"angle": -45, "axis": "x", "origin": [2.375, 5.4375, 7.25]},
			"faces": {
				"north": {"uv": [9, 7, 10, 8], "texture": "#3"},
				"east": {"uv": [8, 7, 10, 8], "texture": "#3"},
				"west": {"uv": [10, 7, 8, 8], "texture": "#3"},
				"up": {"uv": [8, 7, 10, 8], "rotation": 270, "texture": "#3"},
				"down": {"uv": [8, 7, 10, 8], "rotation": 90, "texture": "#3"}
			}
		},
		{
			"name": "arrow_4",
			"from": [7.625, 8.9, -3.05],
			"to": [8.375, 9.65, -2.3],
			"light_emission": 15,
			"rotation": {"angle": -45, "axis": "x", "origin": [2.375, 5.4375, 7.25]},
			"faces": {
				"north": {"uv": [12, 6, 13, 7], "texture": "#3"},
				"east": {"uv": [12, 6, 13, 7], "texture": "#3"},
				"south": {"uv": [12, 6, 13, 7], "texture": "#3"},
				"west": {"uv": [13, 6, 12, 7], "texture": "#3"},
				"down": {"uv": [12, 6, 13, 7], "rotation": 90, "texture": "#3"}
			}
		},
		{
			"name": "arrow_3",
			"from": [7.625, 8.9, -1.55],
			"to": [8.375, 9.65, -0.05],
			"light_emission": 15,
			"rotation": {"angle": -45, "axis": "x", "origin": [2.375, 5.4375, 7.25]},
			"faces": {
				"north": {"uv": [10, 6, 11, 7], "texture": "#3"},
				"east": {"uv": [9, 6, 11, 7], "texture": "#3"},
				"south": {"uv": [9, 6, 10, 7], "texture": "#3"},
				"west": {"uv": [11, 6, 9, 7], "texture": "#3"},
				"up": {"uv": [9, 6, 11, 7], "rotation": 270, "texture": "#3"},
				"down": {"uv": [9, 6, 11, 7], "rotation": 90, "texture": "#3"}
			}
		},
		{
			"name": "arrow_2",
			"from": [7.625, 9.65, -3.8],
			"to": [8.375, 11.15, -2.3],
			"light_emission": 15,
			"rotation": {"angle": -45, "axis": "x", "origin": [2.375, 5.4375, 7.25]},
			"faces": {
				"north": {"uv": [13, 4, 14, 6], "texture": "#3"},
				"east": {"uv": [12, 4, 14, 6], "texture": "#3"},
				"west": {"uv": [14, 4, 12, 6], "texture": "#3"},
				"down": {"uv": [12, 5, 14, 6], "rotation": 90, "texture": "#3"}
			}
		},
		{
			"name": "arrow_1",
			"from": [7.625, 9.65, -2.3],
			"to": [8.375, 11.9, -0.8],
			"light_emission": 15,
			"rotation": {"angle": -45, "axis": "x", "origin": [2.375, 5.4375, 7.25]},
			"faces": {
				"east": {"uv": [10, 3, 12, 6], "texture": "#3"},
				"south": {"uv": [10, 3, 11, 6], "texture": "#3"},
				"west": {"uv": [12, 3, 10, 6], "texture": "#3"},
				"up": {"uv": [10, 3, 12, 4], "rotation": 270, "texture": "#3"},
				"down": {"uv": [10, 5, 12, 6], "rotation": 90, "texture": "#3"}
			}
		},
		{
			"name": "arrow_0",
			"from": [7.625, 11.15, -4.55],
			"to": [8.375, 12.65, -2.3],
			"light_emission": 15,
			"rotation": {"angle": -45, "axis": "x", "origin": [2.375, 5.4375, 7.25]},
			"faces": {
				"north": {"uv": [14, 2, 15, 4], "texture": "#3"},
				"east": {"uv": [12, 2, 15, 4], "texture": "#3"},
				"south": {"uv": [12, 2, 13, 4], "texture": "#3"},
				"west": {"uv": [15, 2, 12, 4], "texture": "#3"},
				"up": {"uv": [12, 2, 15, 3], "rotation": 270, "texture": "#3"},
				"down": {"uv": [12, 3, 15, 4], "rotation": 90, "texture": "#3"}
			}
		},
		{
			"from": [5.5, 0, 0],
			"to": [10.5, 5, 9],
			"rotation": {"angle": 0, "axis": "y", "origin": [0, 0, -1]},
			"faces": {
				"north": {"uv": [4.5, 4.5, 7, 7], "texture": "#particle"},
				"east": {"uv": [0, 4.5, 4.5, 7], "texture": "#particle"},
				"west": {"uv": [4.5, 4.5, 0, 7], "texture": "#particle"},
				"up": {"uv": [7, 4.5, 4.5, 0], "texture": "#particle"},
				"down": {"uv": [9.5, 0, 7, 4.5], "texture": "#particle"}
			}
		},
		{
			"from": [10.5, 5, 9],
			"to": [5.5, 0, 7],
			"rotation": {"angle": 0, "axis": "y", "origin": [5, 5, 8]},
			"faces": {
				"east": {"uv": [1, 7, 0, 4.5], "texture": "#particle"},
				"west": {"uv": [0, 7, 1, 4.5], "texture": "#particle"},
				"up": {"uv": [7, 0, 9.5, 1], "texture": "#particle"},
				"down": {"uv": [4.5, 1, 7, 0], "texture": "#particle"}
			}
		},
		{
			"from": [5, -0.5, 1],
			"to": [11, 5.5, 7],
			"rotation": {"angle": 0, "axis": "y", "origin": [-0.5, 0.5, 0]},
			"faces": {
				"north": {"uv": [3, 10, 6, 13], "texture": "#particle"},
				"east": {"uv": [13, 13, 16, 16], "texture": "#particle"},
				"south": {"uv": [9, 10, 12, 13], "texture": "#particle"},
				"west": {"uv": [3, 13, 6, 16], "texture": "#particle"},
				"up": {"uv": [16, 13, 13, 10], "texture": "#particle"},
				"down": {"uv": [9, 7, 6, 10], "texture": "#particle"}
			}
		},
		{
			"from": [5, 1.5, 7],
			"to": [11, 5.5, 8],
			"rotation": {"angle": 0, "axis": "y", "origin": [-0.5, 0.5, 0]},
			"faces": {
				"east": {"uv": [9.5, 0.5, 10, 2.5], "texture": "#particle"},
				"west": {"uv": [13, 0.5, 13.5, 2.5], "texture": "#particle"},
				"up": {"uv": [13, 0.5, 10, 0], "texture": "#particle"}
			}
		},
		{
			"from": [11, 5.5, 8],
			"to": [5, 1.5, 7],
			"rotation": {"angle": 0, "axis": "y", "origin": [5.5, 4.5, 1]},
			"faces": {
				"east": {"uv": [13, 2.5, 13.5, 0.5], "texture": "#particle"},
				"west": {"uv": [9.5, 2.5, 10, 0.5], "texture": "#particle"},
				"down": {"uv": [13, 0.5, 10, 0], "texture": "#particle"}
			}
		},
		{
			"from": [5.5, 0, 7.1],
			"to": [10.5, 5, 7.1],
			"rotation": {"angle": 0, "axis": "y", "origin": [0, 0, -0.9]},
			"faces": {
				"south": {"uv": [7, 4.5, 9.5, 7], "texture": "#particle"}
			}
		},
		{
			"from": [6.5, 1, -1],
			"to": [9.5, 4, 0],
			"rotation": {"angle": 0, "axis": "y", "origin": [0, 0, -1]},
			"faces": {
				"north": {"uv": [1.5, 0, 3, 1.5], "texture": "#particle"},
				"east": {"uv": [1.5, 0, 2, 1.5], "texture": "#particle"},
				"west": {"uv": [2.5, 0, 3, 1.5], "texture": "#particle"},
				"up": {"uv": [3, 0.5, 1.5, 0], "texture": "#particle"},
				"down": {"uv": [3, 1, 1.5, 1.5], "texture": "#particle"}
			}
		}
	],
	"gui_light": "front",
	"display": {
		"thirdperson_righthand": {
			"translation": [0, 4, 6],
			"scale": [1.1, 1.1, 1.1]
		},
		"thirdperson_lefthand": {
			"translation": [0, 4, 6],
			"scale": [1.1, 1.1, 1.1]
		},
		"firstperson_righthand": {
			"rotation": [15, 0, 8],
			"translation": [4.63, 5.25, 2],
			"scale": [0.68, 0.68, 0.68]
		},
		"firstperson_lefthand": {
			"rotation": [15, 0, 8],
			"translation": [4.63, 5.25, 2],
			"scale": [0.68, 0.68, 0.68]
		},
		"ground": {
			"translation": [0, 5.75, 0],
			"scale": [0.75, 0.75, 0.75]
		},
		"gui": {
			"rotation": [105.55, 38.13, -131.38],
			"translation": [8, -1.5, 0],
			"scale": [1.2, 1.2, 1.2]
		},
		"head": {
			"translation": [0, 1.5, -6.5]
		},
		"fixed": {
			"rotation": [90, -45, 90],
			"translation": [-6, 2.75, -1.75]
		}
	}
}