{
	"credit": "Created by Mickey Joe Alpha - http://YouTube.com/@MushirMickeyJoe",
    "parent": "item/generated",
    "textures": {
        "layer0": "item/bow",
		"particle": "item/bow"
    },
	"gui_light": "front",
    "display": {
		"thirdperson_righthand": {
			"rotation": [-80, 260, -40],
			"translation": [-2, -2, 2.5],
			"scale": [0.9, 0.9, 0.9]
		},
		"thirdperson_lefthand": {
			"rotation": [-80, 260, 40],
			"translation": [-2, -2, 2.5],
			"scale": [0.9, 0.9, 0.9]
        },
        "firstperson_righthand": {
            "rotation": [ 0, -90, 25 ],
            "translation": [ 1.13, 3.2, 1.13],
            "scale": [ 0.68, 0.68, 0.68 ]
        },
        "firstperson_lefthand": {
            "rotation": [ 0, 90, -25 ],
            "translation": [ 1.13, 3.2, 1.13],
            "scale": [ 0.68, 0.68, 0.68 ]
        },
		"gui": {
			"rotation": [10, -25, 2],
			"translation": [0.25, -0.17, 0]
		},
		"ground": {
			"rotation":  [ 0, -25.5, 0 ],
			"translation":  [ 0, 6, 0 ],
			"scale":  [ 0.6, 0.6, 0.6 ]
		}
    }
}
