{
	"credit": "Created by Mickey Joe Alpha - http://YouTube.com/@MushirMickeyJoe",
	"texture_size": [32, 32],
	"textures": {
		"1": "item/bow/arm_cannon_ring",
		"2": "item/bow/arm_cannon_siphon",
		"3": "item/bow/arm_cannon_arrow_charging",
		"particle": "item/bow/bow_mk_iii"
	},
	"elements": [
		{
			"name": "arrow_5",
			"from": [7.625, 10.65, 4.2],
			"to": [8.375, 11.4, 5.7],
			"light_emission": 15,
			"rotation": {"angle": -45, "axis": "x", "origin": [2.375, 7.9375, 12.25]},
			"faces": {
				"north": {"uv": [9, 7, 10, 8], "texture": "#3"},
				"east": {"uv": [8, 7, 10, 8], "texture": "#3"},
				"west": {"uv": [10, 7, 8, 8], "texture": "#3"},
				"up": {"uv": [8, 7, 10, 8], "rotation": 270, "texture": "#3"},
				"down": {"uv": [8, 7, 10, 8], "rotation": 90, "texture": "#3"}
			}
		},
		{
			"name": "arrow_4",
			"from": [7.625, 11.4, 1.95],
			"to": [8.375, 12.15, 2.7],
			"light_emission": 15,
			"rotation": {"angle": -45, "axis": "x", "origin": [2.375, 7.9375, 12.25]},
			"faces": {
				"north": {"uv": [12, 6, 13, 7], "texture": "#3"},
				"east": {"uv": [12, 6, 13, 7], "texture": "#3"},
				"south": {"uv": [12, 6, 13, 7], "texture": "#3"},
				"west": {"uv": [13, 6, 12, 7], "texture": "#3"},
				"down": {"uv": [12, 6, 13, 7], "rotation": 90, "texture": "#3"}
			}
		},
		{
			"name": "arrow_3",
			"from": [7.625, 11.4, 3.45],
			"to": [8.375, 12.15, 4.95],
			"light_emission": 15,
			"rotation": {"angle": -45, "axis": "x", "origin": [2.375, 7.9375, 12.25]},
			"faces": {
				"north": {"uv": [10, 6, 11, 7], "texture": "#3"},
				"east": {"uv": [9, 6, 11, 7], "texture": "#3"},
				"south": {"uv": [9, 6, 10, 7], "texture": "#3"},
				"west": {"uv": [11, 6, 9, 7], "texture": "#3"},
				"up": {"uv": [9, 6, 11, 7], "rotation": 270, "texture": "#3"},
				"down": {"uv": [9, 6, 11, 7], "rotation": 90, "texture": "#3"}
			}
		},
		{
			"name": "arrow_2",
			"from": [7.625, 12.15, 1.2],
			"to": [8.375, 13.65, 2.7],
			"light_emission": 15,
			"rotation": {"angle": -45, "axis": "x", "origin": [2.375, 7.9375, 12.25]},
			"faces": {
				"north": {"uv": [13, 4, 14, 6], "texture": "#3"},
				"east": {"uv": [12, 4, 14, 6], "texture": "#3"},
				"west": {"uv": [14, 4, 12, 6], "texture": "#3"},
				"down": {"uv": [12, 5, 14, 6], "rotation": 90, "texture": "#3"}
			}
		},
		{
			"name": "arrow_1",
			"from": [7.625, 12.15, 2.7],
			"to": [8.375, 14.4, 4.2],
			"light_emission": 15,
			"rotation": {"angle": -45, "axis": "x", "origin": [2.375, 7.9375, 12.25]},
			"faces": {
				"east": {"uv": [10, 3, 12, 6], "texture": "#3"},
				"south": {"uv": [10, 3, 11, 6], "texture": "#3"},
				"west": {"uv": [12, 3, 10, 6], "texture": "#3"},
				"up": {"uv": [10, 3, 12, 4], "rotation": 270, "texture": "#3"},
				"down": {"uv": [10, 5, 12, 6], "rotation": 90, "texture": "#3"}
			}
		},
		{
			"name": "arrow_0",
			"from": [7.625, 13.65, 0.45],
			"to": [8.375, 15.15, 2.7],
			"light_emission": 15,
			"rotation": {"angle": -45, "axis": "x", "origin": [2.375, 7.9375, 12.25]},
			"faces": {
				"north": {"uv": [14, 2, 15, 4], "texture": "#3"},
				"east": {"uv": [12, 2, 15, 4], "texture": "#3"},
				"south": {"uv": [12, 2, 13, 4], "texture": "#3"},
				"west": {"uv": [15, 2, 12, 4], "texture": "#3"},
				"up": {"uv": [12, 2, 15, 3], "rotation": 270, "texture": "#3"},
				"down": {"uv": [12, 3, 15, 4], "rotation": 90, "texture": "#3"}
			}
		},
		{
			"from": [5.5, 0, 11],
			"to": [10.5, 7, 16],
			"rotation": {"angle": 0, "axis": "y", "origin": [0, 0, 6]},
			"faces": {
				"north": {"uv": [0, 2.5, 2.5, 6], "texture": "#particle"},
				"east": {"uv": [5, 2.5, 2.5, 6], "texture": "#particle"},
				"south": {"uv": [5, 2.5, 7.5, 6], "texture": "#particle"},
				"west": {"uv": [2.5, 2.5, 5, 6], "texture": "#particle"},
				"up": {"uv": [2.5, 2.5, 0, 0], "texture": "#particle"},
				"down": {"uv": [5, 0, 2.5, 2.5], "texture": "#particle"}
			}
		},
		{
			"from": [6, 3, 3],
			"to": [10, 7, 6],
			"rotation": {"angle": 0, "axis": "y", "origin": [0.5, 0, 1]},
			"faces": {
				"north": {"uv": [10.5, 4, 12.5, 6], "texture": "#particle"},
				"east": {"uv": [9, 4, 10.5, 6], "texture": "#particle"},
				"south": {"uv": [14, 4, 16, 6], "texture": "#particle"},
				"west": {"uv": [12.5, 4, 14, 6], "texture": "#particle"},
				"up": {"uv": [12.5, 4, 10.5, 2.5], "texture": "#particle"},
				"down": {"uv": [14.5, 2.5, 12.5, 4], "texture": "#particle"}
			}
		},
		{
			"from": [5.5, 4, 16],
			"to": [10.5, 7, 21],
			"rotation": {"angle": 0, "axis": "y", "origin": [0, 0, 11]},
			"faces": {
				"east": {"uv": [2.5, 8.5, 0, 10], "texture": "#particle"},
				"south": {"uv": [2.5, 8.5, 5, 10], "texture": "#particle"},
				"west": {"uv": [0, 8.5, 2.5, 10], "texture": "#particle"},
				"up": {"uv": [2.5, 8.5, 0, 6], "texture": "#particle"},
				"down": {"uv": [5, 6, 2.5, 8.5], "texture": "#particle"}
			}
		},
		{
			"from": [6, 7, 11.5],
			"to": [10, 11, 12.5],
			"rotation": {"angle": 45, "axis": "x", "origin": [8.5, 7, 11.5]},
			"faces": {
				"north": {"uv": [10, 0.5, 12, 2.5], "texture": "#particle"},
				"east": {"uv": [9.5, 0.5, 10, 2.5], "texture": "#particle"},
				"south": {"uv": [12.5, 0.5, 14.5, 2.5], "texture": "#particle"},
				"west": {"uv": [12, 0.5, 12.5, 2.5], "texture": "#particle"},
				"up": {"uv": [12, 0.5, 10, 0], "texture": "#particle"}
			}
		},
		{
			"from": [6, -0.5, 7],
			"to": [10, 3.5, 8],
			"rotation": {"angle": 45, "axis": "x", "origin": [8.5, 3.5, 8]},
			"faces": {
				"north": {"uv": [11.5, 6.5, 13.5, 8.5], "texture": "#particle"},
				"east": {"uv": [11, 6.5, 11.5, 8.5], "texture": "#particle"},
				"south": {"uv": [14, 6.5, 16, 8.5], "texture": "#particle"},
				"west": {"uv": [13.5, 6.5, 14, 8.5], "texture": "#particle"},
				"up": {"uv": [13.5, 6.5, 11.5, 6], "texture": "#particle"},
				"down": {"uv": [15.5, 6, 13.5, 6.5], "texture": "#particle"}
			}
		},
		{
			"from": [2.5, 3, 9],
			"to": [5.5, 6, 16],
			"rotation": {"angle": -22.5, "axis": "y", "origin": [5.5, 5, 14]},
			"faces": {
				"north": {"uv": [3.5, 14.5, 5, 16], "texture": "#particle"},
				"east": {"uv": [0, 14.5, 3.5, 16], "texture": "#particle"},
				"west": {"uv": [5, 14.5, 8.5, 16], "texture": "#particle"},
				"up": {"uv": [5, 14.5, 3.5, 11], "texture": "#particle"},
				"down": {"uv": [6.5, 11, 5, 14.5], "texture": "#particle"}
			}
		},
		{
			"from": [10.5, 3, 9],
			"to": [13.5, 6, 16],
			"rotation": {"angle": 22.5, "axis": "y", "origin": [10.5, 5, 14]},
			"faces": {
				"north": {"uv": [5, 14.5, 3.5, 16], "texture": "#particle"},
				"east": {"uv": [8.5, 14.5, 5, 16], "texture": "#particle"},
				"west": {"uv": [3.5, 14.5, 0, 16], "texture": "#particle"},
				"up": {"uv": [3.5, 14.5, 5, 11], "texture": "#particle"},
				"down": {"uv": [5, 11, 6.5, 14.5], "texture": "#particle"}
			}
		},
		{
			"from": [13.5, 6, 16],
			"to": [10.5, 3, 13],
			"rotation": {"angle": 22.5, "axis": "y", "origin": [10.5, 6, 14]},
			"faces": {
				"east": {"uv": [10, 14.5, 8.5, 16], "texture": "#particle"},
				"south": {"uv": [11.5, 14.5, 10, 16], "texture": "#particle"},
				"west": {"uv": [8.5, 14.5, 10, 16], "texture": "#particle"},
				"up": {"uv": [7, 14.5, 8.5, 13], "texture": "#particle"},
				"down": {"uv": [8.5, 13, 10, 14.5], "texture": "#particle"}
			}
		},
		{
			"from": [5.5, 6, 16],
			"to": [2.5, 3, 13],
			"rotation": {"angle": -22.5, "axis": "y", "origin": [5.5, 6, 14]},
			"faces": {
				"east": {"uv": [10, 14.5, 8.5, 16], "texture": "#particle"},
				"south": {"uv": [10, 14.5, 11.5, 16], "texture": "#particle"},
				"west": {"uv": [8.5, 14.5, 10, 16], "texture": "#particle"},
				"up": {"uv": [8.5, 14.5, 7, 13], "texture": "#particle"},
				"down": {"uv": [10, 13, 8.5, 14.5], "texture": "#particle"}
			}
		},
		{
			"from": [9, 6, 5],
			"to": [7, 4, 2],
			"rotation": {"angle": 0, "axis": "y", "origin": [2.5, 2, 10]},
			"faces": {
				"north": {"uv": [8, 8, 9, 9], "texture": "#particle"},
				"east": {"uv": [10.5, 8, 9, 9], "texture": "#particle"},
				"west": {"uv": [9, 8, 10.5, 9], "texture": "#particle"},
				"up": {"uv": [9, 8, 8, 6.5], "texture": "#particle"},
				"down": {"uv": [10, 6.5, 9, 8], "texture": "#particle"}
			}
		},
		{
			"from": [7, 4, 2],
			"to": [9, 6, 3],
			"rotation": {"angle": 0, "axis": "y", "origin": [2.5, 2, 8]},
			"faces": {
				"east": {"uv": [10.5, 9, 10, 8], "texture": "#particle"},
				"west": {"uv": [10, 9, 10.5, 8], "texture": "#particle"},
				"up": {"uv": [9, 7, 10, 6.5], "texture": "#particle"},
				"down": {"uv": [8, 6.5, 9, 7], "texture": "#particle"}
			}
		},
		{
			"from": [0.5, -2.75, 2],
			"to": [15.5, 12.25, 2],
			"light_emission": 15,
			"rotation": {"angle": 0, "axis": "y", "origin": [7.5, 5.25, 2]},
			"faces": {
				"north": {"uv": [0, 0, 3.75, 3.75], "texture": "#1"},
				"south": {"uv": [3.75, 0, 0, 3.75], "texture": "#1"}
			}
		},
		{
			"from": [0.5, -2.75, 2],
			"to": [15.5, 12.25, 2],
			"light_emission": 15,
			"rotation": {"angle": 22.5, "axis": "z", "origin": [7.5, 5.25, 2]},
			"faces": {
				"north": {"uv": [4, 0, 7.75, 3.75], "texture": "#1"},
				"south": {"uv": [7.75, 0, 4, 3.75], "texture": "#1"}
			}
		},
		{
			"from": [0.5, -2.75, 2],
			"to": [15.5, 12.25, 2],
			"light_emission": 15,
			"rotation": {"angle": 45, "axis": "z", "origin": [7.5, 5.25, 2]},
			"faces": {
				"north": {"uv": [8, 0, 11.75, 3.75], "texture": "#1"},
				"south": {"uv": [11.75, 0, 8, 3.75], "texture": "#1"}
			}
		},
		{
			"from": [0.5, -2.75, 2],
			"to": [15.5, 12.25, 2],
			"light_emission": 15,
			"rotation": {"angle": -22.5, "axis": "z", "origin": [7.5, 5.25, 2]},
			"faces": {
				"north": {"uv": [12, 0, 15.75, 3.75], "rotation": 90, "texture": "#1"},
				"south": {"uv": [15.75, 0, 12, 3.75], "rotation": 270, "texture": "#1"}
			}
		},
		{
			"from": [0.5, -2.75, 2],
			"to": [15.5, 12.25, 2],
			"light_emission": 15,
			"rotation": {"angle": 0, "axis": "y", "origin": [7.5, 5.25, 2]},
			"faces": {
				"north": {"uv": [0, 4, 3.75, 7.75], "rotation": 90, "texture": "#1"},
				"south": {"uv": [3.75, 4, 0, 7.75], "rotation": 270, "texture": "#1"}
			}
		},
		{
			"from": [0.5, -2.75, 2],
			"to": [15.5, 12.25, 2],
			"light_emission": 15,
			"rotation": {"angle": 22.5, "axis": "z", "origin": [7.5, 5.25, 2]},
			"faces": {
				"north": {"uv": [4, 4, 7.75, 7.75], "rotation": 90, "texture": "#1"},
				"south": {"uv": [7.75, 4, 4, 7.75], "rotation": 270, "texture": "#1"}
			}
		},
		{
			"from": [0.5, -2.75, 2],
			"to": [15.5, 12.25, 2],
			"light_emission": 15,
			"rotation": {"angle": 45, "axis": "z", "origin": [7.5, 5.25, 2]},
			"faces": {
				"north": {"uv": [8, 4, 11.75, 7.75], "rotation": 90, "texture": "#1"},
				"south": {"uv": [11.75, 4, 8, 7.75], "rotation": 270, "texture": "#1"}
			}
		},
		{
			"from": [0.5, -2.75, 2],
			"to": [15.5, 12.25, 2],
			"light_emission": 15,
			"rotation": {"angle": -22.5, "axis": "z", "origin": [7.5, 5.25, 2]},
			"faces": {
				"north": {"uv": [12, 4, 15.75, 7.75], "rotation": 180, "texture": "#1"},
				"south": {"uv": [15.75, 4, 12, 7.75], "rotation": 180, "texture": "#1"}
			}
		},
		{
			"from": [0.5, -2.75, 2],
			"to": [15.5, 12.25, 2],
			"light_emission": 15,
			"rotation": {"angle": 0, "axis": "y", "origin": [7.5, 5.25, 2]},
			"faces": {
				"north": {"uv": [0, 8, 3.75, 11.75], "rotation": 180, "texture": "#1"},
				"south": {"uv": [3.75, 8, 0, 11.75], "rotation": 180, "texture": "#1"}
			}
		},
		{
			"from": [0.5, -2.75, 2],
			"to": [15.5, 12.25, 2],
			"light_emission": 15,
			"rotation": {"angle": 22.5, "axis": "z", "origin": [7.5, 5.25, 2]},
			"faces": {
				"north": {"uv": [4, 8, 7.75, 11.75], "rotation": 180, "texture": "#1"},
				"south": {"uv": [7.75, 8, 4, 11.75], "rotation": 180, "texture": "#1"}
			}
		},
		{
			"from": [0.5, -2.75, 2],
			"to": [15.5, 12.25, 2],
			"light_emission": 15,
			"rotation": {"angle": 45, "axis": "z", "origin": [7.5, 5.25, 2]},
			"faces": {
				"north": {"uv": [8, 8, 11.75, 11.75], "rotation": 180, "texture": "#1"},
				"south": {"uv": [11.75, 8, 8, 11.75], "rotation": 180, "texture": "#1"}
			}
		},
		{
			"from": [0.5, -2.75, 2],
			"to": [15.5, 12.25, 2],
			"light_emission": 15,
			"rotation": {"angle": -22.5, "axis": "z", "origin": [7.5, 5.25, 2]},
			"faces": {
				"north": {"uv": [12, 8, 15.75, 11.75], "rotation": 270, "texture": "#1"},
				"south": {"uv": [15.75, 8, 12, 11.75], "rotation": 90, "texture": "#1"}
			}
		},
		{
			"from": [0.5, -2.75, 2],
			"to": [15.5, 12.25, 2],
			"light_emission": 15,
			"rotation": {"angle": 0, "axis": "y", "origin": [7.5, 5.25, 2]},
			"faces": {
				"north": {"uv": [0, 12, 3.75, 15.75], "rotation": 270, "texture": "#1"},
				"south": {"uv": [3.75, 12, 0, 15.75], "rotation": 90, "texture": "#1"}
			}
		},
		{
			"from": [0.5, -2.75, 2],
			"to": [15.5, 12.25, 2],
			"light_emission": 15,
			"rotation": {"angle": 22.5, "axis": "z", "origin": [7.5, 5.25, 2]},
			"faces": {
				"north": {"uv": [4, 12, 7.75, 15.75], "rotation": 270, "texture": "#1"},
				"south": {"uv": [7.75, 12, 4, 15.75], "rotation": 90, "texture": "#1"}
			}
		},
		{
			"from": [0.5, -2.75, 2],
			"to": [15.5, 12.25, 2],
			"light_emission": 15,
			"rotation": {"angle": 45, "axis": "z", "origin": [7.5, 5.25, 2]},
			"faces": {
				"north": {"uv": [8, 12, 11.75, 15.75], "rotation": 270, "texture": "#1"},
				"south": {"uv": [11.75, 12, 8, 15.75], "rotation": 90, "texture": "#1"}
			}
		},
		{
			"from": [0.5, -2.25, 2],
			"to": [15.5, 12.75, 2],
			"light_emission": 15,
			"rotation": {"angle": -22.5, "axis": "z", "origin": [7.5, 5.75, 2]},
			"faces": {
				"north": {"uv": [12, 12, 15.75, 15.75], "texture": "#1"},
				"south": {"uv": [15.75, 12, 12, 15.75], "texture": "#1"}
			}
		},
		{
			"from": [7.5, -2.5, -12],
			"to": [7.5, 12.5, 3],
			"light_emission": 15,
			"rotation": {"angle": 22.5, "axis": "y", "origin": [7.5, 5, 3]},
			"faces": {
				"east": {"uv": [15, 0, 0, 15], "rotation": 90, "texture": "#2"},
				"west": {"uv": [15, 15, 0, 0], "rotation": 90, "texture": "#2"}
			}
		},
		{
			"from": [0.5, 4.5, -12],
			"to": [15.5, 4.5, 3],
			"light_emission": 15,
			"rotation": {"angle": -22.5, "axis": "x", "origin": [8, 4.5, 3]},
			"faces": {
				"up": {"uv": [15, 0, 0, 15], "texture": "#2"},
				"down": {"uv": [15, 15, 0, 0], "texture": "#2"}
			}
		},
		{
			"from": [0.5, 5.5, -12],
			"to": [15.5, 5.5, 3],
			"light_emission": 15,
			"rotation": {"angle": 22.5, "axis": "x", "origin": [8, 5.5, 3]},
			"faces": {
				"up": {"uv": [0, 0, 15, 15], "texture": "#2"},
				"down": {"uv": [0, 15, 15, 0], "texture": "#2"}
			}
		},
		{
			"from": [8.5, -3, -13.25],
			"to": [8.5, 12, 1.75],
			"light_emission": 15,
			"rotation": {"angle": -22.5, "axis": "y", "origin": [7.5, 4.5, 1.75]},
			"faces": {
				"east": {"uv": [0, 0, 15, 15], "rotation": 90, "texture": "#2"},
				"west": {"uv": [0, 15, 15, 0], "rotation": 90, "texture": "#2"}
			}
		},
		{
			"from": [6.5, 3.5, 5],
			"to": [9.5, 6.5, 11],
			"rotation": {"angle": 0, "axis": "y", "origin": [0, 0.5, 1]},
			"faces": {
				"east": {"uv": [3, 13, 0, 14.5], "texture": "#particle"},
				"west": {"uv": [0, 13, 3, 14.5], "texture": "#particle"},
				"up": {"uv": [1.5, 13, 0, 10], "texture": "#particle"},
				"down": {"uv": [3, 10, 1.5, 13], "texture": "#particle"}
			}
		}
	],
	"gui_light": "front",
	"display": {
		"thirdperson_righthand": {
			"translation": [0, 3.5, 0]
		},
		"thirdperson_lefthand": {
			"translation": [0, 3.5, 0]
		},
		"firstperson_righthand": {
			"rotation": [15, 0, 8],
			"translation": [3.38, 4.75, -2],
			"scale": [0.68, 0.68, 0.68]
		},
		"firstperson_lefthand": {
			"rotation": [15, 0, 8],
			"translation": [3.38, 4.75, -2],
			"scale": [0.68, 0.68, 0.68]
		},
		"ground": {
			"translation": [0, 6.25, -1.75],
			"scale": [0.75, 0.75, 0.75]
		},
		"gui": {
			"rotation": [105, 43, -131],
			"translation": [-0.5, 3.75, 0]
		},
		"head": {
			"translation": [0, 11.5, -6.5]
		},
		"fixed": {
			"rotation": [90, -45, 90],
			"translation": [0.5, 4.5, -2.5]
		}
	}
}