{
	"credit": "Created by Mickey Joe Alpha - http://YouTube.com/@MushirMickeyJoe",
	"textures": {
		"arrow": "item/arrow",
		"particle": "item/bow/bow_pulling_1"
	},
	"elements": [
		{
			"name": "Box1",
			"from": [12, 12, 7.5],
			"to": [15, 15, 8.5],
			"faces": {
				"north": {"uv": [4, 15, 1, 12], "rotation": 270, "texture": "#particle"},
				"east": {"uv": [4, 15, 1, 14], "rotation": 270, "texture": "#particle"},
				"south": {"uv": [1, 15, 4, 12], "rotation": 90, "texture": "#particle"},
				"west": {"uv": [1, 13, 4, 12], "rotation": 90, "texture": "#particle"},
				"up": {"uv": [2, 15, 1, 12], "rotation": 90, "texture": "#particle"},
				"down": {"uv": [4, 15, 3, 12], "rotation": 90, "texture": "#particle"}
			}
		},
		{
			"name": "Box2",
			"from": [8, 11, 7.5],
			"to": [12, 14, 8.5],
			"faces": {
				"north": {"uv": [5, 12, 2, 8], "rotation": 270, "texture": "#particle"},
				"east": {"uv": [5, 12, 2, 11], "rotation": 270, "texture": "#particle"},
				"south": {"uv": [2, 12, 5, 8], "rotation": 90, "texture": "#particle"},
				"west": {"uv": [2, 9, 5, 8], "rotation": 90, "texture": "#particle"},
				"up": {"uv": [3, 12, 2, 8], "rotation": 90, "texture": "#particle"},
				"down": {"uv": [5, 12, 4, 8], "rotation": 90, "texture": "#particle"}
			}
		},
		{
			"name": "Box3",
			"from": [15, 13, 7.5],
			"to": [16, 14, 8.5],
			"faces": {
				"north": {"uv": [3, 16, 2, 15], "rotation": 270, "texture": "#particle"},
				"east": {"uv": [3, 16, 2, 15], "rotation": 270, "texture": "#particle"},
				"south": {"uv": [2, 16, 3, 15], "rotation": 90, "texture": "#particle"},
				"up": {"uv": [3, 16, 2, 15], "rotation": 90, "texture": "#particle"},
				"down": {"uv": [3, 16, 2, 15], "rotation": 90, "texture": "#particle"}
			}
		},
		{
			"name": "Box4",
			"from": [6, 9, 7.5],
			"to": [7, 13, 8.5],
			"faces": {
				"north": {"uv": [7, 7, 3, 6], "rotation": 270, "texture": "#particle"},
				"east": {"uv": [7, 7, 3, 6], "rotation": 270, "texture": "#particle"},
				"south": {"uv": [3, 7, 7, 6], "rotation": 90, "texture": "#particle"},
				"west": {"uv": [3, 7, 7, 6], "rotation": 90, "texture": "#particle"},
				"up": {"uv": [4, 7, 3, 6], "rotation": 90, "texture": "#particle"},
				"down": {"uv": [7, 7, 6, 6], "rotation": 90, "texture": "#particle"}
			}
		},
		{
			"name": "Box5",
			"from": [7, 10, 7.5],
			"to": [8, 13, 8.5],
			"faces": {
				"north": {"uv": [6, 8, 3, 7], "rotation": 270, "texture": "#particle"},
				"east": {"uv": [6, 8, 3, 7], "rotation": 270, "texture": "#particle"},
				"south": {"uv": [3, 8, 6, 7], "rotation": 90, "texture": "#particle"},
				"up": {"uv": [4, 8, 3, 7], "rotation": 90, "texture": "#particle"},
				"down": {"uv": [6, 8, 5, 7], "rotation": 90, "texture": "#particle"}
			}
		},
		{
			"name": "Box6",
			"from": [5, 8, 7.5],
			"to": [6, 12, 8.5],
			"faces": {
				"north": {"uv": [8, 6, 4, 5], "rotation": 270, "texture": "#particle"},
				"east": {"uv": [8, 6, 4, 5], "rotation": 270, "texture": "#particle"},
				"south": {"uv": [4, 6, 8, 5], "rotation": 90, "texture": "#particle"},
				"west": {"uv": [4, 6, 8, 5], "rotation": 90, "texture": "#particle"},
				"up": {"uv": [5, 6, 4, 5], "rotation": 90, "texture": "#particle"},
				"down": {"uv": [8, 6, 7, 5], "rotation": 90, "texture": "#particle"}
			}
		},
		{
			"name": "Box7",
			"from": [14, 8, 7.5],
			"to": [15, 12, 8.5],
			"faces": {
				"north": {"uv": [8, 15, 4, 14], "rotation": 270, "texture": "#particle"},
				"east": {"uv": [8, 15, 4, 14], "rotation": 270, "texture": "#particle"},
				"south": {"uv": [4, 15, 8, 14], "rotation": 90, "texture": "#particle"},
				"west": {"uv": [4, 15, 8, 14], "rotation": 90, "texture": "#particle"},
				"down": {"uv": [8, 15, 7, 14], "rotation": 90, "texture": "#particle"}
			}
		},
		{
			"name": "Box8",
			"from": [4, 4, 7.5],
			"to": [5, 11, 8.5],
			"faces": {
				"north": {"uv": [12, 5, 5, 4], "rotation": 270, "texture": "#particle"},
				"east": {"uv": [12, 5, 5, 4], "rotation": 270, "texture": "#particle"},
				"south": {"uv": [5, 5, 12, 4], "rotation": 90, "texture": "#particle"},
				"west": {"uv": [5, 5, 12, 4], "rotation": 90, "texture": "#particle"},
				"up": {"uv": [6, 5, 5, 4], "rotation": 90, "texture": "#particle"},
				"down": {"uv": [12, 5, 11, 4], "rotation": 90, "texture": "#particle"}
			}
		},
		{
			"name": "Box9",
			"from": [3, 1, 7.5],
			"to": [4, 10, 8.5],
			"faces": {
				"north": {"uv": [15, 4, 6, 3], "rotation": 270, "texture": "#particle"},
				"east": {"uv": [15, 4, 6, 3], "rotation": 270, "texture": "#particle"},
				"south": {"uv": [6, 4, 15, 3], "rotation": 90, "texture": "#particle"},
				"west": {"uv": [6, 4, 15, 3], "rotation": 90, "texture": "#particle"},
				"up": {"uv": [7, 4, 6, 3], "rotation": 90, "texture": "#particle"},
				"down": {"uv": [15, 4, 14, 3], "rotation": 90, "texture": "#particle"}
			}
		},
		{
			"name": "Box10",
			"from": [2, 0, 7.5],
			"to": [3, 8, 8.5],
			"faces": {
				"north": {"uv": [16, 3, 8, 2], "rotation": 270, "texture": "#particle"},
				"east": {"uv": [16, 3, 8, 2], "rotation": 270, "texture": "#particle"},
				"south": {"uv": [8, 3, 16, 2], "rotation": 90, "texture": "#particle"},
				"west": {"uv": [8, 3, 16, 2], "rotation": 90, "texture": "#particle"},
				"up": {"uv": [9, 3, 8, 2], "rotation": 90, "texture": "#particle"},
				"down": {"uv": [16, 3, 15, 2], "rotation": 90, "texture": "#particle"}
			}
		},
		{
			"name": "Box11",
			"from": [13, 2, 7.5],
			"to": [14, 8, 8.5],
			"faces": {
				"north": {"uv": [14, 14, 8, 13], "rotation": 270, "texture": "#particle"},
				"east": {"uv": [14, 14, 8, 13], "rotation": 270, "texture": "#particle"},
				"south": {"uv": [8, 14, 14, 13], "rotation": 90, "texture": "#particle"},
				"west": {"uv": [8, 14, 14, 13], "rotation": 90, "texture": "#particle"},
				"up": {"uv": [9, 14, 8, 13], "rotation": 90, "texture": "#particle"},
				"down": {"uv": [14, 14, 13, 13], "rotation": 90, "texture": "#particle"}
			}
		},
		{
			"name": "Box12",
			"from": [1, 1, 7.5],
			"to": [2, 4, 8.5],
			"faces": {
				"north": {"uv": [15, 2, 12, 1], "rotation": 270, "texture": "#particle"},
				"south": {"uv": [12, 2, 15, 1], "rotation": 90, "texture": "#particle"},
				"west": {"uv": [12, 2, 15, 1], "rotation": 90, "texture": "#particle"},
				"up": {"uv": [13, 2, 12, 1], "rotation": 90, "texture": "#particle"},
				"down": {"uv": [15, 2, 14, 1], "rotation": 90, "texture": "#particle"}
			}
		},
		{
			"name": "Box13",
			"from": [8, 2, 7.5],
			"to": [13, 3, 8.5],
			"faces": {
				"north": {"uv": [14, 13, 13, 8], "rotation": 270, "texture": "#particle"},
				"south": {"uv": [13, 13, 14, 8], "rotation": 90, "texture": "#particle"},
				"west": {"uv": [13, 9, 14, 8], "rotation": 90, "texture": "#particle"},
				"up": {"uv": [14, 13, 13, 8], "rotation": 90, "texture": "#particle"},
				"down": {"uv": [14, 13, 13, 8], "rotation": 90, "texture": "#particle"}
			}
		},
		{
			"name": "Box14",
			"from": [4, 1, 7.5],
			"to": [8, 2, 8.5],
			"faces": {
				"north": {"uv": [15, 8, 14, 4], "rotation": 270, "texture": "#particle"},
				"east": {"uv": [15, 8, 14, 7], "rotation": 270, "texture": "#particle"},
				"south": {"uv": [14, 8, 15, 4], "rotation": 90, "texture": "#particle"},
				"up": {"uv": [15, 8, 14, 4], "rotation": 90, "texture": "#particle"},
				"down": {"uv": [15, 8, 14, 4], "rotation": 90, "texture": "#particle"}
			}
		},
		{
			"name": "Box1",
			"from": [10, 4, 8.5],
			"to": [14, 5, 9.5],
			"faces": {
				"north": {"uv": [6, 13, 2, 12], "rotation": 180, "texture": "#arrow"},
				"east": {"uv": [2, 12, 3, 13], "texture": "#arrow"},
				"south": {"uv": [2, 13, 6, 12], "rotation": 180, "texture": "#arrow"},
				"west": {"uv": [6, 13, 5, 12], "rotation": 180, "texture": "#arrow"},
				"up": {"uv": [6, 12, 2, 13], "texture": "#arrow"},
				"down": {"uv": [6, 13, 2, 12], "texture": "#arrow"}
			}
		},
		{
			"name": "Box2",
			"from": [11, 3, 8.5],
			"to": [14, 4, 9.5],
			"faces": {
				"north": {"uv": [5, 14, 2, 13], "rotation": 180, "texture": "#arrow"},
				"east": {"uv": [2, 13, 3, 14], "texture": "#arrow"},
				"south": {"uv": [2, 14, 5, 13], "rotation": 180, "texture": "#arrow"},
				"west": {"uv": [5, 14, 4, 13], "rotation": 180, "texture": "#arrow"},
				"down": {"uv": [5, 14, 2, 13], "texture": "#arrow"}
			}
		},
		{
			"name": "Box3",
			"from": [10, 5, 8.5],
			"to": [13, 6, 9.5],
			"faces": {
				"north": {"uv": [6, 12, 3, 11], "rotation": 180, "texture": "#arrow"},
				"east": {"uv": [3, 11, 4, 12], "texture": "#arrow"},
				"south": {"uv": [3, 12, 6, 11], "rotation": 180, "texture": "#arrow"},
				"west": {"uv": [6, 12, 5, 11], "rotation": 180, "texture": "#arrow"},
				"up": {"uv": [6, 11, 3, 12], "texture": "#arrow"}
			}
		},
		{
			"name": "Box4",
			"from": [12, 2, 8.5],
			"to": [13, 3, 9.5],
			"faces": {
				"east": {"uv": [3, 14, 4, 15], "texture": "#arrow"},
				"south": {"uv": [3, 14, 4, 15], "texture": "#arrow"},
				"west": {"uv": [4, 15, 3, 14], "rotation": 180, "texture": "#arrow"},
				"down": {"uv": [4, 15, 3, 14], "texture": "#arrow"}
			}
		},
		{
			"name": "Box5",
			"from": [9, 6, 8.5],
			"to": [11, 7, 9.5],
			"faces": {
				"north": {"uv": [7, 11, 5, 10], "rotation": 180, "texture": "#arrow"},
				"east": {"uv": [5, 10, 6, 11], "texture": "#arrow"},
				"south": {"uv": [5, 11, 7, 10], "rotation": 180, "texture": "#arrow"},
				"west": {"uv": [7, 11, 6, 10], "rotation": 180, "texture": "#arrow"},
				"up": {"uv": [7, 10, 5, 11], "texture": "#arrow"},
				"down": {"uv": [7, 11, 5, 10], "texture": "#arrow"}
			}
		},
		{
			"name": "Box6",
			"from": [8, 7, 8.5],
			"to": [10, 8, 9.5],
			"faces": {
				"north": {"uv": [8, 10, 6, 9], "rotation": 180, "texture": "#arrow"},
				"east": {"uv": [6, 9, 7, 10], "texture": "#arrow"},
				"south": {"uv": [6, 10, 8, 9], "rotation": 180, "texture": "#arrow"},
				"west": {"uv": [8, 10, 7, 9], "rotation": 180, "texture": "#arrow"},
				"up": {"uv": [8, 9, 6, 10], "texture": "#arrow"},
				"down": {"uv": [8, 10, 6, 9], "texture": "#arrow"}
			}
		},
		{
			"name": "Box7",
			"from": [7, 8, 8.5],
			"to": [9, 9, 9.5],
			"faces": {
				"north": {"uv": [9, 9, 7, 8], "rotation": 180, "texture": "#arrow"},
				"east": {"uv": [7, 8, 8, 9], "texture": "#arrow"},
				"south": {"uv": [7, 9, 9, 8], "rotation": 180, "texture": "#arrow"},
				"west": {"uv": [9, 9, 8, 8], "rotation": 180, "texture": "#arrow"},
				"up": {"uv": [9, 8, 7, 9], "texture": "#arrow"},
				"down": {"uv": [9, 9, 7, 8], "texture": "#arrow"}
			}
		},
		{
			"name": "Box8",
			"from": [6, 9, 8.5],
			"to": [8, 10, 9.5],
			"faces": {
				"north": {"uv": [10, 8, 8, 7], "rotation": 180, "texture": "#arrow"},
				"east": {"uv": [8, 7, 9, 8], "texture": "#arrow"},
				"south": {"uv": [8, 8, 10, 7], "rotation": 180, "texture": "#arrow"},
				"west": {"uv": [10, 8, 9, 7], "rotation": 180, "texture": "#arrow"},
				"up": {"uv": [10, 7, 8, 8], "texture": "#arrow"},
				"down": {"uv": [10, 8, 8, 7], "texture": "#arrow"}
			}
		},
		{
			"name": "Box9",
			"from": [5, 10, 8.5],
			"to": [7, 11, 9.5],
			"faces": {
				"east": {"uv": [9, 6, 10, 7], "texture": "#arrow"},
				"south": {"uv": [9, 7, 11, 6], "rotation": 180, "texture": "#arrow"},
				"west": {"uv": [11, 7, 10, 6], "rotation": 180, "texture": "#arrow"},
				"up": {"uv": [11, 6, 9, 7], "texture": "#arrow"},
				"down": {"uv": [11, 7, 9, 6], "texture": "#arrow"}
			}
		},
		{
			"name": "Box10",
			"from": [1, 13, 8.5],
			"to": [6, 14, 9.5],
			"faces": {
				"north": {"uv": [15, 4, 10, 3], "rotation": 180, "texture": "#arrow"},
				"east": {"uv": [10, 3, 11, 4], "texture": "#arrow"},
				"south": {"uv": [10, 4, 15, 3], "rotation": 180, "texture": "#arrow"},
				"west": {"uv": [15, 4, 14, 3], "rotation": 180, "texture": "#arrow"},
				"up": {"uv": [15, 3, 10, 4], "texture": "#arrow"},
				"down": {"uv": [15, 4, 10, 3], "texture": "#arrow"}
			}
		},
		{
			"name": "Box11",
			"from": [2, 11, 8.5],
			"to": [6, 13, 9.5],
			"faces": {
				"north": {"uv": [14, 6, 10, 4], "rotation": 180, "texture": "#arrow"},
				"east": {"uv": [10, 4, 11, 6], "texture": "#arrow"},
				"south": {"uv": [10, 6, 14, 4], "rotation": 180, "texture": "#arrow"},
				"west": {"uv": [14, 6, 13, 4], "rotation": 180, "texture": "#arrow"},
				"down": {"uv": [14, 6, 10, 5], "texture": "#arrow"}
			}
		},
		{
			"name": "Box12",
			"from": [1, 14, 8.5],
			"to": [4, 15, 9.5],
			"faces": {
				"north": {"uv": [15, 3, 12, 2], "rotation": 180, "texture": "#arrow"},
				"east": {"uv": [12, 2, 13, 3], "texture": "#arrow"},
				"south": {"uv": [12, 3, 15, 2], "rotation": 180, "texture": "#arrow"},
				"west": {"uv": [15, 3, 14, 2], "rotation": 180, "texture": "#arrow"},
				"up": {"uv": [15, 2, 12, 3], "texture": "#arrow"}
			}
		},
		{
			"name": "Box13",
			"from": [3, 10, 8.5],
			"to": [4, 11, 9.5],
			"faces": {
				"north": {"uv": [13, 7, 12, 6], "rotation": 180, "texture": "#arrow"},
				"east": {"uv": [12, 6, 13, 7], "texture": "#arrow"},
				"south": {"uv": [12, 7, 13, 6], "rotation": 180, "texture": "#arrow"},
				"west": {"uv": [13, 7, 12, 6], "rotation": 180, "texture": "#arrow"},
				"down": {"uv": [13, 7, 12, 6], "texture": "#arrow"}
			}
		}
	],
	"gui_light": "front",
	"display": {
		"thirdperson_righthand": {
			"rotation": [-80, 260, -40],
			"translation": [-2, -2, 2.5],
			"scale": [0.9, 0.9, 0.9]
		},
		"thirdperson_lefthand": {
			"rotation": [-80, 260, 40],
			"translation": [-2, -2, 2.5],
			"scale": [0.9, 0.9, 0.9]
		},
		"firstperson_righthand": {
			"rotation": [0, -90, 25],
			"translation": [3.13, 3.2, 1.13],
			"scale": [0.68, 0.68, 0.68]
		},
		"firstperson_lefthand": {
			"rotation": [-67, -35, 53],
			"translation": [0, 1.25, 1.13],
			"scale": [0.68, 0.68, 0.68]
		},
		"gui": {
			"rotation": [10, -25, 2],
			"translation": [0.25, -0.17, 0]
		}
	}
}