{
	"credit": "Created by Mickey Joe Alpha - http://YouTube.com/@MushirMickeyJoe",
	"textures": {
		"1": "item/arrow",
		"particle": "item/bow/command_block_bow"
	},
	"elements": [
		{
			"name": "command_block_bow_0",
			"from": [11, 13, 7.5],
			"to": [14, 17, 8.5],
			"rotation": {"angle": 0, "axis": "y", "origin": [-8, 0, -8]},
			"faces": {
				"north": {"uv": [11.5, 3.5, 10, 5.5], "texture": "#particle"},
				"east": {"uv": [11, 3.5, 11.5, 5.5], "texture": "#particle"},
				"south": {"uv": [10, 3.5, 11.5, 5.5], "texture": "#particle"},
				"west": {"uv": [10, 3.5, 10.5, 5.5], "texture": "#particle"},
				"up": {"uv": [10, 3.5, 11.5, 4], "texture": "#particle"},
				"down": {"uv": [10, 5, 11.5, 5.5], "texture": "#particle"}
			}
		},
		{
			"name": "command_block_bow_1",
			"from": [14, 15, 7.5],
			"to": [15, 17, 8.5],
			"rotation": {"angle": 0, "axis": "y", "origin": [-8, 0, -8]},
			"faces": {
				"north": {"uv": [12, 3.5, 11.5, 4.5], "texture": "#particle"},
				"east": {"uv": [11.5, 3.5, 12, 4.5], "texture": "#particle"},
				"south": {"uv": [11.5, 3.5, 12, 4.5], "texture": "#particle"},
				"up": {"uv": [11.5, 3.5, 12, 4], "texture": "#particle"},
				"down": {"uv": [11.5, 4, 12, 4.5], "texture": "#particle"}
			}
		},
		{
			"name": "command_block_bow_2",
			"from": [1, 14, 7.5],
			"to": [3, 16, 8.5],
			"rotation": {"angle": 0, "axis": "y", "origin": [-8, 0, -8]},
			"faces": {
				"north": {"uv": [6, 4, 5, 5], "texture": "#particle"},
				"east": {"uv": [5.5, 4, 6, 5], "texture": "#particle"},
				"south": {"uv": [5, 4, 6, 5], "texture": "#particle"},
				"west": {"uv": [5, 4, 5.5, 5], "texture": "#particle"},
				"up": {"uv": [5, 4, 6, 4.5], "texture": "#particle"},
				"down": {"uv": [5, 4.5, 6, 5], "texture": "#particle"}
			}
		},
		{
			"name": "command_block_bow_3",
			"from": [4, 11, 7.5],
			"to": [11, 16, 8.5],
			"rotation": {"angle": 0, "axis": "y", "origin": [-8, 0, -8]},
			"faces": {
				"north": {"uv": [10, 4, 6.5, 6.5], "texture": "#particle"},
				"south": {"uv": [6.5, 4, 10, 6.5], "texture": "#particle"},
				"west": {"uv": [6.5, 4, 7, 6.5], "texture": "#particle"},
				"up": {"uv": [6.5, 4, 10, 4.5], "texture": "#particle"},
				"down": {"uv": [6.5, 6, 10, 6.5], "texture": "#particle"}
			}
		},
		{
			"name": "command_block_bow_4",
			"from": [15, 15, 7.5],
			"to": [16, 16, 8.5],
			"rotation": {"angle": 0, "axis": "y", "origin": [-8, 0, -8]},
			"faces": {
				"north": {"uv": [12.5, 4, 12, 4.5], "texture": "#particle"},
				"east": {"uv": [12, 4, 12.5, 4.5], "texture": "#particle"},
				"south": {"uv": [12, 4, 12.5, 4.5], "texture": "#particle"},
				"up": {"uv": [12, 4, 12.5, 4.5], "texture": "#particle"},
				"down": {"uv": [12, 4, 12.5, 4.5], "texture": "#particle"}
			}
		},
		{
			"name": "command_block_bow_5",
			"from": [3, 4, 7.5],
			"to": [4, 15, 8.5],
			"rotation": {"angle": 0, "axis": "y", "origin": [-8, 0, -8]},
			"faces": {
				"north": {"uv": [6.5, 4.5, 6, 10], "texture": "#particle"},
				"south": {"uv": [6, 4.5, 6.5, 10], "texture": "#particle"},
				"up": {"uv": [6, 4.5, 6.5, 5], "texture": "#particle"},
				"down": {"uv": [6, 9.5, 6.5, 10], "texture": "#particle"}
			}
		},
		{
			"name": "command_block_bow_6",
			"from": [2, 4, 7.5],
			"to": [3, 14, 8.5],
			"rotation": {"angle": 0, "axis": "y", "origin": [-8, 0, -8]},
			"faces": {
				"north": {"uv": [6, 5, 5.5, 10], "texture": "#particle"},
				"south": {"uv": [5.5, 5, 6, 10], "texture": "#particle"},
				"west": {"uv": [5.5, 5, 6, 10], "texture": "#particle"},
				"down": {"uv": [5.5, 9.5, 6, 10], "texture": "#particle"}
			}
		},
		{
			"name": "command_block_bow_7",
			"from": [-2, 11, 7.5],
			"to": [0, 13, 8.5],
			"rotation": {"angle": 0, "axis": "y", "origin": [-8, 0, -8]},
			"faces": {
				"north": {"uv": [4.5, 5.5, 3.5, 6.5], "texture": "#particle"},
				"east": {"uv": [4, 5.5, 4.5, 6.5], "texture": "#particle"},
				"south": {"uv": [3.5, 5.5, 4.5, 6.5], "texture": "#particle"},
				"west": {"uv": [3.5, 5.5, 4, 6.5], "texture": "#particle"},
				"up": {"uv": [3.5, 5.5, 4.5, 6], "texture": "#particle"},
				"down": {"uv": [3.5, 6, 4.5, 6.5], "texture": "#particle"}
			}
		},
		{
			"name": "command_block_bow_8",
			"from": [11, 10, 7.5],
			"to": [12, 13, 8.5],
			"rotation": {"angle": 0, "axis": "y", "origin": [-8, 0, -8]},
			"faces": {
				"north": {"uv": [10.5, 5.5, 10, 7], "texture": "#particle"},
				"east": {"uv": [10, 5.5, 10.5, 7], "texture": "#particle"},
				"south": {"uv": [10, 5.5, 10.5, 7], "texture": "#particle"},
				"west": {"uv": [10, 5.5, 10.5, 7], "texture": "#particle"},
				"down": {"uv": [10, 6.5, 10.5, 7], "texture": "#particle"}
			}
		},
		{
			"name": "command_block_bow_9",
			"from": [0, 2, 7.5],
			"to": [2, 12, 8.5],
			"rotation": {"angle": 0, "axis": "y", "origin": [-8, 0, -8]},
			"faces": {
				"north": {"uv": [5.5, 6, 4.5, 11], "texture": "#particle"},
				"east": {"uv": [5, 6, 5.5, 11], "texture": "#particle"},
				"south": {"uv": [4.5, 6, 5.5, 11], "texture": "#particle"},
				"up": {"uv": [4.5, 6, 5.5, 6.5], "texture": "#particle"},
				"down": {"uv": [4.5, 10.5, 5.5, 11], "texture": "#particle"}
			}
		},
		{
			"name": "command_block_bow_10",
			"from": [12, 10, 7.5],
			"to": [13, 12, 8.5],
			"rotation": {"angle": 0, "axis": "y", "origin": [-8, 0, -8]},
			"faces": {
				"north": {"uv": [11, 6, 10.5, 7], "texture": "#particle"},
				"east": {"uv": [10.5, 6, 11, 7], "texture": "#particle"},
				"south": {"uv": [10.5, 6, 11, 7], "texture": "#particle"},
				"up": {"uv": [10.5, 6, 11, 6.5], "texture": "#particle"},
				"down": {"uv": [10.5, 6.5, 11, 7], "texture": "#particle"}
			}
		},
		{
			"name": "command_block_bow_11",
			"from": [-1, 0, 7.5],
			"to": [0, 11, 8.5],
			"rotation": {"angle": 0, "axis": "y", "origin": [-8, 0, -8]},
			"faces": {
				"north": {"uv": [4.5, 6.5, 4, 12], "texture": "#particle"},
				"east": {"uv": [4, 6.5, 4.5, 12], "texture": "#particle"},
				"south": {"uv": [4, 6.5, 4.5, 12], "texture": "#particle"},
				"west": {"uv": [4, 6.5, 4.5, 12], "texture": "#particle"},
				"down": {"uv": [4, 11.5, 4.5, 12], "texture": "#particle"}
			}
		},
		{
			"name": "command_block_bow_12",
			"from": [4, 3, 7.5],
			"to": [5, 11, 8.5],
			"rotation": {"angle": 0, "axis": "y", "origin": [-8, 0, -8]},
			"faces": {
				"north": {"uv": [7, 6.5, 6.5, 10.5], "texture": "#particle"},
				"east": {"uv": [6.5, 6.5, 7, 10.5], "texture": "#particle"},
				"south": {"uv": [6.5, 6.5, 7, 10.5], "texture": "#particle"},
				"west": {"uv": [6.5, 6.5, 7, 10.5], "texture": "#particle"},
				"down": {"uv": [6.5, 10, 7, 10.5], "texture": "#particle"}
			}
		},
		{
			"name": "command_block_bow_20",
			"from": [9, 6, 7.5],
			"to": [10, 11, 8.5],
			"rotation": {"angle": 0, "axis": "y", "origin": [-8, 0, -8]},
			"faces": {
				"north": {"uv": [12.5, 8.5, 12, 11], "texture": "#particle"},
				"east": {"uv": [12, 8.5, 12.5, 11], "texture": "#particle"},
				"south": {"uv": [12, 8.5, 12.5, 11], "texture": "#particle"},
				"west": {"uv": [12, 8.5, 12.5, 11], "texture": "#particle"},
				"down": {"uv": [12, 10.5, 12.5, 11], "texture": "#particle"}
			}
		},
		{
			"name": "command_block_bow_24",
			"from": [-2, 1, 7.5],
			"to": [-1, 5, 8.5],
			"rotation": {"angle": 0, "axis": "y", "origin": [-8, 0, -8]},
			"faces": {
				"north": {"uv": [4, 9.5, 3.5, 11.5], "texture": "#particle"},
				"south": {"uv": [3.5, 9.5, 4, 11.5], "texture": "#particle"},
				"west": {"uv": [3.5, 9.5, 4, 11.5], "texture": "#particle"},
				"up": {"uv": [3.5, 9.5, 4, 10], "texture": "#particle"},
				"down": {"uv": [3.5, 11, 4, 11.5], "texture": "#particle"}
			}
		},
		{
			"name": "command_block_bow_25",
			"from": [5, 3, 7.5],
			"to": [6, 5, 8.5],
			"rotation": {"angle": 0, "axis": "y", "origin": [-8, 0, -8]},
			"faces": {
				"north": {"uv": [7.5, 9.5, 7, 10.5], "texture": "#particle"},
				"east": {"uv": [7, 9.5, 7.5, 10.5], "texture": "#particle"},
				"south": {"uv": [7, 9.5, 7.5, 10.5], "texture": "#particle"},
				"up": {"uv": [7, 9.5, 7.5, 10], "texture": "#particle"},
				"down": {"uv": [7, 10, 7.5, 10.5], "texture": "#particle"}
			}
		},
		{
			"name": "command_block_bow_29",
			"from": [5, 6, 7.5],
			"to": [9, 7, 8.5],
			"rotation": {"angle": 0, "axis": "y", "origin": [-8, 0, -8]},
			"faces": {
				"north": {"uv": [12, 10.5, 10, 11], "texture": "#particle"},
				"south": {"uv": [10, 10.5, 12, 11], "texture": "#particle"},
				"up": {"uv": [10, 10.5, 12, 11], "texture": "#particle"},
				"down": {"uv": [10, 10.5, 12, 11], "texture": "#particle"}
			}
		},
		{
			"name": "Box13",
			"from": [-1, 14, 8.5],
			"to": [0, 15, 9.5],
			"faces": {
				"north": {"uv": [13, 7, 12, 6], "rotation": 180, "texture": "#1"},
				"east": {"uv": [12, 6, 13, 7], "texture": "#1"},
				"south": {"uv": [12, 7, 13, 6], "rotation": 180, "texture": "#1"},
				"west": {"uv": [13, 7, 12, 6], "rotation": 180, "texture": "#1"},
				"down": {"uv": [13, 7, 12, 6], "texture": "#1"}
			}
		},
		{
			"name": "Box1",
			"from": [6, 8, 8.5],
			"to": [10, 9, 9.5],
			"faces": {
				"north": {"uv": [6, 13, 2, 12], "rotation": 180, "texture": "#1"},
				"east": {"uv": [2, 12, 3, 13], "texture": "#1"},
				"south": {"uv": [2, 13, 6, 12], "rotation": 180, "texture": "#1"},
				"west": {"uv": [6, 13, 5, 12], "rotation": 180, "texture": "#1"},
				"up": {"uv": [6, 12, 2, 13], "texture": "#1"},
				"down": {"uv": [6, 13, 2, 12], "texture": "#1"}
			}
		},
		{
			"name": "Box2",
			"from": [7, 7, 8.5],
			"to": [10, 8, 9.5],
			"faces": {
				"north": {"uv": [5, 14, 2, 13], "rotation": 180, "texture": "#1"},
				"east": {"uv": [2, 13, 3, 14], "texture": "#1"},
				"south": {"uv": [2, 14, 5, 13], "rotation": 180, "texture": "#1"},
				"west": {"uv": [5, 14, 4, 13], "rotation": 180, "texture": "#1"},
				"down": {"uv": [5, 14, 2, 13], "texture": "#1"}
			}
		},
		{
			"name": "Box3",
			"from": [6, 9, 8.5],
			"to": [9, 10, 9.5],
			"faces": {
				"north": {"uv": [6, 12, 3, 11], "rotation": 180, "texture": "#1"},
				"east": {"uv": [3, 11, 4, 12], "texture": "#1"},
				"south": {"uv": [3, 12, 6, 11], "rotation": 180, "texture": "#1"},
				"west": {"uv": [6, 12, 5, 11], "rotation": 180, "texture": "#1"},
				"up": {"uv": [6, 11, 3, 12], "texture": "#1"}
			}
		},
		{
			"name": "Box4",
			"from": [8, 6, 8.5],
			"to": [9, 7, 9.5],
			"faces": {
				"east": {"uv": [3, 14, 4, 15], "texture": "#1"},
				"south": {"uv": [3, 14, 4, 15], "texture": "#1"},
				"west": {"uv": [4, 15, 3, 14], "rotation": 180, "texture": "#1"},
				"down": {"uv": [4, 15, 3, 14], "texture": "#1"}
			}
		},
		{
			"name": "Box5",
			"from": [5, 10, 8.5],
			"to": [7, 11, 9.5],
			"faces": {
				"north": {"uv": [7, 11, 5, 10], "rotation": 180, "texture": "#1"},
				"east": {"uv": [5, 10, 6, 11], "texture": "#1"},
				"south": {"uv": [5, 11, 7, 10], "rotation": 180, "texture": "#1"},
				"west": {"uv": [7, 11, 6, 10], "rotation": 180, "texture": "#1"},
				"up": {"uv": [7, 10, 5, 11], "texture": "#1"},
				"down": {"uv": [7, 11, 5, 10], "texture": "#1"}
			}
		},
		{
			"name": "Box6",
			"from": [4, 11, 8.5],
			"to": [6, 12, 9.5],
			"faces": {
				"east": {"uv": [6, 9, 7, 10], "texture": "#1"},
				"south": {"uv": [6, 10, 8, 9], "rotation": 180, "texture": "#1"},
				"west": {"uv": [8, 10, 7, 9], "rotation": 180, "texture": "#1"},
				"up": {"uv": [8, 9, 6, 10], "texture": "#1"},
				"down": {"uv": [8, 10, 6, 9], "texture": "#1"}
			}
		},
		{
			"name": "Box7",
			"from": [3, 12, 8.5],
			"to": [5, 13, 9.5],
			"faces": {
				"east": {"uv": [7, 8, 8, 9], "texture": "#1"},
				"south": {"uv": [7, 9, 9, 8], "rotation": 180, "texture": "#1"},
				"west": {"uv": [9, 9, 8, 8], "rotation": 180, "texture": "#1"},
				"up": {"uv": [9, 8, 7, 9], "texture": "#1"},
				"down": {"uv": [9, 9, 7, 8], "texture": "#1"}
			}
		},
		{
			"name": "Box8",
			"from": [2, 13, 8.5],
			"to": [4, 14, 9.5],
			"faces": {
				"east": {"uv": [8, 7, 9, 8], "texture": "#1"},
				"south": {"uv": [8, 8, 10, 7], "rotation": 180, "texture": "#1"},
				"west": {"uv": [10, 8, 9, 7], "rotation": 180, "texture": "#1"},
				"up": {"uv": [10, 7, 8, 8], "texture": "#1"},
				"down": {"uv": [10, 8, 8, 7], "texture": "#1"}
			}
		},
		{
			"name": "Box9",
			"from": [1, 14, 8.5],
			"to": [3, 15, 9.5],
			"faces": {
				"east": {"uv": [9, 6, 10, 7], "texture": "#1"},
				"south": {"uv": [9, 7, 11, 6], "rotation": 180, "texture": "#1"},
				"west": {"uv": [11, 7, 10, 6], "rotation": 180, "texture": "#1"},
				"up": {"uv": [11, 6, 9, 7], "texture": "#1"},
				"down": {"uv": [11, 7, 9, 6], "texture": "#1"}
			}
		},
		{
			"name": "Box10",
			"from": [-3, 17, 8.5],
			"to": [2, 18, 9.5],
			"faces": {
				"north": {"uv": [15, 4, 10, 3], "rotation": 180, "texture": "#1"},
				"east": {"uv": [10, 3, 11, 4], "texture": "#1"},
				"south": {"uv": [10, 4, 15, 3], "rotation": 180, "texture": "#1"},
				"west": {"uv": [15, 4, 14, 3], "rotation": 180, "texture": "#1"},
				"up": {"uv": [15, 3, 10, 4], "texture": "#1"},
				"down": {"uv": [15, 4, 10, 3], "texture": "#1"}
			}
		},
		{
			"name": "Box11",
			"from": [-2, 15, 8.5],
			"to": [2, 17, 9.5],
			"faces": {
				"north": {"uv": [14, 6, 10, 4], "rotation": 180, "texture": "#1"},
				"east": {"uv": [10, 4, 11, 6], "texture": "#1"},
				"south": {"uv": [10, 6, 14, 4], "rotation": 180, "texture": "#1"},
				"west": {"uv": [14, 6, 13, 4], "rotation": 180, "texture": "#1"},
				"down": {"uv": [14, 6, 10, 5], "texture": "#1"}
			}
		},
		{
			"name": "Box12",
			"from": [-3, 18, 8.5],
			"to": [0, 19, 9.5],
			"faces": {
				"north": {"uv": [15, 3, 12, 2], "rotation": 180, "texture": "#1"},
				"east": {"uv": [12, 2, 13, 3], "texture": "#1"},
				"south": {"uv": [12, 3, 15, 2], "rotation": 180, "texture": "#1"},
				"west": {"uv": [15, 3, 14, 2], "rotation": 180, "texture": "#1"},
				"up": {"uv": [15, 2, 12, 3], "texture": "#1"}
			}
		}
	],
	"gui_light": "front",
	"display": {
		"thirdperson_righthand": {
			"rotation": [-80, 260, -40],
			"translation": [-2, -2, 4],
			"scale": [0.8, 0.8, 0.8]
		},
		"thirdperson_lefthand": {
			"rotation": [-80, 90, 40],
			"translation": [-2, -2, 4],
			"scale": [0.8, 0.8, 0.8]
		},
		"firstperson_righthand": {
			"rotation": [0, -90, 25],
			"translation": [3.13, 3.2, 2.63],
			"scale": [0.68, 0.68, 0.68]
		},
		"firstperson_lefthand": {
			"rotation": [-67, -35, 53],
			"translation": [0, 1.25, 2.63],
			"scale": [0.68, 0.68, 0.68]
		},
		"ground": {
			"translation": [1.5, 6, 0],
			"scale": [0.5, 0.5, 0.5]
		},
		"gui": {
			"rotation": [10, -25, 2],
			"translation": [1, -0.67, 0],
			"scale": [0.95, 0.95, 0.95]
		},
		"fixed": {
			"rotation": [0, 180, 0],
			"translation": [-1, -0.5, -0.5]
		}
	}
}