{
	"credit": "Created by Mickey Joe Alpha - http://YouTube.com/@MushirMickeyJoe",
	"texture_size": [32, 32],
	"textures": {
		"1": "item/bow/creator_bow",
		"arrow": "item/arrow",
		"particle": "item/bow/creator_bow"
	},
	"elements": [
		{
			"name": "Box3",
			"from": [10, 6, 8.5],
			"to": [13, 7, 9.5],
			"faces": {
				"north": {"uv": [6, 12, 3, 11], "rotation": 180, "texture": "#arrow"},
				"east": {"uv": [3, 11, 4, 12], "texture": "#arrow"},
				"south": {"uv": [3, 12, 6, 11], "rotation": 180, "texture": "#arrow"},
				"west": {"uv": [6, 12, 5, 11], "rotation": 180, "texture": "#arrow"},
				"up": {"uv": [6, 11, 3, 12], "texture": "#arrow"}
			}
		},
		{
			"name": "Box4",
			"from": [12, 3, 8.5],
			"to": [13, 4, 9.5],
			"faces": {
				"north": {"uv": [3, 14, 4, 15], "texture": "#arrow"},
				"east": {"uv": [3, 14, 4, 15], "texture": "#arrow"},
				"south": {"uv": [3, 14, 4, 15], "texture": "#arrow"},
				"west": {"uv": [4, 15, 3, 14], "rotation": 180, "texture": "#arrow"},
				"down": {"uv": [3, 14, 4, 15], "texture": "#arrow"}
			}
		},
		{
			"name": "Box5",
			"from": [9, 7, 8.5],
			"to": [11, 8, 9.5],
			"faces": {
				"north": {"uv": [7, 11, 5, 10], "rotation": 180, "texture": "#arrow"},
				"east": {"uv": [5, 10, 6, 11], "texture": "#arrow"},
				"south": {"uv": [5, 11, 7, 10], "rotation": 180, "texture": "#arrow"},
				"west": {"uv": [7, 11, 6, 10], "rotation": 180, "texture": "#arrow"},
				"up": {"uv": [7, 10, 5, 11], "texture": "#arrow"},
				"down": {"uv": [7, 11, 5, 10], "texture": "#arrow"}
			}
		},
		{
			"name": "Box6",
			"from": [8, 8, 8.5],
			"to": [10, 9, 9.5],
			"faces": {
				"north": {"uv": [8, 10, 6, 9], "rotation": 180, "texture": "#arrow"},
				"east": {"uv": [6, 9, 7, 10], "texture": "#arrow"},
				"south": {"uv": [6, 10, 8, 9], "rotation": 180, "texture": "#arrow"},
				"west": {"uv": [8, 10, 7, 9], "rotation": 180, "texture": "#arrow"},
				"up": {"uv": [8, 9, 6, 10], "texture": "#arrow"},
				"down": {"uv": [8, 10, 6, 9], "texture": "#arrow"}
			}
		},
		{
			"name": "Box7",
			"from": [7, 9, 8.5],
			"to": [9, 10, 9.5],
			"faces": {
				"north": {"uv": [9, 9, 7, 8], "rotation": 180, "texture": "#arrow"},
				"east": {"uv": [7, 8, 8, 9], "texture": "#arrow"},
				"south": {"uv": [7, 9, 9, 8], "rotation": 180, "texture": "#arrow"},
				"west": {"uv": [9, 9, 8, 8], "rotation": 180, "texture": "#arrow"},
				"up": {"uv": [9, 8, 7, 9], "texture": "#arrow"},
				"down": {"uv": [9, 9, 7, 8], "texture": "#arrow"}
			}
		},
		{
			"name": "Box8",
			"from": [6, 10, 8.5],
			"to": [8, 11, 9.5],
			"faces": {
				"north": {"uv": [10, 8, 8, 7], "rotation": 180, "texture": "#arrow"},
				"east": {"uv": [8, 7, 9, 8], "texture": "#arrow"},
				"south": {"uv": [8, 8, 10, 7], "rotation": 180, "texture": "#arrow"},
				"west": {"uv": [10, 8, 9, 7], "rotation": 180, "texture": "#arrow"},
				"up": {"uv": [10, 7, 8, 8], "texture": "#arrow"},
				"down": {"uv": [10, 8, 8, 7], "texture": "#arrow"}
			}
		},
		{
			"name": "Box9",
			"from": [5, 11, 8.5],
			"to": [7, 12, 9.5],
			"faces": {
				"east": {"uv": [9, 6, 10, 7], "texture": "#arrow"},
				"south": {"uv": [9, 7, 11, 6], "rotation": 180, "texture": "#arrow"},
				"west": {"uv": [11, 7, 10, 6], "rotation": 180, "texture": "#arrow"},
				"up": {"uv": [11, 6, 9, 7], "texture": "#arrow"},
				"down": {"uv": [11, 7, 9, 6], "texture": "#arrow"}
			}
		},
		{
			"name": "Box10",
			"from": [1, 14, 8.5],
			"to": [6, 15, 9.5],
			"faces": {
				"north": {"uv": [15, 4, 10, 3], "rotation": 180, "texture": "#arrow"},
				"east": {"uv": [10, 3, 11, 4], "texture": "#arrow"},
				"south": {"uv": [10, 4, 15, 3], "rotation": 180, "texture": "#arrow"},
				"west": {"uv": [15, 4, 14, 3], "rotation": 180, "texture": "#arrow"},
				"up": {"uv": [15, 3, 10, 4], "texture": "#arrow"},
				"down": {"uv": [15, 4, 10, 3], "texture": "#arrow"}
			}
		},
		{
			"name": "Box11",
			"from": [2, 12, 8.5],
			"to": [6, 14, 9.5],
			"faces": {
				"north": {"uv": [14, 6, 10, 4], "rotation": 180, "texture": "#arrow"},
				"east": {"uv": [10, 4, 11, 6], "texture": "#arrow"},
				"south": {"uv": [10, 6, 14, 4], "rotation": 180, "texture": "#arrow"},
				"west": {"uv": [14, 6, 13, 4], "rotation": 180, "texture": "#arrow"},
				"down": {"uv": [14, 6, 10, 5], "texture": "#arrow"}
			}
		},
		{
			"name": "Box12",
			"from": [1, 15, 8.5],
			"to": [4, 16, 9.5],
			"faces": {
				"north": {"uv": [15, 3, 12, 2], "rotation": 180, "texture": "#arrow"},
				"east": {"uv": [12, 2, 13, 3], "texture": "#arrow"},
				"south": {"uv": [12, 3, 15, 2], "rotation": 180, "texture": "#arrow"},
				"west": {"uv": [15, 3, 14, 2], "rotation": 180, "texture": "#arrow"},
				"up": {"uv": [15, 2, 12, 3], "texture": "#arrow"}
			}
		},
		{
			"name": "Box13",
			"from": [3, 11, 8.5],
			"to": [4, 12, 9.5],
			"faces": {
				"east": {"uv": [12, 6, 13, 7], "texture": "#arrow"},
				"south": {"uv": [12, 7, 13, 6], "rotation": 180, "texture": "#arrow"},
				"west": {"uv": [13, 7, 12, 6], "rotation": 180, "texture": "#arrow"},
				"down": {"uv": [13, 7, 12, 6], "texture": "#arrow"}
			}
		},
		{
			"name": "creator_bow_0",
			"from": [8, 17, 8.5],
			"to": [9, 19, 9.5],
			"rotation": {"angle": 0, "axis": "y", "origin": [-8, 0, -8]},
			"faces": {
				"north": {"uv": [5.5, 0, 5, 1], "texture": "#1"},
				"east": {"uv": [5, 0, 5.5, 1], "texture": "#1"},
				"south": {"uv": [5, 0, 5.5, 1], "texture": "#1"},
				"west": {"uv": [5, 0, 5.5, 1], "texture": "#1"},
				"up": {"uv": [5, 0, 5.5, 0.5], "texture": "#1"},
				"down": {"uv": [5, 0.5, 5.5, 1], "texture": "#1"}
			}
		},
		{
			"name": "creator_bow_1",
			"from": [9, 13, 8.5],
			"to": [10, 18, 9.5],
			"rotation": {"angle": 0, "axis": "y", "origin": [-8, 0, -8]},
			"faces": {
				"north": {"uv": [6, 0.5, 5.5, 3], "texture": "#1"},
				"east": {"uv": [5.5, 0.5, 6, 3], "texture": "#1"},
				"south": {"uv": [5.5, 0.5, 6, 3], "texture": "#1"},
				"west": {"uv": [5.5, 0.5, 6, 3], "texture": "#1"},
				"up": {"uv": [5.5, 0.5, 6, 1], "texture": "#1"},
				"down": {"uv": [5.5, 2.5, 6, 3], "texture": "#1"}
			}
		},
		{
			"name": "creator_bow_2",
			"from": [10, 14, 8.5],
			"to": [11, 17, 9.5],
			"rotation": {"angle": 0, "axis": "y", "origin": [-8, 0, -8]},
			"faces": {
				"north": {"uv": [6.5, 1, 6, 2.5], "texture": "#1"},
				"east": {"uv": [6, 1, 6.5, 2.5], "texture": "#1"},
				"south": {"uv": [6, 1, 6.5, 2.5], "texture": "#1"},
				"up": {"uv": [6, 1, 6.5, 1.5], "texture": "#1"},
				"down": {"uv": [6, 2, 6.5, 2.5], "texture": "#1"}
			}
		},
		{
			"name": "creator_bow_3",
			"from": [11, 15, 8.5],
			"to": [12, 16, 9.5],
			"rotation": {"angle": 0, "axis": "y", "origin": [-8, 0, -8]},
			"faces": {
				"east": {"uv": [6.5, 1.5, 7, 2], "texture": "#1"},
				"south": {"uv": [6.5, 1.5, 7, 2], "texture": "#1"},
				"up": {"uv": [6.5, 1.5, 7, 2], "texture": "#1"},
				"down": {"uv": [6.5, 1.5, 7, 2], "texture": "#1"}
			}
		},
		{
			"name": "creator_bow_4",
			"from": [8, 13, 8.5],
			"to": [9, 15, 9.5],
			"rotation": {"angle": 0, "axis": "y", "origin": [-8, 0, -8]},
			"faces": {
				"south": {"uv": [5, 2, 5.5, 3], "texture": "#1"},
				"west": {"uv": [5, 2, 5.5, 3], "texture": "#1"},
				"up": {"uv": [5, 2, 5.5, 2.5], "texture": "#1"},
				"down": {"uv": [5, 2.5, 5.5, 3], "texture": "#1"}
			}
		},
		{
			"name": "creator_bow_5",
			"from": [6, 14, 7.5],
			"to": [8, 18, 8.5],
			"rotation": {"angle": 0, "axis": "y", "origin": [-8, 0, -8]},
			"faces": {
				"north": {"uv": [7.5, 3, 6.5, 5], "texture": "#1"},
				"east": {"uv": [7, 3, 7.5, 5], "texture": "#1"},
				"south": {"uv": [6.5, 3, 7.5, 5], "texture": "#1"},
				"west": {"uv": [6.5, 3, 7, 5], "texture": "#1"},
				"up": {"uv": [6.5, 3, 7.5, 3.5], "texture": "#1"},
				"down": {"uv": [6.5, 4.5, 7.5, 5], "texture": "#1"}
			}
		},
		{
			"name": "creator_bow_6",
			"from": [15, 13, 7.5],
			"to": [16, 18, 8.5],
			"rotation": {"angle": 0, "axis": "y", "origin": [-8, 0, -8]},
			"faces": {
				"north": {"uv": [11.5, 3, 11, 5.5], "texture": "#1"},
				"east": {"uv": [11, 3, 11.5, 5.5], "texture": "#1"},
				"south": {"uv": [11, 3, 11.5, 5.5], "texture": "#1"},
				"west": {"uv": [11, 3, 11.5, 5.5], "texture": "#1"},
				"up": {"uv": [11, 3, 11.5, 3.5], "texture": "#1"}
			}
		},
		{
			"name": "creator_bow_7",
			"from": [5, 14, 7.5],
			"to": [6, 17, 8.5],
			"rotation": {"angle": 0, "axis": "y", "origin": [-8, 0, -8]},
			"faces": {
				"north": {"uv": [6.5, 3.5, 6, 5], "texture": "#1"},
				"south": {"uv": [6, 3.5, 6.5, 5], "texture": "#1"},
				"west": {"uv": [6, 3.5, 6.5, 5], "texture": "#1"},
				"up": {"uv": [6, 3.5, 6.5, 4], "texture": "#1"},
				"down": {"uv": [6, 4.5, 6.5, 5], "texture": "#1"}
			}
		},
		{
			"name": "creator_bow_8",
			"from": [8, 12, 7.5],
			"to": [10, 17, 8.5],
			"rotation": {"angle": 0, "axis": "y", "origin": [-8, 0, -8]},
			"faces": {
				"north": {"uv": [8.5, 3.5, 7.5, 6], "texture": "#1"},
				"east": {"uv": [8, 3.5, 8.5, 6], "texture": "#1"},
				"south": {"uv": [7.5, 3.5, 8.5, 6], "texture": "#1"},
				"up": {"uv": [7.5, 3.5, 8.5, 4], "texture": "#1"},
				"down": {"uv": [7.5, 5.5, 8.5, 6], "texture": "#1"}
			}
		},
		{
			"name": "creator_bow_9",
			"from": [11, 14, 7.5],
			"to": [12, 17, 8.5],
			"rotation": {"angle": 0, "axis": "y", "origin": [-8, 0, -8]},
			"faces": {
				"north": {"uv": [9.5, 3.5, 9, 5], "texture": "#1"},
				"east": {"uv": [9, 3.5, 9.5, 5], "texture": "#1"},
				"south": {"uv": [9, 3.5, 9.5, 5], "texture": "#1"},
				"west": {"uv": [9, 3.5, 9.5, 5], "texture": "#1"},
				"up": {"uv": [9, 3.5, 9.5, 4], "texture": "#1"},
				"down": {"uv": [9, 4.5, 9.5, 5], "texture": "#1"}
			}
		},
		{
			"name": "creator_bow_10",
			"from": [4, 15, 7.5],
			"to": [5, 16, 8.5],
			"rotation": {"angle": 0, "axis": "y", "origin": [-8, 0, -8]},
			"faces": {
				"north": {"uv": [6, 4, 5.5, 4.5], "texture": "#1"},
				"south": {"uv": [5.5, 4, 6, 4.5], "texture": "#1"},
				"west": {"uv": [5.5, 4, 6, 4.5], "texture": "#1"},
				"up": {"uv": [5.5, 4, 6, 4.5], "texture": "#1"},
				"down": {"uv": [5.5, 4, 6, 4.5], "texture": "#1"}
			}
		},
		{
			"name": "creator_bow_11",
			"from": [10, 13, 7.5],
			"to": [11, 16, 8.5],
			"rotation": {"angle": 0, "axis": "y", "origin": [-8, 0, -8]},
			"faces": {
				"north": {"uv": [9, 4, 8.5, 5.5], "texture": "#1"},
				"east": {"uv": [8.5, 4, 9, 5.5], "texture": "#1"},
				"south": {"uv": [8.5, 4, 9, 5.5], "texture": "#1"},
				"up": {"uv": [8.5, 4, 9, 4.5], "texture": "#1"},
				"down": {"uv": [8.5, 5, 9, 5.5], "texture": "#1"}
			}
		},
		{
			"name": "creator_bow_12",
			"from": [12, 14, 7.5],
			"to": [15, 16, 8.5],
			"rotation": {"angle": 0, "axis": "y", "origin": [-8, 0, -8]},
			"faces": {
				"north": {"uv": [11, 4, 9.5, 5], "texture": "#1"},
				"south": {"uv": [9.5, 4, 11, 5], "texture": "#1"},
				"up": {"uv": [9.5, 4, 11, 4.5], "texture": "#1"},
				"down": {"uv": [9.5, 4.5, 11, 5], "texture": "#1"}
			}
		},
		{
			"name": "creator_bow_13",
			"from": [17, 12, 7.5],
			"to": [18, 16, 8.5],
			"rotation": {"angle": 0, "axis": "y", "origin": [-8, 0, -8]},
			"faces": {
				"north": {"uv": [12.5, 4, 12, 6], "texture": "#1"},
				"east": {"uv": [12, 4, 12.5, 6], "texture": "#1"},
				"south": {"uv": [12, 4, 12.5, 6], "texture": "#1"},
				"west": {"uv": [12, 4, 12.5, 6], "texture": "#1"},
				"up": {"uv": [12, 4, 12.5, 4.5], "texture": "#1"},
				"down": {"uv": [12, 5.5, 12.5, 6], "texture": "#1"}
			}
		},
		{
			"name": "creator_bow_14",
			"from": [3, 14, 7.5],
			"to": [4, 15, 8.5],
			"rotation": {"angle": 0, "axis": "y", "origin": [-8, 0, -8]},
			"faces": {
				"north": {"uv": [5.5, 4.5, 5, 5], "texture": "#1"},
				"east": {"uv": [5, 4.5, 5.5, 5], "texture": "#1"},
				"west": {"uv": [5, 4.5, 5.5, 5], "texture": "#1"},
				"up": {"uv": [5, 4.5, 5.5, 5], "texture": "#1"},
				"down": {"uv": [5, 4.5, 5.5, 5], "texture": "#1"}
			}
		},
		{
			"name": "creator_bow_15",
			"from": [16, 13, 7.5],
			"to": [17, 15, 8.5],
			"rotation": {"angle": 0, "axis": "y", "origin": [-8, 0, -8]},
			"faces": {
				"north": {"uv": [12, 4.5, 11.5, 5.5], "texture": "#1"},
				"south": {"uv": [11.5, 4.5, 12, 5.5], "texture": "#1"},
				"up": {"uv": [11.5, 4.5, 12, 5], "texture": "#1"},
				"down": {"uv": [11.5, 5, 12, 5.5], "texture": "#1"}
			}
		},
		{
			"name": "creator_bow_16",
			"from": [2, 12, 7.5],
			"to": [3, 14, 8.5],
			"rotation": {"angle": 0, "axis": "y", "origin": [-8, 0, -8]},
			"faces": {
				"north": {"uv": [5, 5, 4.5, 6], "texture": "#1"},
				"east": {"uv": [4.5, 5, 5, 6], "texture": "#1"},
				"west": {"uv": [4.5, 5, 5, 6], "texture": "#1"},
				"up": {"uv": [4.5, 5, 5, 5.5], "texture": "#1"},
				"down": {"uv": [4.5, 5.5, 5, 6], "texture": "#1"}
			}
		},
		{
			"name": "creator_bow_17",
			"from": [7, 11, 7.5],
			"to": [8, 14, 8.5],
			"rotation": {"angle": 0, "axis": "y", "origin": [-8, 0, -8]},
			"faces": {
				"north": {"uv": [7.5, 5, 7, 6.5], "texture": "#1"},
				"east": {"uv": [7, 5, 7.5, 6.5], "texture": "#1"},
				"south": {"uv": [7, 5, 7.5, 6.5], "texture": "#1"},
				"west": {"uv": [7, 5, 7.5, 6.5], "texture": "#1"},
				"down": {"uv": [7, 6, 7.5, 6.5], "texture": "#1"}
			}
		},
		{
			"name": "creator_bow_18",
			"from": [14, 13, 7.5],
			"to": [15, 14, 8.5],
			"rotation": {"angle": 0, "axis": "y", "origin": [-8, 0, -8]},
			"faces": {
				"north": {"uv": [11, 5, 10.5, 5.5], "texture": "#1"},
				"south": {"uv": [10.5, 5, 11, 5.5], "texture": "#1"},
				"west": {"uv": [10.5, 5, 11, 5.5], "texture": "#1"},
				"down": {"uv": [10.5, 5, 11, 5.5], "texture": "#1"}
			}
		},
		{
			"name": "creator_bow_19",
			"from": [18, 13, 7.5],
			"to": [20, 14, 8.5],
			"rotation": {"angle": 0, "axis": "y", "origin": [-8, 0, -8]},
			"faces": {
				"north": {"uv": [13.5, 5, 12.5, 5.5], "texture": "#1"},
				"east": {"uv": [13, 5, 13.5, 5.5], "texture": "#1"},
				"south": {"uv": [12.5, 5, 13.5, 5.5], "texture": "#1"},
				"up": {"uv": [12.5, 5, 13.5, 5.5], "texture": "#1"},
				"down": {"uv": [12.5, 5, 13.5, 5.5], "texture": "#1"}
			}
		},
		{
			"name": "creator_bow_20",
			"from": [6, 10, 7.5],
			"to": [7, 13, 8.5],
			"rotation": {"angle": 0, "axis": "y", "origin": [-8, 0, -8]},
			"faces": {
				"north": {"uv": [7, 5.5, 6.5, 7], "texture": "#1"},
				"east": {"uv": [6.5, 5.5, 7, 7], "texture": "#1"},
				"south": {"uv": [6.5, 5.5, 7, 7], "texture": "#1"},
				"west": {"uv": [6.5, 5.5, 7, 7], "texture": "#1"},
				"up": {"uv": [6.5, 5.5, 7, 6], "texture": "#1"},
				"down": {"uv": [6.5, 6.5, 7, 7], "texture": "#1"}
			}
		},
		{
			"name": "creator_bow_21",
			"from": [1, 1, 7.5],
			"to": [2, 12, 8.5],
			"rotation": {"angle": 0, "axis": "y", "origin": [-8, 0, -8]},
			"faces": {
				"north": {"uv": [4.5, 6, 4, 11.5], "texture": "#1"},
				"east": {"uv": [4, 6, 4.5, 11.5], "texture": "#1"},
				"south": {"uv": [4, 6, 4.5, 11.5], "texture": "#1"},
				"west": {"uv": [4, 6, 4.5, 11.5], "texture": "#1"},
				"up": {"uv": [4, 6, 4.5, 6.5], "texture": "#1"},
				"down": {"uv": [4, 11, 4.5, 11.5], "texture": "#1"}
			}
		},
		{
			"name": "creator_bow_22",
			"from": [5, 9, 7.5],
			"to": [6, 12, 8.5],
			"rotation": {"angle": 0, "axis": "y", "origin": [-8, 0, -8]},
			"faces": {
				"north": {"uv": [6.5, 6, 6, 7.5], "texture": "#1"},
				"east": {"uv": [6, 6, 6.5, 7.5], "texture": "#1"},
				"south": {"uv": [6, 6, 6.5, 7.5], "texture": "#1"},
				"west": {"uv": [6, 6, 6.5, 7.5], "texture": "#1"},
				"up": {"uv": [6, 6, 6.5, 6.5], "texture": "#1"},
				"down": {"uv": [6, 7, 6.5, 7.5], "texture": "#1"}
			}
		},
		{
			"name": "creator_bow_23",
			"from": [9, 11, 7.5],
			"to": [11, 12, 8.5],
			"rotation": {"angle": 0, "axis": "y", "origin": [-8, 0, -8]},
			"faces": {
				"north": {"uv": [9, 6, 8, 6.5], "texture": "#1"},
				"east": {"uv": [8.5, 6, 9, 6.5], "texture": "#1"},
				"south": {"uv": [8, 6, 9, 6.5], "texture": "#1"},
				"west": {"uv": [8, 6, 8.5, 6.5], "texture": "#1"},
				"up": {"uv": [8, 6, 9, 6.5], "texture": "#1"},
				"down": {"uv": [8, 6, 9, 6.5], "texture": "#1"}
			}
		},
		{
			"name": "creator_bow_25",
			"from": [4, 8, 7.5],
			"to": [5, 11, 8.5],
			"rotation": {"angle": 0, "axis": "y", "origin": [-8, 0, -8]},
			"faces": {
				"north": {"uv": [6, 6.5, 5.5, 8], "texture": "#1"},
				"east": {"uv": [5.5, 6.5, 6, 8], "texture": "#1"},
				"south": {"uv": [5.5, 6.5, 6, 8], "texture": "#1"},
				"west": {"uv": [5.5, 6.5, 6, 8], "texture": "#1"},
				"up": {"uv": [5.5, 6.5, 6, 7], "texture": "#1"},
				"down": {"uv": [5.5, 7.5, 6, 8], "texture": "#1"}
			}
		},
		{
			"name": "creator_bow_26",
			"from": [10, 10, 7.5],
			"to": [11, 11, 8.5],
			"rotation": {"angle": 0, "axis": "y", "origin": [-8, 0, -8]},
			"faces": {
				"north": {"uv": [9, 6.5, 8.5, 7], "texture": "#1"},
				"east": {"uv": [8.5, 6.5, 9, 7], "texture": "#1"},
				"south": {"uv": [8.5, 6.5, 9, 7], "texture": "#1"},
				"west": {"uv": [8.5, 6.5, 9, 7], "texture": "#1"},
				"down": {"uv": [8.5, 6.5, 9, 7], "texture": "#1"}
			}
		},
		{
			"name": "creator_bow_29",
			"from": [0, 6, 7.5],
			"to": [1, 10, 8.5],
			"rotation": {"angle": 0, "axis": "y", "origin": [-8, 0, -8]},
			"faces": {
				"north": {"uv": [4, 7, 3.5, 9], "texture": "#1"},
				"south": {"uv": [3.5, 7, 4, 9], "texture": "#1"},
				"west": {"uv": [3.5, 7, 4, 9], "texture": "#1"},
				"up": {"uv": [3.5, 7, 4, 7.5], "texture": "#1"},
				"down": {"uv": [3.5, 8.5, 4, 9], "texture": "#1"}
			}
		},
		{
			"name": "creator_bow_30",
			"from": [3, 7, 7.5],
			"to": [4, 10, 8.5],
			"rotation": {"angle": 0, "axis": "y", "origin": [-8, 0, -8]},
			"faces": {
				"north": {"uv": [5.5, 7, 5, 8.5], "texture": "#1"},
				"east": {"uv": [5, 7, 5.5, 8.5], "texture": "#1"},
				"south": {"uv": [5, 7, 5.5, 8.5], "texture": "#1"},
				"west": {"uv": [5, 7, 5.5, 8.5], "texture": "#1"},
				"up": {"uv": [5, 7, 5.5, 7.5], "texture": "#1"},
				"down": {"uv": [5, 8, 5.5, 8.5], "texture": "#1"}
			}
		},
		{
			"name": "creator_bow_32",
			"from": [-1, 7, 7.5],
			"to": [0, 9, 8.5],
			"rotation": {"angle": 0, "axis": "y", "origin": [-8, 0, -8]},
			"faces": {
				"north": {"uv": [3.5, 7.5, 3, 8.5], "texture": "#1"},
				"south": {"uv": [3, 7.5, 3.5, 8.5], "texture": "#1"},
				"west": {"uv": [3, 7.5, 3.5, 8.5], "texture": "#1"},
				"up": {"uv": [3, 7.5, 3.5, 8], "texture": "#1"},
				"down": {"uv": [3, 8, 3.5, 8.5], "texture": "#1"}
			}
		},
		{
			"name": "creator_bow_33",
			"from": [2, -1, 7.5],
			"to": [3, 9, 8.5],
			"rotation": {"angle": 0, "axis": "y", "origin": [-8, 0, -8]},
			"faces": {
				"north": {"uv": [5, 7.5, 4.5, 12.5], "texture": "#1"},
				"east": {"uv": [4.5, 7.5, 5, 12.5], "texture": "#1"},
				"south": {"uv": [4.5, 7.5, 5, 12.5], "texture": "#1"},
				"west": {"uv": [4.5, 7.5, 5, 12.5], "texture": "#1"},
				"up": {"uv": [4.5, 7.5, 5, 8], "texture": "#1"},
				"down": {"uv": [4.5, 12, 5, 12.5], "texture": "#1"}
			}
		},
		{
			"name": "creator_bow_35",
			"from": [15, 9, 7.5],
			"to": [16, 13, 8.5],
			"rotation": {"angle": 0, "axis": "y", "origin": [-8, 0, -8]},
			"faces": {
				"north": {"uv": [13.5, 7.5, 13, 9.5], "texture": "#1"},
				"east": {"uv": [13, 7.5, 13.5, 9.5], "texture": "#1"},
				"south": {"uv": [13, 7.5, 13.5, 9.5], "texture": "#1"},
				"west": {"uv": [13, 7.5, 13.5, 9.5], "texture": "#1"},
				"down": {"uv": [13, 9, 13.5, 9.5], "texture": "#1"}
			}
		},
		{
			"name": "creator_bow_39",
			"from": [3, 5, 7.5],
			"to": [4, 6, 8.5],
			"rotation": {"angle": 0, "axis": "y", "origin": [-8, 0, -8]},
			"faces": {
				"north": {"uv": [5.5, 9, 5, 9.5], "texture": "#1"},
				"east": {"uv": [5, 9, 5.5, 9.5], "texture": "#1"},
				"south": {"uv": [5, 9, 5.5, 9.5], "texture": "#1"},
				"up": {"uv": [5, 9, 5.5, 9.5], "texture": "#1"},
				"down": {"uv": [5, 9, 5.5, 9.5], "texture": "#1"}
			}
		},
		{
			"name": "creator_bow_43",
			"from": [0, 4, 7.5],
			"to": [1, 5, 8.5],
			"rotation": {"angle": 0, "axis": "y", "origin": [-8, 0, -8]},
			"faces": {
				"north": {"uv": [4, 9.5, 3.5, 10], "texture": "#1"},
				"south": {"uv": [3.5, 9.5, 4, 10], "texture": "#1"},
				"west": {"uv": [3.5, 9.5, 4, 10], "texture": "#1"},
				"up": {"uv": [3.5, 9.5, 4, 10], "texture": "#1"},
				"down": {"uv": [3.5, 9.5, 4, 10], "texture": "#1"}
			}
		},
		{
			"name": "creator_bow_45",
			"from": [14, 2, 7.5],
			"to": [15, 9, 8.5],
			"rotation": {"angle": 0, "axis": "y", "origin": [-8, 0, -8]},
			"faces": {
				"north": {"uv": [13, 9.5, 12.5, 13], "texture": "#1"},
				"east": {"uv": [12.5, 9.5, 13, 13], "texture": "#1"},
				"south": {"uv": [12.5, 9.5, 13, 13], "texture": "#1"},
				"west": {"uv": [12.5, 9.5, 13, 13], "texture": "#1"},
				"up": {"uv": [12.5, 9.5, 13, 10], "texture": "#1"},
				"down": {"uv": [12.5, 12.5, 13, 13], "texture": "#1"}
			}
		},
		{
			"name": "creator_bow_48",
			"from": [3, -3, 7.5],
			"to": [4, 3, 8.5],
			"rotation": {"angle": 0, "axis": "y", "origin": [-8, 0, -8]},
			"faces": {
				"north": {"uv": [5.5, 10.5, 5, 13.5], "texture": "#1"},
				"east": {"uv": [5, 10.5, 5.5, 13.5], "texture": "#1"},
				"south": {"uv": [5, 10.5, 5.5, 13.5], "texture": "#1"},
				"west": {"uv": [5, 10.5, 5.5, 13.5], "texture": "#1"},
				"up": {"uv": [5, 10.5, 5.5, 11], "texture": "#1"},
				"down": {"uv": [5, 13, 5.5, 13.5], "texture": "#1"}
			}
		},
		{
			"name": "creator_bow_51",
			"from": [-1, 1, 7.5],
			"to": [1, 2, 8.5],
			"rotation": {"angle": 0, "axis": "y", "origin": [-8, 0, -8]},
			"faces": {
				"north": {"uv": [4, 11, 3, 11.5], "texture": "#1"},
				"south": {"uv": [3, 11, 4, 11.5], "texture": "#1"},
				"west": {"uv": [3, 11, 3.5, 11.5], "texture": "#1"},
				"up": {"uv": [3, 11, 4, 11.5], "texture": "#1"},
				"down": {"uv": [3, 11, 4, 11.5], "texture": "#1"}
			}
		},
		{
			"name": "creator_bow_55",
			"from": [1, -1, 7.5],
			"to": [2, 0, 8.5],
			"rotation": {"angle": 0, "axis": "y", "origin": [-8, 0, -8]},
			"faces": {
				"north": {"uv": [4.5, 12, 4, 12.5], "texture": "#1"},
				"south": {"uv": [4, 12, 4.5, 12.5], "texture": "#1"},
				"west": {"uv": [4, 12, 4.5, 12.5], "texture": "#1"},
				"up": {"uv": [4, 12, 4.5, 12.5], "texture": "#1"},
				"down": {"uv": [4, 12, 4.5, 12.5], "texture": "#1"}
			}
		},
		{
			"name": "creator_bow_56",
			"from": [4, -1, 7.5],
			"to": [5, 0, 8.5],
			"rotation": {"angle": 0, "axis": "y", "origin": [-8, 0, -8]},
			"faces": {
				"north": {"uv": [6, 12, 5.5, 12.5], "texture": "#1"},
				"east": {"uv": [5.5, 12, 6, 12.5], "texture": "#1"},
				"south": {"uv": [5.5, 12, 6, 12.5], "texture": "#1"},
				"up": {"uv": [5.5, 12, 6, 12.5], "texture": "#1"},
				"down": {"uv": [5.5, 12, 6, 12.5], "texture": "#1"}
			}
		},
		{
			"name": "creator_bow_58",
			"from": [8, 2, 7.5],
			"to": [14, 3, 8.5],
			"rotation": {"angle": 0, "axis": "y", "origin": [-8, 0, -8]},
			"faces": {
				"north": {"uv": [12.5, 12.5, 9.5, 13], "texture": "#1"},
				"south": {"uv": [9.5, 12.5, 12.5, 13], "texture": "#1"},
				"west": {"uv": [9.5, 12.5, 10, 13], "texture": "#1"},
				"up": {"uv": [9.5, 12.5, 12.5, 13], "texture": "#1"},
				"down": {"uv": [9.5, 12.5, 12.5, 13], "texture": "#1"}
			}
		},
		{
			"name": "creator_bow_59",
			"from": [4, 1, 7.5],
			"to": [8, 2, 8.5],
			"rotation": {"angle": 0, "axis": "y", "origin": [-8, 0, -8]},
			"faces": {
				"north": {"uv": [9.5, 13, 7.5, 13.5], "texture": "#1"},
				"east": {"uv": [9, 13, 9.5, 13.5], "texture": "#1"},
				"south": {"uv": [7.5, 13, 9.5, 13.5], "texture": "#1"},
				"up": {"uv": [7.5, 13, 9.5, 13.5], "texture": "#1"},
				"down": {"uv": [7.5, 13, 9.5, 13.5], "texture": "#1"}
			}
		},
		{
			"name": "creator_bow_3",
			"from": [11, 15, 6.5],
			"to": [12, 16, 7.5],
			"rotation": {"angle": 0, "axis": "y", "origin": [-8, 0, -8]},
			"faces": {
				"north": {"uv": [7, 1.5, 6.5, 2], "texture": "#1"},
				"east": {"uv": [6.5, 1.5, 7, 2], "texture": "#1"},
				"up": {"uv": [6.5, 1.5, 7, 2], "texture": "#1"},
				"down": {"uv": [6.5, 1.5, 7, 2], "texture": "#1"}
			}
		},
		{
			"name": "creator_bow_2",
			"from": [10, 14, 6.5],
			"to": [11, 17, 7.5],
			"rotation": {"angle": 0, "axis": "y", "origin": [-8, 0, -8]},
			"faces": {
				"north": {"uv": [6.5, 1, 6, 2.5], "texture": "#1"},
				"east": {"uv": [6, 1, 6.5, 2.5], "texture": "#1"},
				"south": {"uv": [6, 1, 6.5, 2.5], "texture": "#1"},
				"up": {"uv": [6, 1, 6.5, 1.5], "texture": "#1"},
				"down": {"uv": [6, 2, 6.5, 2.5], "texture": "#1"}
			}
		},
		{
			"name": "creator_bow_1",
			"from": [9, 13, 6.5],
			"to": [10, 18, 7.5],
			"rotation": {"angle": 0, "axis": "y", "origin": [-8, 0, -8]},
			"faces": {
				"north": {"uv": [6, 0.5, 5.5, 3], "texture": "#1"},
				"east": {"uv": [5.5, 0.5, 6, 3], "texture": "#1"},
				"south": {"uv": [5.5, 0.5, 6, 3], "texture": "#1"},
				"west": {"uv": [5.5, 0.5, 6, 3], "texture": "#1"},
				"up": {"uv": [5.5, 0.5, 6, 1], "texture": "#1"},
				"down": {"uv": [5.5, 2.5, 6, 3], "texture": "#1"}
			}
		},
		{
			"name": "creator_bow_4",
			"from": [8, 13, 6.5],
			"to": [9, 15, 7.5],
			"rotation": {"angle": 0, "axis": "y", "origin": [-8, 0, -8]},
			"faces": {
				"north": {"uv": [5.5, 2, 5, 3], "texture": "#1"},
				"west": {"uv": [5, 2, 5.5, 3], "texture": "#1"},
				"up": {"uv": [5, 2, 5.5, 2.5], "texture": "#1"},
				"down": {"uv": [5, 2.5, 5.5, 3], "texture": "#1"}
			}
		},
		{
			"name": "creator_bow_0",
			"from": [8, 17, 6.5],
			"to": [9, 19, 7.5],
			"rotation": {"angle": 0, "axis": "y", "origin": [-8, 0, -8]},
			"faces": {
				"north": {"uv": [5.5, 0, 5, 1], "texture": "#1"},
				"east": {"uv": [5, 0, 5.5, 1], "texture": "#1"},
				"south": {"uv": [5, 0, 5.5, 1], "texture": "#1"},
				"west": {"uv": [5, 0, 5.5, 1], "texture": "#1"},
				"up": {"uv": [5, 0, 5.5, 0.5], "texture": "#1"},
				"down": {"uv": [5, 0.5, 5.5, 1], "texture": "#1"}
			}
		},
		{
			"name": "Box1",
			"from": [10, 5, 8.5],
			"to": [14, 6, 9.5],
			"faces": {
				"north": {"uv": [6, 13, 2, 12], "rotation": 180, "texture": "#arrow"},
				"east": {"uv": [3, 13, 2, 12], "rotation": 180, "texture": "#arrow"},
				"south": {"uv": [2, 13, 6, 12], "rotation": 180, "texture": "#arrow"},
				"west": {"uv": [6, 13, 5, 12], "rotation": 180, "texture": "#arrow"},
				"up": {"uv": [6, 12, 2, 13], "texture": "#arrow"},
				"down": {"uv": [6, 13, 2, 12], "texture": "#arrow"}
			}
		},
		{
			"name": "Box2",
			"from": [11, 4, 8.5],
			"to": [14, 5, 9.5],
			"faces": {
				"north": {"uv": [5, 14, 2, 13], "rotation": 180, "texture": "#arrow"},
				"east": {"uv": [3, 14, 2, 13], "texture": "#arrow"},
				"south": {"uv": [2, 14, 5, 13], "rotation": 180, "texture": "#arrow"},
				"west": {"uv": [5, 14, 4, 13], "rotation": 180, "texture": "#arrow"},
				"down": {"uv": [2, 14, 5, 13], "rotation": 180, "texture": "#arrow"}
			}
		}
	],
	"gui_light": "front",
	"display": {
		"thirdperson_righthand": {
			"rotation": [-80, 260, -40],
			"translation": [-2, -2.5, 3.25],
			"scale": [0.8, 0.8, 0.8]
		},
		"thirdperson_lefthand": {
			"rotation": [-80, 90, 50],
			"translation": [-2, -2.5, 3.25],
			"scale": [0.8, 0.8, 0.8]
		},
		"firstperson_righthand": {
			"rotation": [0, -90, 25],
			"translation": [3.13, 3.2, 2.63],
			"scale": [0.68, 0.68, 0.68]
		},
		"firstperson_lefthand": {
			"rotation": [-72, -19, 53],
			"translation": [0, 0, 2.63],
			"scale": [0.68, 0.68, 0.68]
		},
		"gui": {
			"rotation": [10, -25, 2],
			"translation": [-1, -0.17, 0],
			"scale": [0.82, 0.82, 0.82]
		}
	}
}