{
	"credit": "Created by Mickey Joe Alpha - http://YouTube.com/@MushirMickeyJoe",
	"texture_size": [32, 32],
	"textures": {
		"1": "item/arrow",
		"3": "item/bow/ender_dragon_bow_pulling_2",
		"particle": "item/arrow"
	},
	"elements": [
		{
			"from": [1.65, 15, 7.4],
			"to": [5.65, 16, 9.5],
			"rotation": {"angle": -45, "axis": "z", "origin": [0, 15, 8.5]},
			"faces": {
				"north": {"uv": [1, 5.5, 3, 6], "texture": "#3"},
				"east": {"uv": [0, 5.5, 1, 6], "texture": "#3"},
				"south": {"uv": [4, 5.5, 6, 6], "texture": "#3"},
				"west": {"uv": [3, 5.5, 4, 6], "texture": "#3"},
				"up": {"uv": [3, 5.5, 1, 4.5], "texture": "#3"},
				"down": {"uv": [5, 4.5, 3, 5.5], "texture": "#3"}
			}
		},
		{
			"from": [1.65, 16, 9.5],
			"to": [5.65, 17, 9.5],
			"rotation": {"angle": -45, "axis": "z", "origin": [0, 15, 8.5]},
			"faces": {
				"north": {"uv": [8.5, 1, 10.5, 1.5], "texture": "#3"},
				"south": {"uv": [9, 1, 11, 1.5], "texture": "#3"}
			}
		},
		{
			"from": [1.65, 16, 7.5],
			"to": [5.65, 17, 7.5],
			"rotation": {"angle": -45, "axis": "z", "origin": [0, 15, 8.5]},
			"faces": {
				"north": {"uv": [8.5, 1, 10.5, 1.5], "texture": "#3"},
				"south": {"uv": [9, 1, 11, 1.5], "texture": "#3"}
			}
		},
		{
			"name": "Box4",
			"from": [15.1, 1, 8.5],
			"to": [16.1, 2, 9.4],
			"faces": {
				"east": {"uv": [3, 14, 4, 15], "texture": "#1"},
				"south": {"uv": [3, 14, 4, 15], "texture": "#1"},
				"west": {"uv": [4, 15, 3, 14], "rotation": 180, "texture": "#1"},
				"down": {"uv": [4, 15, 3, 14], "texture": "#1"}
			}
		},
		{
			"name": "Box2",
			"from": [14.1, 2, 8.5],
			"to": [17.1, 3, 9.4],
			"faces": {
				"north": {"uv": [5, 14, 2, 13], "rotation": 180, "texture": "#1"},
				"east": {"uv": [2, 13, 3, 14], "texture": "#1"},
				"south": {"uv": [2, 14, 5, 13], "rotation": 180, "texture": "#1"},
				"west": {"uv": [5, 14, 4, 13], "rotation": 180, "texture": "#1"},
				"down": {"uv": [5, 14, 2, 13], "texture": "#1"}
			}
		},
		{
			"name": "Box1",
			"from": [13.1, 3, 8.5],
			"to": [17.1, 4, 9.4],
			"faces": {
				"north": {"uv": [6, 13, 2, 12], "rotation": 180, "texture": "#1"},
				"east": {"uv": [2, 12, 3, 13], "texture": "#1"},
				"south": {"uv": [2, 13, 6, 12], "rotation": 180, "texture": "#1"},
				"west": {"uv": [6, 13, 5, 12], "rotation": 180, "texture": "#1"},
				"up": {"uv": [6, 12, 2, 13], "texture": "#1"},
				"down": {"uv": [6, 13, 2, 12], "texture": "#1"}
			}
		},
		{
			"name": "Box3",
			"from": [13.1, 4, 8.5],
			"to": [16.1, 5, 9.4],
			"faces": {
				"north": {"uv": [6, 12, 3, 11], "rotation": 180, "texture": "#1"},
				"east": {"uv": [3, 11, 4, 12], "texture": "#1"},
				"south": {"uv": [3, 12, 6, 11], "rotation": 180, "texture": "#1"},
				"west": {"uv": [6, 12, 5, 11], "rotation": 180, "texture": "#1"},
				"up": {"uv": [6, 11, 3, 12], "texture": "#1"}
			}
		},
		{
			"name": "Box5",
			"from": [12.1, 5, 8.5],
			"to": [14.1, 6, 9.4],
			"faces": {
				"north": {"uv": [7, 11, 5, 10], "rotation": 180, "texture": "#1"},
				"east": {"uv": [5, 10, 6, 11], "texture": "#1"},
				"south": {"uv": [5, 11, 7, 10], "rotation": 180, "texture": "#1"},
				"west": {"uv": [7, 11, 6, 10], "rotation": 180, "texture": "#1"},
				"up": {"uv": [7, 10, 5, 11], "texture": "#1"},
				"down": {"uv": [7, 11, 5, 10], "texture": "#1"}
			}
		},
		{
			"name": "Box6",
			"from": [11.1, 6, 8.5],
			"to": [13.1, 7, 9.4],
			"faces": {
				"north": {"uv": [8, 10, 6, 9], "rotation": 180, "texture": "#1"},
				"east": {"uv": [6, 9, 7, 10], "texture": "#1"},
				"south": {"uv": [6, 10, 8, 9], "rotation": 180, "texture": "#1"},
				"west": {"uv": [8, 10, 7, 9], "rotation": 180, "texture": "#1"},
				"up": {"uv": [8, 9, 6, 10], "texture": "#1"},
				"down": {"uv": [8, 10, 6, 9], "texture": "#1"}
			}
		},
		{
			"name": "Box7",
			"from": [10.1, 7, 8.5],
			"to": [12.1, 8, 9.4],
			"faces": {
				"north": {"uv": [9, 9, 7, 8], "rotation": 180, "texture": "#1"},
				"east": {"uv": [7, 8, 8, 9], "texture": "#1"},
				"south": {"uv": [7, 9, 9, 8], "rotation": 180, "texture": "#1"},
				"west": {"uv": [9, 9, 8, 8], "rotation": 180, "texture": "#1"},
				"up": {"uv": [9, 8, 7, 9], "texture": "#1"},
				"down": {"uv": [9, 9, 7, 8], "texture": "#1"}
			}
		},
		{
			"name": "Box8",
			"from": [9.1, 8, 8.5],
			"to": [11.1, 9, 9.4],
			"faces": {
				"north": {"uv": [8, 7, 9, 8], "texture": "#1"},
				"east": {"uv": [8, 7, 9, 8], "texture": "#1"},
				"south": {"uv": [8, 8, 10, 7], "rotation": 180, "texture": "#1"},
				"west": {"uv": [10, 8, 9, 7], "rotation": 180, "texture": "#1"},
				"up": {"uv": [10, 7, 8, 8], "texture": "#1"},
				"down": {"uv": [10, 8, 8, 7], "texture": "#1"}
			}
		},
		{
			"name": "Box9",
			"from": [8.1, 9, 8.5],
			"to": [10.1, 10, 9.4],
			"faces": {
				"north": {"uv": [11, 7, 9, 6], "rotation": 180, "texture": "#1"},
				"east": {"uv": [9, 6, 10, 7], "texture": "#1"},
				"south": {"uv": [9, 7, 11, 6], "rotation": 180, "texture": "#1"},
				"west": {"uv": [11, 7, 10, 6], "rotation": 180, "texture": "#1"},
				"up": {"uv": [11, 6, 9, 7], "texture": "#1"},
				"down": {"uv": [11, 7, 9, 6], "texture": "#1"}
			}
		},
		{
			"name": "Box13",
			"from": [6.1, 9, 8.5],
			"to": [7.1, 10, 9.4],
			"faces": {
				"north": {"uv": [13, 7, 12, 6], "rotation": 180, "texture": "#1"},
				"east": {"uv": [12, 6, 13, 7], "texture": "#1"},
				"south": {"uv": [12, 7, 13, 6], "rotation": 180, "texture": "#1"},
				"west": {"uv": [13, 7, 12, 6], "rotation": 180, "texture": "#1"},
				"down": {"uv": [13, 7, 12, 6], "texture": "#1"}
			}
		},
		{
			"name": "Box11",
			"from": [5.1, 10, 8.5],
			"to": [9.1, 12, 9.4],
			"faces": {
				"north": {"uv": [14, 6, 10, 4], "rotation": 180, "texture": "#1"},
				"east": {"uv": [10, 4, 11, 6], "texture": "#1"},
				"south": {"uv": [10, 6, 14, 4], "rotation": 180, "texture": "#1"},
				"west": {"uv": [14, 6, 13, 4], "rotation": 180, "texture": "#1"},
				"down": {"uv": [14, 6, 10, 5], "texture": "#1"}
			}
		},
		{
			"name": "Box10",
			"from": [4.1, 12, 8.5],
			"to": [9.1, 13, 9.4],
			"faces": {
				"north": {"uv": [15, 4, 10, 3], "rotation": 180, "texture": "#1"},
				"east": {"uv": [10, 3, 11, 4], "texture": "#1"},
				"south": {"uv": [10, 4, 15, 3], "rotation": 180, "texture": "#1"},
				"west": {"uv": [15, 4, 14, 3], "rotation": 180, "texture": "#1"},
				"up": {"uv": [15, 3, 10, 4], "texture": "#1"},
				"down": {"uv": [15, 4, 10, 3], "texture": "#1"}
			}
		},
		{
			"name": "Box12",
			"from": [4.1, 13, 8.5],
			"to": [7.1, 14, 9.4],
			"faces": {
				"north": {"uv": [15, 3, 12, 2], "rotation": 180, "texture": "#1"},
				"east": {"uv": [12, 2, 13, 3], "texture": "#1"},
				"south": {"uv": [12, 3, 15, 2], "rotation": 180, "texture": "#1"},
				"west": {"uv": [15, 3, 14, 2], "rotation": 180, "texture": "#1"},
				"up": {"uv": [15, 2, 12, 3], "texture": "#1"}
			}
		},
		{
			"name": "ender_dragon_bow_pulling_2_14",
			"from": [9, 16, 7.5],
			"to": [11, 18, 8.5],
			"rotation": {"angle": 0, "axis": "y", "origin": [-8, 0, -8]},
			"faces": {
				"north": {"uv": [9, 3.5, 8, 4.5], "texture": "#3"},
				"east": {"uv": [8.5, 3.5, 9, 4.5], "texture": "#3"},
				"south": {"uv": [8, 3.5, 9, 4.5], "texture": "#3"},
				"west": {"uv": [8, 3.5, 8.5, 4.5], "texture": "#3"},
				"up": {"uv": [8, 3.5, 9, 4], "texture": "#3"},
				"down": {"uv": [8, 4, 9, 4.5], "texture": "#3"}
			}
		},
		{
			"name": "ender_dragon_bow_pulling_2_15",
			"from": [11, 17, 7.5],
			"to": [17, 18, 8.5],
			"rotation": {"angle": 0, "axis": "y", "origin": [-8, 0, -8]},
			"faces": {
				"north": {"uv": [12, 3.5, 9, 4], "texture": "#3"},
				"east": {"uv": [11.5, 3.5, 12, 4], "texture": "#3"},
				"south": {"uv": [9, 3.5, 12, 4], "texture": "#3"},
				"up": {"uv": [9, 3.5, 12, 4], "texture": "#3"},
				"down": {"uv": [9, 3.5, 12, 4], "texture": "#3"}
			}
		},
		{
			"name": "ender_dragon_bow_pulling_2_16",
			"from": [8, 14, 7.5],
			"to": [9, 17, 8.5],
			"rotation": {"angle": 0, "axis": "y", "origin": [-8, 0, -8]},
			"faces": {
				"north": {"uv": [8, 4, 7.5, 5.5], "texture": "#3"},
				"east": {"uv": [7.5, 4, 8, 5.5], "texture": "#3"},
				"south": {"uv": [7.5, 4, 8, 5.5], "texture": "#3"},
				"up": {"uv": [7.5, 4, 8, 4.5], "texture": "#3"},
				"down": {"uv": [7.5, 5, 8, 5.5], "texture": "#3"}
			}
		},
		{
			"name": "ender_dragon_bow_pulling_2_17",
			"from": [16, 16, 7.5],
			"to": [18, 17, 8.5],
			"rotation": {"angle": 0, "axis": "y", "origin": [-8, 0, -8]},
			"faces": {
				"north": {"uv": [12.5, 4, 11.5, 4.5], "texture": "#3"},
				"east": {"uv": [12, 4, 12.5, 4.5], "texture": "#3"},
				"south": {"uv": [11.5, 4, 12.5, 4.5], "texture": "#3"},
				"west": {"uv": [11.5, 4, 12, 4.5], "texture": "#3"},
				"up": {"uv": [11.5, 4, 12.5, 4.5], "texture": "#3"},
				"down": {"uv": [11.5, 4, 12.5, 4.5], "texture": "#3"}
			}
		},
		{
			"name": "ender_dragon_bow_pulling_2_18",
			"from": [7, 13, 7.5],
			"to": [8, 16, 8.5],
			"rotation": {"angle": 0, "axis": "y", "origin": [-8, 0, -8]},
			"faces": {
				"north": {"uv": [7.5, 4.5, 7, 6], "texture": "#3"},
				"east": {"uv": [7, 4.5, 7.5, 6], "texture": "#3"},
				"south": {"uv": [7, 4.5, 7.5, 6], "texture": "#3"},
				"down": {"uv": [7, 5.5, 7.5, 6], "texture": "#3"}
			}
		},
		{
			"name": "ender_dragon_bow_pulling_2_19",
			"from": [9, 15, 7.5],
			"to": [10, 16, 8.5],
			"rotation": {"angle": 0, "axis": "y", "origin": [-8, 0, -8]},
			"faces": {
				"north": {"uv": [8.5, 4.5, 8, 5], "texture": "#3"},
				"east": {"uv": [8, 4.5, 8.5, 5], "texture": "#3"},
				"south": {"uv": [8, 4.5, 8.5, 5], "texture": "#3"},
				"down": {"uv": [8, 4.5, 8.5, 5], "texture": "#3"}
			}
		},
		{
			"name": "ender_dragon_bow_pulling_2_20",
			"from": [16, 1, 7.5],
			"to": [17, 16, 8.5],
			"rotation": {"angle": 0, "axis": "y", "origin": [-8, 0, -8]},
			"faces": {
				"north": {"uv": [12, 4.5, 11.5, 12], "texture": "#3"},
				"east": {"uv": [11.5, 4.5, 12, 12], "texture": "#3"},
				"south": {"uv": [11.5, 4.5, 12, 12], "texture": "#3"},
				"west": {"uv": [11.5, 4.5, 12, 12], "texture": "#3"},
				"down": {"uv": [11.5, 11.5, 12, 12], "texture": "#3"}
			}
		},
		{
			"name": "ender_dragon_bow_pulling_2_21",
			"from": [18, 14, 7.5],
			"to": [19, 16, 8.5],
			"rotation": {"angle": 0, "axis": "y", "origin": [-8, 0, -8]},
			"faces": {
				"north": {"uv": [13, 4.5, 12.5, 5.5], "texture": "#3"},
				"east": {"uv": [12.5, 4.5, 13, 5.5], "texture": "#3"},
				"south": {"uv": [12.5, 4.5, 13, 5.5], "texture": "#3"},
				"west": {"uv": [12.5, 4.5, 13, 5.5], "texture": "#3"},
				"up": {"uv": [12.5, 4.5, 13, 5], "texture": "#3"},
				"down": {"uv": [12.5, 5, 13, 5.5], "texture": "#3"}
			}
		},
		{
			"name": "ender_dragon_bow_pulling_2_24",
			"from": [6, 12, 7.5],
			"to": [7, 14, 8.5],
			"rotation": {"angle": 0, "axis": "y", "origin": [-8, 0, -8]},
			"faces": {
				"north": {"uv": [7, 5.5, 6.5, 6.5], "texture": "#3"},
				"east": {"uv": [6.5, 5.5, 7, 6.5], "texture": "#3"},
				"west": {"uv": [6.5, 5.5, 7, 6.5], "texture": "#3"},
				"up": {"uv": [6.5, 5.5, 7, 6], "texture": "#3"},
				"down": {"uv": [6.5, 6, 7, 6.5], "texture": "#3"}
			}
		},
		{
			"name": "ender_dragon_bow_pulling_2_25",
			"from": [5, 11, 7.5],
			"to": [6, 13, 8.5],
			"rotation": {"angle": 0, "axis": "y", "origin": [-8, 0, -8]},
			"faces": {
				"north": {"uv": [6.5, 6, 6, 7], "texture": "#3"},
				"east": {"uv": [6, 6, 6.5, 7], "texture": "#3"},
				"south": {"uv": [6, 6, 6.5, 7], "texture": "#3"},
				"west": {"uv": [6, 6, 6.5, 7], "texture": "#3"},
				"up": {"uv": [6, 6, 6.5, 6.5], "texture": "#3"},
				"down": {"uv": [6, 6.5, 6.5, 7], "texture": "#3"}
			}
		},
		{
			"name": "ender_dragon_bow_pulling_2_26",
			"from": [4, 10, 7.5],
			"to": [5, 12, 8.5],
			"rotation": {"angle": 0, "axis": "y", "origin": [-8, 0, -8]},
			"faces": {
				"north": {"uv": [6, 6.5, 5.5, 7.5], "texture": "#3"},
				"east": {"uv": [5.5, 6.5, 6, 7.5], "texture": "#3"},
				"south": {"uv": [5.5, 6.5, 6, 7.5], "texture": "#3"},
				"west": {"uv": [5.5, 6.5, 6, 7.5], "texture": "#3"},
				"up": {"uv": [5.5, 6.5, 6, 7], "texture": "#3"},
				"down": {"uv": [5.5, 7, 6, 7.5], "texture": "#3"}
			}
		},
		{
			"name": "ender_dragon_bow_pulling_2_27",
			"from": [2, 9, 7.5],
			"to": [4, 11, 8.5],
			"rotation": {"angle": 0, "axis": "y", "origin": [-8, 0, -8]},
			"faces": {
				"north": {"uv": [5.5, 7, 4.5, 8], "texture": "#3"},
				"east": {"uv": [5, 7, 5.5, 8], "texture": "#3"},
				"south": {"uv": [4.5, 7, 5.5, 8], "texture": "#3"},
				"west": {"uv": [4.5, 7, 5, 8], "texture": "#3"},
				"up": {"uv": [4.5, 7, 5.5, 7.5], "texture": "#3"},
				"down": {"uv": [4.5, 7.5, 5.5, 8], "texture": "#3"}
			}
		},
		{
			"name": "ender_dragon_bow_pulling_2_28",
			"from": [1, 7, 7.5],
			"to": [2, 10, 8.5],
			"rotation": {"angle": 0, "axis": "y", "origin": [-8, 0, -8]},
			"faces": {
				"north": {"uv": [4.5, 7.5, 4, 9], "texture": "#3"},
				"east": {"uv": [4, 7.5, 4.5, 9], "texture": "#3"},
				"south": {"uv": [4, 7.5, 4.5, 9], "texture": "#3"},
				"west": {"uv": [4, 7.5, 4.5, 9], "texture": "#3"},
				"up": {"uv": [4, 7.5, 4.5, 8], "texture": "#3"},
				"down": {"uv": [4, 8.5, 4.5, 9], "texture": "#3"}
			}
		},
		{
			"name": "ender_dragon_bow_pulling_2_29",
			"from": [0, 1, 7.5],
			"to": [1, 9, 8.5],
			"rotation": {"angle": 0, "axis": "y", "origin": [-8, 0, -8]},
			"faces": {
				"north": {"uv": [4, 8, 3.5, 12], "texture": "#3"},
				"east": {"uv": [3.5, 8, 4, 12], "texture": "#3"},
				"south": {"uv": [3.5, 8, 4, 12], "texture": "#3"},
				"west": {"uv": [3.5, 8, 4, 12], "texture": "#3"},
				"up": {"uv": [3.5, 8, 4, 8.5], "texture": "#3"},
				"down": {"uv": [3.5, 11.5, 4, 12], "texture": "#3"}
			}
		},
		{
			"name": "ender_dragon_bow_pulling_2_30",
			"from": [2, 8, 7.5],
			"to": [3, 9, 8.5],
			"rotation": {"angle": 0, "axis": "y", "origin": [-8, 0, -8]},
			"faces": {
				"north": {"uv": [5, 8, 4.5, 8.5], "texture": "#3"},
				"east": {"uv": [4.5, 8, 5, 8.5], "texture": "#3"},
				"south": {"uv": [4.5, 8, 5, 8.5], "texture": "#3"},
				"down": {"uv": [4.5, 8, 5, 8.5], "texture": "#3"}
			}
		},
		{
			"name": "ender_dragon_bow_pulling_2_31",
			"from": [1, 1, 7.5],
			"to": [16, 2, 8.5],
			"rotation": {"angle": 0, "axis": "y", "origin": [-8, 0, -8]},
			"faces": {
				"north": {"uv": [11.5, 11.5, 4, 12], "texture": "#3"},
				"south": {"uv": [4, 11.5, 11.5, 12], "texture": "#3"},
				"up": {"uv": [4, 11.5, 11.5, 12], "texture": "#3"},
				"down": {"uv": [4, 11.5, 11.5, 12], "texture": "#3"}
			}
		},
		{
			"name": "ender_dragon_bow_pulling_2_32",
			"from": [1, 0, 7.5],
			"to": [2, 1, 8.5],
			"rotation": {"angle": 0, "axis": "y", "origin": [-8, 0, -8]},
			"faces": {
				"north": {"uv": [4.5, 12, 4, 12.5], "texture": "#3"},
				"east": {"uv": [4, 12, 4.5, 12.5], "texture": "#3"},
				"south": {"uv": [4, 12, 4.5, 12.5], "texture": "#3"},
				"west": {"uv": [4, 12, 4.5, 12.5], "texture": "#3"},
				"down": {"uv": [4, 12, 4.5, 12.5], "texture": "#3"}
			}
		},
		{
			"name": "ender_dragon_bow_pulling_2_33",
			"from": [2, -1, 7.5],
			"to": [4, 0, 8.5],
			"rotation": {"angle": 0, "axis": "y", "origin": [-8, 0, -8]},
			"faces": {
				"north": {"uv": [5.5, 12.5, 4.5, 13], "texture": "#3"},
				"east": {"uv": [5, 12.5, 5.5, 13], "texture": "#3"},
				"south": {"uv": [4.5, 12.5, 5.5, 13], "texture": "#3"},
				"west": {"uv": [4.5, 12.5, 5, 13], "texture": "#3"},
				"up": {"uv": [4.5, 12.5, 5.5, 13], "texture": "#3"},
				"down": {"uv": [4.5, 12.5, 5.5, 13], "texture": "#3"}
			}
		},
		{
			"name": "ender_dragon_bow_4",
			"from": [7.43925, 12.53492, 9.6],
			"to": [9.43925, 13.53492, 10.6],
			"rotation": {"angle": 22.5, "axis": "z", "origin": [7.75, 15.5, 10.1]},
			"faces": {
				"north": {"uv": [7.5, 2, 7, 3], "rotation": 270, "texture": "#3"},
				"south": {"uv": [7, 2, 7.5, 3], "rotation": 90, "texture": "#3"},
				"west": {"uv": [7, 2.5, 7.5, 3], "rotation": 90, "texture": "#3"},
				"up": {"uv": [7, 2, 7.5, 3], "rotation": 90, "texture": "#3"},
				"down": {"uv": [7, 2, 7.5, 3], "rotation": 90, "texture": "#3"}
			}
		},
		{
			"name": "ender_dragon_bow_3",
			"from": [9.43925, 11.53492, 9.6],
			"to": [10.43925, 13.53492, 10.6],
			"rotation": {"angle": 22.5, "axis": "z", "origin": [7.75, 15.5, 10.1]},
			"faces": {
				"north": {"uv": [8, 1.5, 7, 2], "rotation": 270, "texture": "#3"},
				"east": {"uv": [7, 1.5, 8, 2], "rotation": 90, "texture": "#3"},
				"south": {"uv": [7, 1.5, 8, 2], "rotation": 90, "texture": "#3"},
				"west": {"uv": [7, 1.5, 8, 2], "rotation": 90, "texture": "#3"},
				"up": {"uv": [7, 1.5, 7.5, 2], "rotation": 90, "texture": "#3"},
				"down": {"uv": [7.5, 1.5, 8, 2], "rotation": 90, "texture": "#3"}
			}
		},
		{
			"from": [6.05433, 14.23097, 7.4],
			"to": [9.05433, 17.23097, 9.6],
			"rotation": {"angle": 22.5, "axis": "z", "origin": [7.75, 15.5, 10.1]},
			"faces": {
				"north": {"uv": [1, 1, 2.5, 2.5], "rotation": 270, "texture": "#3"},
				"east": {"uv": [2.5, 1, 1, 0], "rotation": 90, "texture": "#3"},
				"south": {"uv": [3.5, 1, 5, 2.5], "rotation": 90, "texture": "#3"},
				"west": {"uv": [4, 0, 2.5, 1], "rotation": 90, "texture": "#3"},
				"up": {"uv": [2.5, 1, 3.5, 2.5], "rotation": 90, "texture": "#3"},
				"down": {"uv": [0, 1, 1, 2.5], "rotation": 90, "texture": "#3"}
			}
		},
		{
			"from": [6.05433, 17.23097, 9.6],
			"to": [7.05433, 21.23097, 9.6],
			"rotation": {"angle": 22.5, "axis": "z", "origin": [7.75, 15.5, 10.1]},
			"faces": {
				"north": {"uv": [11, 1, 13, 1.5], "rotation": 270, "texture": "#3"},
				"south": {"uv": [14, 1, 16, 1.5], "rotation": 90, "texture": "#3"}
			}
		},
		{
			"from": [7.05433, 17.23097, 7.4],
			"to": [9.05433, 21.23097, 9.6],
			"rotation": {"angle": 22.5, "axis": "z", "origin": [7.75, 15.5, 10.1]},
			"faces": {
				"north": {"uv": [1, 3.5, 3, 4.5], "rotation": 270, "texture": "#3"},
				"east": {"uv": [3, 3.5, 1, 2.5], "rotation": 90, "texture": "#3"},
				"south": {"uv": [4, 3.5, 6, 4.5], "rotation": 90, "texture": "#3"},
				"west": {"uv": [5, 2.5, 3, 3.5], "rotation": 90, "texture": "#3"},
				"up": {"uv": [3, 3.5, 4, 4.5], "rotation": 90, "texture": "#3"}
			}
		},
		{
			"from": [6.05433, 17.23097, 7.4],
			"to": [7.05433, 21.23097, 7.4],
			"rotation": {"angle": 22.5, "axis": "z", "origin": [7.75, 15.5, 10.1]},
			"faces": {
				"north": {"uv": [11, 1, 13, 1.5], "rotation": 270, "texture": "#3"},
				"south": {"uv": [14, 1, 16, 1.5], "rotation": 90, "texture": "#3"}
			}
		},
		{
			"name": "ender_dragon_bow_4",
			"from": [7.43925, 12.53492, 6.35],
			"to": [9.43925, 13.53492, 7.35],
			"rotation": {"angle": 22.5, "axis": "z", "origin": [7.75, 15.5, 10.1]},
			"faces": {
				"north": {"uv": [7.5, 2, 7, 3], "rotation": 270, "texture": "#3"},
				"south": {"uv": [7, 2, 7.5, 3], "rotation": 90, "texture": "#3"},
				"west": {"uv": [7, 2.5, 7.5, 3], "rotation": 90, "texture": "#3"},
				"up": {"uv": [7, 2, 7.5, 3], "rotation": 90, "texture": "#3"},
				"down": {"uv": [7, 2, 7.5, 3], "rotation": 90, "texture": "#3"}
			}
		},
		{
			"name": "ender_dragon_bow_5",
			"from": [7.43925, 13.53492, 6.35],
			"to": [8.43925, 15.53492, 7.35],
			"rotation": {"angle": 22.5, "axis": "z", "origin": [7.75, 15.5, 10.1]},
			"faces": {
				"north": {"uv": [7, 2.5, 6, 3], "rotation": 270, "texture": "#3"},
				"east": {"uv": [6, 2.5, 7, 3], "rotation": 90, "texture": "#3"},
				"south": {"uv": [6, 2.5, 7, 3], "rotation": 90, "texture": "#3"},
				"west": {"uv": [6, 2.5, 7, 3], "rotation": 90, "texture": "#3"},
				"up": {"uv": [6, 2.5, 6.5, 3], "rotation": 90, "texture": "#3"}
			}
		},
		{
			"name": "ender_dragon_bow_5",
			"from": [7.43925, 13.53492, 9.6],
			"to": [8.43925, 15.53492, 10.6],
			"rotation": {"angle": 22.5, "axis": "z", "origin": [7.75, 15.5, 10.1]},
			"faces": {
				"north": {"uv": [7, 2.5, 6, 3], "rotation": 270, "texture": "#3"},
				"east": {"uv": [6, 2.5, 7, 3], "rotation": 90, "texture": "#3"},
				"south": {"uv": [6, 2.5, 7, 3], "rotation": 90, "texture": "#3"},
				"west": {"uv": [6, 2.5, 7, 3], "rotation": 90, "texture": "#3"},
				"up": {"uv": [6, 2.5, 6.5, 3], "rotation": 90, "texture": "#3"}
			}
		},
		{
			"name": "ender_dragon_bow_3",
			"from": [9.43925, 11.53492, 6.35],
			"to": [10.43925, 13.53492, 7.35],
			"rotation": {"angle": 22.5, "axis": "z", "origin": [7.75, 15.5, 10.1]},
			"faces": {
				"north": {"uv": [8, 1.5, 7, 2], "rotation": 270, "texture": "#3"},
				"east": {"uv": [7, 1.5, 8, 2], "rotation": 90, "texture": "#3"},
				"south": {"uv": [7, 1.5, 8, 2], "rotation": 90, "texture": "#3"},
				"west": {"uv": [7, 1.5, 8, 2], "rotation": 90, "texture": "#3"},
				"up": {"uv": [7, 1.5, 7.5, 2], "rotation": 90, "texture": "#3"},
				"down": {"uv": [7.5, 1.5, 8, 2], "rotation": 90, "texture": "#3"}
			}
		}
	],
	"gui_light": "front",
	"display": {
		"thirdperson_righthand": {
			"rotation": [-80, 260, -40],
			"translation": [-2, -4.25, 4.5],
			"scale": [0.9, 0.9, 0.9]
		},
		"thirdperson_lefthand": {
			"rotation": [-80, -280, 40],
			"translation": [-2, -2, 4.5],
			"scale": [0.9, 0.9, 0.9]
		},
		"firstperson_righthand": {
			"rotation": [0, -90, 25],
			"translation": [4.25, 3.5, 2.25],
			"scale": [0.68, 0.68, 0.68]
		},
		"firstperson_lefthand": {
			"rotation": [-90, 154, 53],
			"translation": [0, 0, 1.25],
			"scale": [0.68, 0.68, 0.68]
		},
		"gui": {
			"rotation": [10, -25, 2],
			"translation": [0.25, -0.17, 0]
		}
	}
}