{
	"credit": "Created by Mickey Joe Alpha - http://YouTube.com/@MushirMickeyJoe",
	"texture_size": [32, 32],
	"textures": {
		"particle": "item/mace/stormlander"
	},
	"elements": [
		{
			"from": [1.97487, 1.28858, 5],
			"to": [13.97487, 8.28858, 12],
			"rotation": {"angle": 0, "axis": "z", "origin": [4, -6.5, -8]},
			"faces": {
				"north": {"uv": [9.5, 0, 15.5, 3.5], "texture": "#particle"},
				"east": {"uv": [6, 0, 9.5, 3.5], "texture": "#particle"},
				"south": {"uv": [0, 0, 6, 3.5], "texture": "#particle"},
				"west": {"uv": [12, 3.5, 15.5, 7], "texture": "#particle"},
				"up": {"uv": [10, 12.5, 16, 16], "rotation": 180, "texture": "#particle"},
				"down": {"uv": [6, 3.5, 12, 7], "texture": "#particle"}
			}
		},
		{
			"name": "stormlander_0",
			"from": [11.5, -5, 8],
			"to": [13.5, -3, 9],
			"rotation": {"angle": 45, "axis": "z", "origin": [4, -6.5, -8]},
			"faces": {
				"north": {"uv": [6.5, 7, 5.5, 8], "texture": "#particle"},
				"east": {"uv": [6, 7, 6.5, 8], "texture": "#particle"},
				"south": {"uv": [5.5, 7, 6.5, 8], "texture": "#particle"},
				"west": {"uv": [5.5, 7, 6, 8], "texture": "#particle"},
				"up": {"uv": [5.5, 7, 6.5, 7.5], "texture": "#particle"},
				"down": {"uv": [5.5, 7.5, 6.5, 8], "texture": "#particle"}
			}
		},
		{
			"name": "stormlander_1",
			"from": [10.5, -7, 8],
			"to": [11.5, -4, 9],
			"rotation": {"angle": 45, "axis": "z", "origin": [4, -6.5, -8]},
			"faces": {
				"north": {"uv": [5.5, 7.5, 5, 9], "texture": "#particle"},
				"east": {"uv": [5, 7.5, 5.5, 9], "texture": "#particle"},
				"south": {"uv": [5, 7.5, 5.5, 9], "texture": "#particle"},
				"west": {"uv": [5, 7.5, 5.5, 9], "texture": "#particle"},
				"up": {"uv": [5, 7.5, 5.5, 8], "texture": "#particle"},
				"down": {"uv": [5, 8.5, 5.5, 9], "texture": "#particle"}
			}
		},
		{
			"name": "stormlander_2",
			"from": [9.5, -8, 8],
			"to": [10.5, -5, 9],
			"rotation": {"angle": 45, "axis": "z", "origin": [4, -6.5, -8]},
			"faces": {
				"north": {"uv": [5, 8, 4.5, 9.5], "texture": "#particle"},
				"east": {"uv": [4.5, 8, 5, 9.5], "texture": "#particle"},
				"south": {"uv": [4.5, 8, 5, 9.5], "texture": "#particle"},
				"west": {"uv": [4.5, 8, 5, 9.5], "texture": "#particle"},
				"up": {"uv": [4.5, 8, 5, 8.5], "texture": "#particle"},
				"down": {"uv": [4.5, 9, 5, 9.5], "texture": "#particle"}
			}
		},
		{
			"name": "stormlander_3",
			"from": [11.5, -6, 8],
			"to": [12.5, -5, 9],
			"rotation": {"angle": 45, "axis": "z", "origin": [4, -6.5, -8]},
			"faces": {
				"north": {"uv": [6, 8, 5.5, 8.5], "texture": "#particle"},
				"east": {"uv": [5.5, 8, 6, 8.5], "texture": "#particle"},
				"south": {"uv": [5.5, 8, 6, 8.5], "texture": "#particle"},
				"west": {"uv": [5.5, 8, 6, 8.5], "texture": "#particle"},
				"up": {"uv": [5.5, 8, 6, 8.5], "texture": "#particle"},
				"down": {"uv": [5.5, 8, 6, 8.5], "texture": "#particle"}
			}
		},
		{
			"name": "stormlander_4",
			"from": [8.5, -9, 8],
			"to": [9.5, -6, 9],
			"rotation": {"angle": 45, "axis": "z", "origin": [4, -6.5, -8]},
			"faces": {
				"north": {"uv": [4.5, 8.5, 4, 10], "texture": "#particle"},
				"east": {"uv": [4, 8.5, 4.5, 10], "texture": "#particle"},
				"south": {"uv": [4, 8.5, 4.5, 10], "texture": "#particle"},
				"west": {"uv": [4, 8.5, 4.5, 10], "texture": "#particle"},
				"up": {"uv": [4, 8.5, 4.5, 9], "texture": "#particle"},
				"down": {"uv": [4, 9.5, 4.5, 10], "texture": "#particle"}
			}
		},
		{
			"name": "stormlander_5",
			"from": [7.5, -10, 8],
			"to": [8.5, -7, 9],
			"rotation": {"angle": 45, "axis": "z", "origin": [4, -6.5, -8]},
			"faces": {
				"north": {"uv": [4, 9, 3.5, 10.5], "texture": "#particle"},
				"east": {"uv": [3.5, 9, 4, 10.5], "texture": "#particle"},
				"south": {"uv": [3.5, 9, 4, 10.5], "texture": "#particle"},
				"west": {"uv": [3.5, 9, 4, 10.5], "texture": "#particle"},
				"up": {"uv": [3.5, 9, 4, 9.5], "texture": "#particle"},
				"down": {"uv": [3.5, 10, 4, 10.5], "texture": "#particle"}
			}
		},
		{
			"name": "stormlander_6",
			"from": [6.5, -11, 8],
			"to": [7.5, -8, 9],
			"rotation": {"angle": 45, "axis": "z", "origin": [4, -6.5, -8]},
			"faces": {
				"north": {"uv": [3.5, 9.5, 3, 11], "texture": "#particle"},
				"east": {"uv": [3, 9.5, 3.5, 11], "texture": "#particle"},
				"south": {"uv": [3, 9.5, 3.5, 11], "texture": "#particle"},
				"west": {"uv": [3, 9.5, 3.5, 11], "texture": "#particle"},
				"up": {"uv": [3, 9.5, 3.5, 10], "texture": "#particle"},
				"down": {"uv": [3, 10.5, 3.5, 11], "texture": "#particle"}
			}
		},
		{
			"name": "stormlander_7",
			"from": [5.5, -12, 8],
			"to": [6.5, -9, 9],
			"rotation": {"angle": 45, "axis": "z", "origin": [4, -6.5, -8]},
			"faces": {
				"north": {"uv": [3, 10, 2.5, 11.5], "texture": "#particle"},
				"east": {"uv": [2.5, 10, 3, 11.5], "texture": "#particle"},
				"south": {"uv": [2.5, 10, 3, 11.5], "texture": "#particle"},
				"west": {"uv": [2.5, 10, 3, 11.5], "texture": "#particle"},
				"up": {"uv": [2.5, 10, 3, 10.5], "texture": "#particle"},
				"down": {"uv": [2.5, 11, 3, 11.5], "texture": "#particle"}
			}
		},
		{
			"name": "stormlander_8",
			"from": [4.5, -13, 8],
			"to": [5.5, -10, 9],
			"rotation": {"angle": 45, "axis": "z", "origin": [4, -6.5, -8]},
			"faces": {
				"north": {"uv": [2.5, 10.5, 2, 12], "texture": "#particle"},
				"east": {"uv": [2, 10.5, 2.5, 12], "texture": "#particle"},
				"south": {"uv": [2, 10.5, 2.5, 12], "texture": "#particle"},
				"west": {"uv": [2, 10.5, 2.5, 12], "texture": "#particle"},
				"up": {"uv": [2, 10.5, 2.5, 11], "texture": "#particle"},
				"down": {"uv": [2, 11.5, 2.5, 12], "texture": "#particle"}
			}
		},
		{
			"name": "stormlander_9",
			"from": [3.5, -14, 8],
			"to": [4.5, -11, 9],
			"rotation": {"angle": 45, "axis": "z", "origin": [4, -6.5, -8]},
			"faces": {
				"north": {"uv": [2, 11, 1.5, 12.5], "texture": "#particle"},
				"east": {"uv": [1.5, 11, 2, 12.5], "texture": "#particle"},
				"south": {"uv": [1.5, 11, 2, 12.5], "texture": "#particle"},
				"west": {"uv": [1.5, 11, 2, 12.5], "texture": "#particle"},
				"up": {"uv": [1.5, 11, 2, 11.5], "texture": "#particle"},
				"down": {"uv": [1.5, 12, 2, 12.5], "texture": "#particle"}
			}
		},
		{
			"name": "stormlander_10",
			"from": [2.5, -15, 8],
			"to": [3.5, -12, 9],
			"rotation": {"angle": 45, "axis": "z", "origin": [4, -6.5, -8]},
			"faces": {
				"north": {"uv": [1.5, 11.5, 1, 13], "texture": "#particle"},
				"east": {"uv": [1, 11.5, 1.5, 13], "texture": "#particle"},
				"south": {"uv": [1, 11.5, 1.5, 13], "texture": "#particle"},
				"west": {"uv": [1, 11.5, 1.5, 13], "texture": "#particle"},
				"up": {"uv": [1, 11.5, 1.5, 12], "texture": "#particle"},
				"down": {"uv": [1, 12.5, 1.5, 13], "texture": "#particle"}
			}
		},
		{
			"name": "stormlander_11",
			"from": [1.5, -16, 8],
			"to": [2.5, -13, 9],
			"rotation": {"angle": 45, "axis": "z", "origin": [4, -6.5, -8]},
			"faces": {
				"north": {"uv": [1, 12, 0.5, 13.5], "texture": "#particle"},
				"east": {"uv": [0.5, 12, 1, 13.5], "texture": "#particle"},
				"south": {"uv": [0.5, 12, 1, 13.5], "texture": "#particle"},
				"west": {"uv": [0.5, 12, 1, 13.5], "texture": "#particle"},
				"up": {"uv": [0.5, 12, 1, 12.5], "texture": "#particle"},
				"down": {"uv": [0.5, 13, 1, 13.5], "texture": "#particle"}
			}
		},
		{
			"name": "stormlander_12",
			"from": [0.5, -16, 8],
			"to": [1.5, -15, 9],
			"rotation": {"angle": 45, "axis": "z", "origin": [4, -6.5, -8]},
			"faces": {
				"north": {"uv": [0.5, 13, 0, 13.5], "texture": "#particle"},
				"east": {"uv": [0, 13, 0.5, 13.5], "texture": "#particle"},
				"south": {"uv": [0, 13, 0.5, 13.5], "texture": "#particle"},
				"west": {"uv": [0, 13, 0.5, 13.5], "texture": "#particle"},
				"up": {"uv": [0, 13, 0.5, 13.5], "texture": "#particle"},
				"down": {"uv": [0, 13, 0.5, 13.5], "texture": "#particle"}
			}
		},
		{
			"from": [6.5, 8.25, 7],
			"to": [9.5, 9.25, 10],
			"faces": {
				"north": {"uv": [11.5, 12, 13, 12.5], "texture": "#particle"},
				"east": {"uv": [10, 12, 11.5, 12.5], "texture": "#particle"},
				"south": {"uv": [14.5, 12, 16, 12.5], "texture": "#particle"},
				"west": {"uv": [13, 12, 14.5, 12.5], "texture": "#particle"},
				"up": {"uv": [13, 12, 11.5, 10.5], "texture": "#particle"}
			}
		}
	],
	"gui_light": "front",
	"display": {
		"thirdperson_righthand": {
			"rotation": [0, -90, 0],
			"translation": [0.5, 11.5, 1.75],
			"scale": [0.85, 0.85, 0.85]
		},
		"thirdperson_lefthand": {
			"rotation": [0, 90, 0],
			"translation": [-0.5, 11.5, 1.75],
			"scale": [0.85, 0.85, 0.85]
		},
		"firstperson_righthand": {
			"rotation": [-16, 90, 0],
			"translation": [5.75, 15.7, -2.87],
			"scale": [0.68, 0.68, 0.68]
		},
		"firstperson_lefthand": {
			"rotation": [-16, 90, 0],
			"translation": [5.75, 15.7, -2.87],
			"scale": [0.68, 0.68, 0.68]
		},
		"ground": {
			"rotation": [0, -25.5, 45],
			"translation": [-4.25, 11.25, -2.25],
			"scale": [0.75, 0.75, 0.75]
		},
		"gui": {
			"rotation": [0, -25.5, 45],
			"translation": [-3.75, 4.75, 0],
			"scale": [0.78, 0.78, 0.78]
		},
		"head": {
			"rotation": [45, 90, 0],
			"translation": [0, 13, 0]
		},
		"fixed": {
			"rotation": [0, 180, -45],
			"translation": [-6.5, 6.25, 0],
			"scale": [0.99, 0.99, 0.99]
		}
	}
}