{
	"credit": "Created by Mickey Joe Alpha - http://YouTube.com/@MushirMickeyJoe",
	"texture_size": [32, 32],
	"textures": {
		"particle": "item/bow/gaster_blaster"
	},
	"elements": [
		{
			"from": [4.1, 0.1, 3],
			"to": [8.9, 4.9, 10.8],
			"rotation": {"angle": 45, "axis": "z", "origin": [8, 4, 5.9]},
			"faces": {
				"north": {"uv": [4, 0, 6.5, 2.5], "texture": "#particle"},
				"east": {"uv": [0, 2.5, 4, 0], "texture": "#particle"},
				"up": {"uv": [4, 2.5, 0, 0], "rotation": 90, "texture": "#particle"}
			}
		},
		{
			"from": [8.9, 4.9, 10.8],
			"to": [4.1, 0.1, 3],
			"rotation": {"angle": 45, "axis": "z", "origin": [8, 4, 5.9]},
			"faces": {
				"south": {"uv": [4, 0, 6.5, 2.5], "rotation": 270, "texture": "#particle"},
				"west": {"uv": [10.5, 3, 6.5, 0.5], "rotation": 180, "texture": "#particle"},
				"down": {"uv": [10.5, 0.5, 6.5, 3], "rotation": 90, "texture": "#particle"}
			}
		},
		{
			"from": [4.5, -1, 3],
			"to": [11.5, 4, 13],
			"rotation": {"angle": 0, "axis": "y", "origin": [4.5, 1, 7]},
			"faces": {
				"east": {"uv": [9.5, 13.5, 4.5, 16], "texture": "#particle"},
				"west": {"uv": [4.5, 13.5, 9.5, 16], "texture": "#particle"}
			}
		},
		{
			"from": [11.5, 4, 13],
			"to": [4.5, 0, 3],
			"rotation": {"angle": 0, "axis": "y", "origin": [11.5, 5, 17]},
			"faces": {
				"east": {"uv": [4.5, 16, 9.5, 14], "texture": "#particle"},
				"west": {"uv": [9.5, 16, 4.5, 14], "texture": "#particle"}
			}
		},
		{
			"from": [5.5, 1.25, 0],
			"to": [10.5, 3.25, 4],
			"rotation": {"angle": 0, "axis": "y", "origin": [6.5, 1.25, 2]},
			"faces": {
				"north": {"uv": [0, 4.5, 2.5, 5.5], "texture": "#particle"},
				"east": {"uv": [4.5, 4.5, 2.5, 5.5], "texture": "#particle"},
				"west": {"uv": [2.5, 4.5, 4.5, 5.5], "texture": "#particle"},
				"up": {"uv": [2.5, 4.5, 0, 2.5], "texture": "#particle"}
			}
		},
		{
			"from": [8.5, 3.25, 4],
			"to": [7.5, 2.25, 0],
			"rotation": {"angle": 0, "axis": "y", "origin": [7.5, 3.25, 6]},
			"faces": {
				"east": {"uv": [6.5, 5, 4.5, 5.5], "texture": "#particle"},
				"west": {"uv": [4.5, 5, 6.5, 5.5], "texture": "#particle"}
			}
		},
		{
			"from": [5.5, 2.25, 0],
			"to": [10.5, 2.25, 4],
			"rotation": {"angle": 0, "axis": "y", "origin": [6.5, 1.25, 2]},
			"faces": {
				"down": {"uv": [15.5, 15.5, 13, 13.5], "texture": "#particle"}
			}
		},
		{
			"from": [10.5, 3.25, 4],
			"to": [5.5, 1.25, 0],
			"rotation": {"angle": 0, "axis": "y", "origin": [11.5, 3.25, 6]},
			"faces": {
				"east": {"uv": [2.5, 5.5, 4.5, 4.5], "texture": "#particle"},
				"south": {"uv": [0, 5.5, 2.5, 4.5], "texture": "#particle"},
				"west": {"uv": [4.5, 5.5, 2.5, 4.5], "texture": "#particle"},
				"down": {"uv": [2.5, 4.5, 0, 2.5], "texture": "#particle"}
			}
		},
		{
			"from": [5, -2, 1],
			"to": [11, 1, 11],
			"rotation": {"angle": 0, "axis": "x", "origin": [7, -1, 6.5]},
			"faces": {
				"north": {"uv": [10, 3.5, 13, 5], "texture": "#particle"},
				"east": {"uv": [13, 5, 8.5, 6.5], "texture": "#particle"},
				"west": {"uv": [8.5, 5, 13, 6.5], "texture": "#particle"},
				"down": {"uv": [16, 0.5, 13, 5], "texture": "#particle"}
			}
		},
		{
			"from": [5, -1, 1],
			"to": [11, -1, 9],
			"rotation": {"angle": 0, "axis": "x", "origin": [7, -1, 6.5]},
			"faces": {
				"up": {"uv": [16, 5, 13, 8.5], "texture": "#particle"}
			}
		},
		{
			"from": [11, 1, 11],
			"to": [5, -2, 1],
			"rotation": {"angle": 0, "axis": "y", "origin": [13, 2, 13]},
			"faces": {
				"east": {"uv": [8.5, 6.5, 13, 5], "texture": "#particle"},
				"south": {"uv": [13, 5, 10, 3.5], "texture": "#particle"},
				"west": {"uv": [13, 6.5, 8.5, 5], "texture": "#particle"},
				"up": {"uv": [16, 0.5, 13, 5], "texture": "#particle"}
			}
		},
		{
			"from": [6, -1, 4],
			"to": [10, 3, 13],
			"rotation": {"angle": 0, "axis": "y", "origin": [5.5, -1, 3.5]},
			"faces": {
				"east": {"uv": [6.5, 10, 2, 12], "texture": "#particle"},
				"west": {"uv": [2, 10, 6.5, 12], "texture": "#particle"},
				"up": {"uv": [2, 10, 0, 5.5], "texture": "#particle"},
				"down": {"uv": [4, 5.5, 2, 10], "texture": "#particle"}
			}
		},
		{
			"from": [6, -1, 4],
			"to": [10, 3, 8],
			"rotation": {"angle": 0, "axis": "y", "origin": [5.5, -1, 2.5]},
			"faces": {
				"north": {"uv": [0, 10, 2, 12], "texture": "#particle"},
				"south": {"uv": [0, 10, 2, 12], "texture": "#particle"}
			}
		}
	],
	"gui_light": "front",
	"display": {
		"thirdperson_righthand": {
			"translation": [0, 5.75, 2.25],
			"scale": [1.1, 1.1, 1.1]
		},
		"thirdperson_lefthand": {
			"translation": [0, 5.75, 2.25],
			"scale": [1.1, 1.1, 1.1]
		},
		"firstperson_righthand": {
			"rotation": [-17.2, 27.58, 4.45],
			"translation": [0.5, 9, 1],
			"scale": [0.68, 0.68, 0.68]
		},
		"firstperson_lefthand": {
			"rotation": [-17.2, 27.58, 4.45],
			"translation": [0.5, 9, 1],
			"scale": [0.68, 0.68, 0.68]
		},
		"ground": {
			"rotation": [45, 0, 0],
			"translation": [0, 5.5, 4],
			"scale": [0.75, 0.75, 0.75]
		},
		"gui": {
			"rotation": [135.2, 33.62, -110.49],
			"translation": [7.5, 4, 0],
			"scale": [1.27, 1.27, 1.27]
		},
		"head": {
			"rotation": [-27, 0, 0],
			"translation": [0, 11.5, -11.75],
			"scale": [2, 2, 2]
		},
		"fixed": {
			"rotation": [-26, 0, 0],
			"translation": [0.75, 12.25, -13.25],
			"scale": [1.99, 1.99, 1.99]
		}
	}
}