{
	"credit": "Created by Mickey Joe Alpha - http://YouTube.com/@MushirMickeyJoe",
	"parent": "item/bow/gaster_blaster_pulling_0",
	"texture_size": [32, 32],
	"textures": {
		"arrow": "item/bow/arm_cannon_arrow_charging",
		"pulse": "item/bow/arm_cannon_pulse",
		"ring": "item/bow/arm_cannon_ring",
		"siphon": "item/bow/arm_cannon_siphon",
		"particle": "item/bow/gaster_blaster"
	},
	"elements": [
		{
			"from": [4.1, 0.1, 3],
			"to": [8.9, 4.9, 10.8],
			"rotation": {"angle": 45, "axis": "z", "origin": [8, 4, 5.9]},
			"faces": {
				"north": {"uv": [4, 0, 6.5, 2.5], "texture": "#particle"},
				"east": {"uv": [0, 2.5, 4, 0], "texture": "#particle"},
				"up": {"uv": [4, 2.5, 0, 0], "rotation": 90, "texture": "#particle"}
			}
		},
		{
			"from": [8.9, 4.9, 10.8],
			"to": [4.1, 0.1, 3],
			"rotation": {"angle": 45, "axis": "z", "origin": [8, 4, 5.9]},
			"faces": {
				"south": {"uv": [4, 0, 6.5, 2.5], "rotation": 270, "texture": "#particle"},
				"west": {"uv": [10.5, 3, 6.5, 0.5], "rotation": 180, "texture": "#particle"},
				"down": {"uv": [10.5, 0.5, 6.5, 3], "rotation": 90, "texture": "#particle"}
			}
		},
		{
			"from": [4.5, -1, 3],
			"to": [11.5, 4, 13],
			"rotation": {"angle": 0, "axis": "y", "origin": [4.5, 1, 7]},
			"faces": {
				"east": {"uv": [9.5, 13.5, 4.5, 16], "texture": "#particle"},
				"west": {"uv": [4.5, 13.5, 9.5, 16], "texture": "#particle"}
			}
		},
		{
			"from": [11.5, 4, 13],
			"to": [4.5, 0, 3],
			"rotation": {"angle": 0, "axis": "y", "origin": [11.5, 5, 17]},
			"faces": {
				"east": {"uv": [4.5, 16, 9.5, 14], "texture": "#particle"},
				"west": {"uv": [9.5, 16, 4.5, 14], "texture": "#particle"}
			}
		},
		{
			"from": [5.5, 1.25, 0],
			"to": [10.5, 3.25, 4],
			"rotation": {"angle": 0, "axis": "y", "origin": [6.5, 1.25, 2]},
			"faces": {
				"north": {"uv": [0, 4.5, 2.5, 5.5], "texture": "#particle"},
				"east": {"uv": [4.5, 4.5, 2.5, 5.5], "texture": "#particle"},
				"west": {"uv": [2.5, 4.5, 4.5, 5.5], "texture": "#particle"},
				"up": {"uv": [2.5, 4.5, 0, 2.5], "texture": "#particle"}
			}
		},
		{
			"from": [8.5, 3.25, 4],
			"to": [7.5, 2.25, 0],
			"rotation": {"angle": 0, "axis": "y", "origin": [7.5, 3.25, 6]},
			"faces": {
				"east": {"uv": [6.5, 5, 4.5, 5.5], "texture": "#particle"},
				"west": {"uv": [4.5, 5, 6.5, 5.5], "texture": "#particle"}
			}
		},
		{
			"from": [5.5, 2.25, 0],
			"to": [10.5, 2.25, 4],
			"rotation": {"angle": 0, "axis": "y", "origin": [6.5, 1.25, 2]},
			"faces": {
				"down": {"uv": [15.5, 15.5, 13, 13.5], "texture": "#particle"}
			}
		},
		{
			"from": [10.5, 3.25, 4],
			"to": [5.5, 1.25, 0],
			"rotation": {"angle": 0, "axis": "y", "origin": [11.5, 3.25, 6]},
			"faces": {
				"east": {"uv": [2.5, 5.5, 4.5, 4.5], "texture": "#particle"},
				"south": {"uv": [0, 5.5, 2.5, 4.5], "texture": "#particle"},
				"west": {"uv": [4.5, 5.5, 2.5, 4.5], "texture": "#particle"},
				"down": {"uv": [2.5, 4.5, 0, 2.5], "texture": "#particle"}
			}
		},
		{
			"from": [6, -1, 4],
			"to": [10, 3, 13],
			"rotation": {"angle": 0, "axis": "y", "origin": [5.5, -1, 3.5]},
			"faces": {
				"east": {"uv": [6.5, 10, 2, 12], "texture": "#particle"},
				"west": {"uv": [2, 10, 6.5, 12], "texture": "#particle"},
				"up": {"uv": [2, 10, 0, 5.5], "texture": "#particle"},
				"down": {"uv": [4, 5.5, 2, 10], "texture": "#particle"}
			}
		},
		{
			"from": [6, -1, 4],
			"to": [10, 3, 8],
			"rotation": {"angle": 0, "axis": "y", "origin": [5.5, -1, 2.5]},
			"faces": {
				"north": {"uv": [0, 10, 2, 12], "texture": "#particle"},
				"south": {"uv": [0, 10, 2, 12], "texture": "#particle"}
			}
		},
		{
			"from": [5, -2.2, 0.575],
			"to": [11, 0.8, 10.575],
			"rotation": {"angle": -22.5, "axis": "x", "origin": [8, -0.95, 3.825]},
			"faces": {
				"north": {"uv": [10, 3.5, 13, 5], "texture": "#particle"},
				"east": {"uv": [13, 5, 8.5, 6.5], "texture": "#particle"},
				"west": {"uv": [8.5, 5, 13, 6.5], "texture": "#particle"},
				"down": {"uv": [16, 0.5, 13, 5], "texture": "#particle"}
			}
		},
		{
			"from": [5, -1.2, 0.575],
			"to": [11, -1.2, 8.575],
			"rotation": {"angle": -22.5, "axis": "x", "origin": [8, -0.95, 3.825]},
			"faces": {
				"up": {"uv": [16, 5, 13, 8.5], "texture": "#particle"}
			}
		},
		{
			"from": [11, 0.8, 10.575],
			"to": [5, -2.2, 0.575],
			"rotation": {"angle": -22.5, "axis": "x", "origin": [8, -0.95, 3.825]},
			"faces": {
				"east": {"uv": [8.5, 6.5, 13, 5], "texture": "#particle"},
				"south": {"uv": [13, 5, 10, 3.5], "texture": "#particle"},
				"west": {"uv": [13, 6.5, 8.5, 5], "texture": "#particle"},
				"up": {"uv": [16, 0.5, 13, 5], "texture": "#particle"}
			}
		},
		{
			"from": [0.5, -7.25, 3],
			"to": [15.5, 7.75, 3],
			"light_emission": 15,
			"rotation": {"angle": 0, "axis": "y", "origin": [7.5, 0.75, 3]},
			"faces": {
				"north": {"uv": [0, 0, 3.75, 3.75], "texture": "#ring"},
				"south": {"uv": [3.75, 0, 0, 3.75], "texture": "#ring"}
			}
		},
		{
			"from": [0.5, -7.25, 3],
			"to": [15.5, 7.75, 3],
			"light_emission": 15,
			"rotation": {"angle": 22.5, "axis": "z", "origin": [7.5, 0.75, 3]},
			"faces": {
				"north": {"uv": [4, 0, 7.75, 3.75], "texture": "#ring"},
				"south": {"uv": [7.75, 0, 4, 3.75], "texture": "#ring"}
			}
		},
		{
			"from": [0.5, -7.25, 3],
			"to": [15.5, 7.75, 3],
			"light_emission": 15,
			"rotation": {"angle": 45, "axis": "z", "origin": [7.5, 0.75, 3]},
			"faces": {
				"north": {"uv": [8, 0, 11.75, 3.75], "texture": "#ring"},
				"south": {"uv": [11.75, 0, 8, 3.75], "texture": "#ring"}
			}
		},
		{
			"from": [0.5, -7.25, 3],
			"to": [15.5, 7.75, 3],
			"light_emission": 15,
			"rotation": {"angle": -22.5, "axis": "z", "origin": [7.5, 0.75, 3]},
			"faces": {
				"north": {"uv": [12, 0, 15.75, 3.75], "rotation": 90, "texture": "#ring"},
				"south": {"uv": [15.75, 0, 12, 3.75], "rotation": 270, "texture": "#ring"}
			}
		},
		{
			"from": [0.5, -7.25, 3],
			"to": [15.5, 7.75, 3],
			"light_emission": 15,
			"rotation": {"angle": 0, "axis": "y", "origin": [7.5, 0.75, 3]},
			"faces": {
				"north": {"uv": [0, 4, 3.75, 7.75], "rotation": 90, "texture": "#ring"},
				"south": {"uv": [3.75, 4, 0, 7.75], "rotation": 270, "texture": "#ring"}
			}
		},
		{
			"from": [0.5, -7.25, 3],
			"to": [15.5, 7.75, 3],
			"light_emission": 15,
			"rotation": {"angle": 22.5, "axis": "z", "origin": [7.5, 0.75, 3]},
			"faces": {
				"north": {"uv": [4, 4, 7.75, 7.75], "rotation": 90, "texture": "#ring"},
				"south": {"uv": [7.75, 4, 4, 7.75], "rotation": 270, "texture": "#ring"}
			}
		},
		{
			"from": [0.5, -7.25, 3],
			"to": [15.5, 7.75, 3],
			"light_emission": 15,
			"rotation": {"angle": 45, "axis": "z", "origin": [7.5, 0.75, 3]},
			"faces": {
				"north": {"uv": [8, 4, 11.75, 7.75], "rotation": 90, "texture": "#ring"},
				"south": {"uv": [11.75, 4, 8, 7.75], "rotation": 270, "texture": "#ring"}
			}
		},
		{
			"from": [0.5, -7.25, 3],
			"to": [15.5, 7.75, 3],
			"light_emission": 15,
			"rotation": {"angle": -22.5, "axis": "z", "origin": [7.5, 0.75, 3]},
			"faces": {
				"north": {"uv": [12, 4, 15.75, 7.75], "rotation": 180, "texture": "#ring"},
				"south": {"uv": [15.75, 4, 12, 7.75], "rotation": 180, "texture": "#ring"}
			}
		},
		{
			"from": [0.5, -7.25, 3],
			"to": [15.5, 7.75, 3],
			"light_emission": 15,
			"rotation": {"angle": 0, "axis": "y", "origin": [7.5, 0.75, 3]},
			"faces": {
				"north": {"uv": [0, 8, 3.75, 11.75], "rotation": 180, "texture": "#ring"},
				"south": {"uv": [3.75, 8, 0, 11.75], "rotation": 180, "texture": "#ring"}
			}
		},
		{
			"from": [0.5, -7.25, 3],
			"to": [15.5, 7.75, 3],
			"light_emission": 15,
			"rotation": {"angle": 22.5, "axis": "z", "origin": [7.5, 0.75, 3]},
			"faces": {
				"north": {"uv": [4, 8, 7.75, 11.75], "rotation": 180, "texture": "#ring"},
				"south": {"uv": [7.75, 8, 4, 11.75], "rotation": 180, "texture": "#ring"}
			}
		},
		{
			"from": [0.5, -7.25, 3],
			"to": [15.5, 7.75, 3],
			"light_emission": 15,
			"rotation": {"angle": 45, "axis": "z", "origin": [7.5, 0.75, 3]},
			"faces": {
				"north": {"uv": [8, 8, 11.75, 11.75], "rotation": 180, "texture": "#ring"},
				"south": {"uv": [11.75, 8, 8, 11.75], "rotation": 180, "texture": "#ring"}
			}
		},
		{
			"from": [0.5, -7.25, 3],
			"to": [15.5, 7.75, 3],
			"light_emission": 15,
			"rotation": {"angle": -22.5, "axis": "z", "origin": [7.5, 0.75, 3]},
			"faces": {
				"north": {"uv": [12, 8, 15.75, 11.75], "rotation": 270, "texture": "#ring"},
				"south": {"uv": [15.75, 8, 12, 11.75], "rotation": 90, "texture": "#ring"}
			}
		},
		{
			"from": [0.5, -7.25, 3],
			"to": [15.5, 7.75, 3],
			"light_emission": 15,
			"rotation": {"angle": 0, "axis": "y", "origin": [7.5, 0.75, 3]},
			"faces": {
				"north": {"uv": [0, 12, 3.75, 15.75], "rotation": 270, "texture": "#ring"},
				"south": {"uv": [3.75, 12, 0, 15.75], "rotation": 90, "texture": "#ring"}
			}
		},
		{
			"from": [0.5, -7.25, 3],
			"to": [15.5, 7.75, 3],
			"light_emission": 15,
			"rotation": {"angle": 22.5, "axis": "z", "origin": [7.5, 0.75, 3]},
			"faces": {
				"north": {"uv": [4, 12, 7.75, 15.75], "rotation": 270, "texture": "#ring"},
				"south": {"uv": [7.75, 12, 4, 15.75], "rotation": 90, "texture": "#ring"}
			}
		},
		{
			"from": [0.5, -7.25, 3],
			"to": [15.5, 7.75, 3],
			"light_emission": 15,
			"rotation": {"angle": 45, "axis": "z", "origin": [7.5, 0.75, 3]},
			"faces": {
				"north": {"uv": [8, 12, 11.75, 15.75], "rotation": 270, "texture": "#ring"},
				"south": {"uv": [11.75, 12, 8, 15.75], "rotation": 90, "texture": "#ring"}
			}
		},
		{
			"from": [0.5, -7.25, 3],
			"to": [15.5, 7.75, 3],
			"light_emission": 15,
			"rotation": {"angle": -22.5, "axis": "z", "origin": [7.5, 0.75, 3]},
			"faces": {
				"north": {"uv": [12, 12, 15.75, 15.75], "texture": "#ring"},
				"south": {"uv": [15.75, 12, 12, 15.75], "texture": "#ring"}
			}
		},
		{
			"from": [0.5, 0, -11],
			"to": [15.5, 0, 4],
			"light_emission": 15,
			"rotation": {"angle": -22.5, "axis": "x", "origin": [8, 0, 4]},
			"faces": {
				"up": {"uv": [15, 0, 0, 15], "texture": "#siphon"},
				"down": {"uv": [15, 15, 0, 0], "texture": "#siphon"}
			}
		},
		{
			"from": [0.5, 1, -11],
			"to": [15.5, 1, 4],
			"light_emission": 15,
			"rotation": {"angle": 22.5, "axis": "x", "origin": [8, 1, 4]},
			"faces": {
				"up": {"uv": [0, 0, 15, 15], "texture": "#siphon"},
				"down": {"uv": [0, 15, 15, 0], "texture": "#siphon"}
			}
		},
		{
			"from": [7.5, -7, -11],
			"to": [7.5, 8, 4],
			"light_emission": 15,
			"rotation": {"angle": 22.5, "axis": "y", "origin": [7.5, 0.5, 4]},
			"faces": {
				"east": {"uv": [15, 0, 0, 15], "rotation": 90, "texture": "#siphon"},
				"west": {"uv": [15, 15, 0, 0], "rotation": 90, "texture": "#siphon"}
			}
		},
		{
			"from": [8.5, -7, -11],
			"to": [8.5, 8, 4],
			"light_emission": 15,
			"rotation": {"angle": -22.5, "axis": "y", "origin": [7.5, 0.5, 4]},
			"faces": {
				"east": {"uv": [0, 0, 15, 15], "rotation": 90, "texture": "#siphon"},
				"west": {"uv": [0, 15, 15, 0], "rotation": 90, "texture": "#siphon"}
			}
		},
		{
			"from": [8, -7.85, -5.25],
			"to": [8, 8.15, 9.75],
			"light_emission": 15,
			"rotation": {"angle": 0, "axis": "y", "origin": [0, -2, 3]},
			"faces": {
				"east": {"uv": [16, 0, 0, 16], "texture": "#pulse"},
				"west": {"uv": [0, 0, 16, 16], "texture": "#pulse"}
			}
		},
		{
			"name": "arrow_0",
			"from": [7.625, 2.26608, -0.45749],
			"to": [8.375, 3.76608, 1.79251],
			"light_emission": 15,
			"rotation": {"angle": -45, "axis": "x", "origin": [8, -0.07767, 3.19876]},
			"faces": {
				"north": {"uv": [14, 2, 15, 4], "texture": "#arrow"},
				"east": {"uv": [12, 2, 15, 4], "texture": "#arrow"},
				"south": {"uv": [12, 2, 13, 4], "texture": "#arrow"},
				"west": {"uv": [15, 2, 12, 4], "texture": "#arrow"},
				"up": {"uv": [12, 2, 15, 3], "rotation": 270, "texture": "#arrow"},
				"down": {"uv": [12, 3, 15, 4], "rotation": 90, "texture": "#arrow"}
			}
		},
		{
			"name": "arrow_1",
			"from": [7.625, 0.76608, 1.79251],
			"to": [8.375, 3.01608, 3.29251],
			"light_emission": 15,
			"rotation": {"angle": -45, "axis": "x", "origin": [8, -0.07767, 3.19876]},
			"faces": {
				"east": {"uv": [10, 3, 12, 6], "texture": "#arrow"},
				"south": {"uv": [10, 3, 11, 6], "texture": "#arrow"},
				"west": {"uv": [12, 3, 10, 6], "texture": "#arrow"},
				"up": {"uv": [10, 3, 12, 4], "rotation": 270, "texture": "#arrow"},
				"down": {"uv": [10, 5, 12, 6], "rotation": 90, "texture": "#arrow"}
			}
		},
		{
			"name": "arrow_2",
			"from": [7.625, 0.76608, 0.29251],
			"to": [8.375, 2.26608, 1.79251],
			"light_emission": 15,
			"rotation": {"angle": -45, "axis": "x", "origin": [8, -0.07767, 3.19876]},
			"faces": {
				"north": {"uv": [13, 4, 14, 6], "texture": "#arrow"},
				"east": {"uv": [12, 4, 14, 6], "texture": "#arrow"},
				"west": {"uv": [14, 4, 12, 6], "texture": "#arrow"},
				"down": {"uv": [12, 5, 14, 6], "rotation": 90, "texture": "#arrow"}
			}
		},
		{
			"name": "arrow_3",
			"from": [7.625, 0.01608, 2.54251],
			"to": [8.375, 0.76608, 4.04251],
			"light_emission": 15,
			"rotation": {"angle": -45, "axis": "x", "origin": [8, -0.07767, 3.19876]},
			"faces": {
				"north": {"uv": [10, 6, 11, 7], "texture": "#arrow"},
				"east": {"uv": [9, 6, 11, 7], "texture": "#arrow"},
				"south": {"uv": [9, 6, 10, 7], "texture": "#arrow"},
				"west": {"uv": [11, 6, 9, 7], "texture": "#arrow"},
				"up": {"uv": [9, 6, 11, 7], "rotation": 270, "texture": "#arrow"},
				"down": {"uv": [9, 6, 11, 7], "rotation": 90, "texture": "#arrow"}
			}
		},
		{
			"name": "arrow_4",
			"from": [7.625, 0.01608, 1.04251],
			"to": [8.375, 0.76608, 1.79251],
			"light_emission": 15,
			"rotation": {"angle": -45, "axis": "x", "origin": [8, -0.07767, 3.19876]},
			"faces": {
				"north": {"uv": [12, 6, 13, 7], "texture": "#arrow"},
				"east": {"uv": [12, 6, 13, 7], "texture": "#arrow"},
				"south": {"uv": [12, 6, 13, 7], "texture": "#arrow"},
				"west": {"uv": [13, 6, 12, 7], "texture": "#arrow"},
				"down": {"uv": [12, 6, 13, 7], "rotation": 90, "texture": "#arrow"}
			}
		},
		{
			"name": "arrow_5",
			"from": [7.625, -0.73392, 3.29251],
			"to": [8.375, 0.01608, 4.79251],
			"light_emission": 15,
			"rotation": {"angle": -45, "axis": "x", "origin": [8, -0.07767, 3.19876]},
			"faces": {
				"north": {"uv": [9, 7, 10, 8], "texture": "#arrow"},
				"east": {"uv": [8, 7, 10, 8], "texture": "#arrow"},
				"west": {"uv": [10, 7, 8, 8], "texture": "#arrow"},
				"up": {"uv": [8, 7, 10, 8], "rotation": 270, "texture": "#arrow"},
				"down": {"uv": [8, 7, 10, 8], "rotation": 90, "texture": "#arrow"}
			}
		}
	]
}