{
	"credit": "Created by Mickey Joe Alpha - http://YouTube.com/@MushirMickeyJoe",
	"parent": "builtin/generated",
	"textures": {
		"layer0": "item/bow/green_power_ring_bow"
	},
	"gui_light": "front",
	"display": {
		"ground": {
			"rotation": [0, 0, -45],
			"translation": [0, 8.75, 0],
			"scale": [0.5, 0.5, 0.5]
		},
		"gui": {
			"rotation": [0, -25, 0],
			"translation": [-1.5, 1.08, 0]
		},
		"head": {
			"rotation": [34, 90, 0],
			"translation": [0, -2, -24.25]
		},
		"fixed": {
			"rotation": [-45, -90, 0],
			"translation": [-0.5, 1.5, -31.5],
			"scale": [2, 2, 2]
		}
	}
}