{
	"credit": "Created by Mickey Joe Alpha - http://YouTube.com/@MushirMickeyJoe",
	"parent": "item/bow/bow_pulling_1",
	"textures": {
		"particle": "item/bow/green_power_ring_bow_pulling_1"
	},
	"display": {
		"thirdperson_righthand": {
			"rotation": [89, -65, 135],
			"translation": [0, -2, -18],
			"scale": [0.85, 0.85, 0.85]
		},
		"thirdperson_lefthand": {
			"rotation": [89, 115, -135],
			"translation": [0, -2, -18],
			"scale": [0.85, 0.85, 0.85]
		},
		"firstperson_righthand": {
			"rotation": [129, -80, 152],
			"translation": [3.63, 9.2, -12.37],
			"scale": [0.68, 0.68, 0.68]
		},
		"firstperson_lefthand": {
			"rotation": [-3, -93, 109],
			"translation": [3.63, 9.2, -12.37],
			"scale": [0.68, 0.68, 0.68]
		},
		"gui": {
			"rotation": [0, -25, 0],
			"translation": [-1.5, 1.08, 0]
		}
	}
}