{
	"credit": "Created by Mickey Joe Alpha - http://YouTube.com/@MushirMickeyJoe",
	"texture_size": [32, 32],
	"textures": {
		"particle": "item/netherite_sword/heartstealer"
	},
	"elements": [
		{
			"name": "heartstealer_0",
			"from": [16, 24, 8],
			"to": [19, 27, 9],
			"rotation": {"angle": 0, "axis": "y", "origin": [-8, 0, -8]},
			"faces": {
				"north": {"uv": [13.5, 2.5, 12, 4], "texture": "#particle"},
				"east": {"uv": [13, 2.5, 13.5, 4], "texture": "#particle"},
				"south": {"uv": [12, 2.5, 13.5, 4], "texture": "#particle"},
				"west": {"uv": [12, 2.5, 12.5, 4], "texture": "#particle"},
				"up": {"uv": [12, 2.5, 13.5, 3], "texture": "#particle"},
				"down": {"uv": [12, 3.5, 13.5, 4], "texture": "#particle"}
			}
		},
		{
			"name": "heartstealer_1",
			"from": [15, 21, 8],
			"to": [16, 26, 9],
			"rotation": {"angle": 0, "axis": "y", "origin": [-8, 0, -8]},
			"faces": {
				"north": {"uv": [12, 3, 11.5, 5.5], "texture": "#particle"},
				"east": {"uv": [11.5, 3, 12, 5.5], "texture": "#particle"},
				"south": {"uv": [11.5, 3, 12, 5.5], "texture": "#particle"},
				"west": {"uv": [11.5, 3, 12, 5.5], "texture": "#particle"},
				"up": {"uv": [11.5, 3, 12, 3.5], "texture": "#particle"},
				"down": {"uv": [11.5, 5, 12, 5.5], "texture": "#particle"}
			}
		},
		{
			"name": "heartstealer_2",
			"from": [14, 20, 8],
			"to": [15, 25, 9],
			"rotation": {"angle": 0, "axis": "y", "origin": [-8, 0, -8]},
			"faces": {
				"north": {"uv": [11.5, 3.5, 11, 6], "texture": "#particle"},
				"east": {"uv": [11, 3.5, 11.5, 6], "texture": "#particle"},
				"south": {"uv": [11, 3.5, 11.5, 6], "texture": "#particle"},
				"west": {"uv": [11, 3.5, 11.5, 6], "texture": "#particle"},
				"up": {"uv": [11, 3.5, 11.5, 4], "texture": "#particle"},
				"down": {"uv": [11, 5.5, 11.5, 6], "texture": "#particle"}
			}
		},
		{
			"name": "heartstealer_3",
			"from": [13, 19, 8],
			"to": [14, 24, 9],
			"rotation": {"angle": 0, "axis": "y", "origin": [-8, 0, -8]},
			"faces": {
				"north": {"uv": [11, 4, 10.5, 6.5], "texture": "#particle"},
				"east": {"uv": [10.5, 4, 11, 6.5], "texture": "#particle"},
				"south": {"uv": [10.5, 4, 11, 6.5], "texture": "#particle"},
				"west": {"uv": [10.5, 4, 11, 6.5], "texture": "#particle"},
				"up": {"uv": [10.5, 4, 11, 4.5], "texture": "#particle"},
				"down": {"uv": [10.5, 6, 11, 6.5], "texture": "#particle"}
			}
		},
		{
			"name": "heartstealer_4",
			"from": [16, 23, 8],
			"to": [18, 24, 9],
			"rotation": {"angle": 0, "axis": "y", "origin": [-8, 0, -8]},
			"faces": {
				"north": {"uv": [13, 4, 12, 4.5], "texture": "#particle"},
				"east": {"uv": [12.5, 4, 13, 4.5], "texture": "#particle"},
				"south": {"uv": [12, 4, 13, 4.5], "texture": "#particle"},
				"down": {"uv": [12, 4, 13, 4.5], "texture": "#particle"}
			}
		},
		{
			"name": "heartstealer_5",
			"from": [12, 18, 8],
			"to": [13, 23, 9],
			"rotation": {"angle": 0, "axis": "y", "origin": [-8, 0, -8]},
			"faces": {
				"north": {"uv": [10.5, 4.5, 10, 7], "texture": "#particle"},
				"east": {"uv": [10, 4.5, 10.5, 7], "texture": "#particle"},
				"south": {"uv": [10, 4.5, 10.5, 7], "texture": "#particle"},
				"west": {"uv": [10, 4.5, 10.5, 7], "texture": "#particle"},
				"up": {"uv": [10, 4.5, 10.5, 5], "texture": "#particle"},
				"down": {"uv": [10, 6.5, 10.5, 7], "texture": "#particle"}
			}
		},
		{
			"name": "heartstealer_6",
			"from": [16, 22, 8],
			"to": [17, 23, 9],
			"rotation": {"angle": 0, "axis": "y", "origin": [-8, 0, -8]},
			"faces": {
				"north": {"uv": [12.5, 4.5, 12, 5], "texture": "#particle"},
				"east": {"uv": [12, 4.5, 12.5, 5], "texture": "#particle"},
				"south": {"uv": [12, 4.5, 12.5, 5], "texture": "#particle"},
				"down": {"uv": [12, 4.5, 12.5, 5], "texture": "#particle"}
			}
		},
		{
			"name": "heartstealer_7",
			"from": [11, 17, 8],
			"to": [12, 22, 9],
			"rotation": {"angle": 0, "axis": "y", "origin": [-8, 0, -8]},
			"faces": {
				"north": {"uv": [10, 5, 9.5, 7.5], "texture": "#particle"},
				"east": {"uv": [9.5, 5, 10, 7.5], "texture": "#particle"},
				"south": {"uv": [9.5, 5, 10, 7.5], "texture": "#particle"},
				"west": {"uv": [9.5, 5, 10, 7.5], "texture": "#particle"},
				"up": {"uv": [9.5, 5, 10, 5.5], "texture": "#particle"},
				"down": {"uv": [9.5, 7, 10, 7.5], "texture": "#particle"}
			}
		},
		{
			"name": "heartstealer_8",
			"from": [10, 16, 8],
			"to": [11, 21, 9],
			"rotation": {"angle": 0, "axis": "y", "origin": [-8, 0, -8]},
			"faces": {
				"north": {"uv": [9.5, 5.5, 9, 8], "texture": "#particle"},
				"east": {"uv": [9, 5.5, 9.5, 8], "texture": "#particle"},
				"south": {"uv": [9, 5.5, 9.5, 8], "texture": "#particle"},
				"west": {"uv": [9, 5.5, 9.5, 8], "texture": "#particle"},
				"up": {"uv": [9, 5.5, 9.5, 6], "texture": "#particle"},
				"down": {"uv": [9, 7.5, 9.5, 8], "texture": "#particle"}
			}
		},
		{
			"name": "heartstealer_9",
			"from": [9, 14, 8],
			"to": [10, 20, 9],
			"rotation": {"angle": 0, "axis": "y", "origin": [-8, 0, -8]},
			"faces": {
				"north": {"uv": [9, 6, 8.5, 9], "texture": "#particle"},
				"east": {"uv": [8.5, 6, 9, 9], "texture": "#particle"},
				"south": {"uv": [8.5, 6, 9, 9], "texture": "#particle"},
				"west": {"uv": [8.5, 6, 9, 9], "texture": "#particle"},
				"up": {"uv": [8.5, 6, 9, 6.5], "texture": "#particle"},
				"down": {"uv": [8.5, 8.5, 9, 9], "texture": "#particle"}
			}
		},
		{
			"name": "heartstealer_10",
			"from": [8, 11, 8],
			"to": [9, 19, 9],
			"rotation": {"angle": 0, "axis": "y", "origin": [-8, 0, -8]},
			"faces": {
				"north": {"uv": [8.5, 6.5, 8, 10.5], "texture": "#particle"},
				"east": {"uv": [8, 6.5, 8.5, 10.5], "texture": "#particle"},
				"south": {"uv": [8, 6.5, 8.5, 10.5], "texture": "#particle"},
				"west": {"uv": [8, 6.5, 8.5, 10.5], "texture": "#particle"},
				"up": {"uv": [8, 6.5, 8.5, 7], "texture": "#particle"},
				"down": {"uv": [8, 10, 8.5, 10.5], "texture": "#particle"}
			}
		},
		{
			"name": "heartstealer_11",
			"from": [3, 16, 8],
			"to": [4, 18, 9],
			"rotation": {"angle": 0, "axis": "y", "origin": [-8, 0, -8]},
			"faces": {
				"north": {"uv": [6, 7, 5.5, 8], "texture": "#particle"},
				"east": {"uv": [5.5, 7, 6, 8], "texture": "#particle"},
				"south": {"uv": [5.5, 7, 6, 8], "texture": "#particle"},
				"west": {"uv": [5.5, 7, 6, 8], "texture": "#particle"},
				"up": {"uv": [5.5, 7, 6, 7.5], "texture": "#particle"},
				"down": {"uv": [5.5, 7.5, 6, 8], "texture": "#particle"}
			}
		},
		{
			"name": "heartstealer_12",
			"from": [6, 14, 8],
			"to": [8, 18, 9],
			"rotation": {"angle": 0, "axis": "y", "origin": [-8, 0, -8]},
			"faces": {
				"north": {"uv": [8, 7, 7, 9], "texture": "#particle"},
				"south": {"uv": [7, 7, 8, 9], "texture": "#particle"},
				"west": {"uv": [7, 7, 7.5, 9], "texture": "#particle"},
				"up": {"uv": [7, 7, 8, 7.5], "texture": "#particle"}
			}
		},
		{
			"name": "heartstealer_13",
			"from": [4, 15, 8],
			"to": [6, 17, 9],
			"rotation": {"angle": 0, "axis": "y", "origin": [-8, 0, -8]},
			"faces": {
				"north": {"uv": [7, 7.5, 6, 8.5], "texture": "#particle"},
				"south": {"uv": [6, 7.5, 7, 8.5], "texture": "#particle"},
				"west": {"uv": [6, 7.5, 6.5, 8.5], "texture": "#particle"},
				"up": {"uv": [6, 7.5, 7, 8], "texture": "#particle"}
			}
		},
		{
			"name": "heartstealer_19",
			"from": [3, 11, 8],
			"to": [6, 14, 9],
			"rotation": {"angle": 0, "axis": "y", "origin": [-8, 0, -8]},
			"faces": {
				"north": {"uv": [7, 9, 5.5, 10.5], "texture": "#particle"},
				"south": {"uv": [5.5, 9, 7, 10.5], "texture": "#particle"},
				"west": {"uv": [5.5, 9, 6, 10.5], "texture": "#particle"},
				"down": {"uv": [5.5, 10, 7, 10.5], "texture": "#particle"}
			}
		},
		{
			"name": "heartstealer_20",
			"from": [7, 12, 8],
			"to": [8, 14, 9],
			"rotation": {"angle": 0, "axis": "y", "origin": [-8, 0, -8]},
			"faces": {
				"north": {"uv": [8, 9, 7.5, 10], "texture": "#particle"},
				"south": {"uv": [7.5, 9, 8, 10], "texture": "#particle"},
				"down": {"uv": [7.5, 9.5, 8, 10], "texture": "#particle"}
			}
		},
		{
			"name": "heartstealer_23",
			"from": [2, 9, 8],
			"to": [3, 12, 9],
			"rotation": {"angle": 0, "axis": "y", "origin": [-8, 0, -8]},
			"faces": {
				"north": {"uv": [5.5, 10, 5, 11.5], "texture": "#particle"},
				"east": {"uv": [5, 10, 5.5, 11.5], "texture": "#particle"},
				"south": {"uv": [5, 10, 5.5, 11.5], "texture": "#particle"},
				"west": {"uv": [5, 10, 5.5, 11.5], "texture": "#particle"},
				"up": {"uv": [5, 10, 5.5, 10.5], "texture": "#particle"},
				"down": {"uv": [5, 11, 5.5, 11.5], "texture": "#particle"}
			}
		},
		{
			"name": "heartstealer_24",
			"from": [9, 11, 8],
			"to": [10, 12, 9],
			"rotation": {"angle": 0, "axis": "y", "origin": [-8, 0, -8]},
			"faces": {
				"north": {"uv": [9, 10, 8.5, 10.5], "texture": "#particle"},
				"east": {"uv": [8.5, 10, 9, 10.5], "texture": "#particle"},
				"south": {"uv": [8.5, 10, 9, 10.5], "texture": "#particle"},
				"up": {"uv": [8.5, 10, 9, 10.5], "texture": "#particle"},
				"down": {"uv": [8.5, 10, 9, 10.5], "texture": "#particle"}
			}
		},
		{
			"name": "heartstealer_26",
			"from": [1, 8, 8],
			"to": [2, 11, 9],
			"rotation": {"angle": 0, "axis": "y", "origin": [-8, 0, -8]},
			"faces": {
				"north": {"uv": [5, 10.5, 4.5, 12], "texture": "#particle"},
				"east": {"uv": [4.5, 10.5, 5, 12], "texture": "#particle"},
				"south": {"uv": [4.5, 10.5, 5, 12], "texture": "#particle"},
				"west": {"uv": [4.5, 10.5, 5, 12], "texture": "#particle"},
				"up": {"uv": [4.5, 10.5, 5, 11], "texture": "#particle"},
				"down": {"uv": [4.5, 11.5, 5, 12], "texture": "#particle"}
			}
		},
		{
			"name": "heartstealer_27",
			"from": [3, 10, 8],
			"to": [4, 11, 9],
			"rotation": {"angle": 0, "axis": "y", "origin": [-8, 0, -8]},
			"faces": {
				"north": {"uv": [6, 10.5, 5.5, 11], "texture": "#particle"},
				"east": {"uv": [5.5, 10.5, 6, 11], "texture": "#particle"},
				"south": {"uv": [5.5, 10.5, 6, 11], "texture": "#particle"},
				"down": {"uv": [5.5, 10.5, 6, 11], "texture": "#particle"}
			}
		},
		{
			"name": "heartstealer_29",
			"from": [0, 7, 8],
			"to": [1, 10, 9],
			"rotation": {"angle": 0, "axis": "y", "origin": [-8, 0, -8]},
			"faces": {
				"north": {"uv": [4.5, 11, 4, 12.5], "texture": "#particle"},
				"east": {"uv": [4, 11, 4.5, 12.5], "texture": "#particle"},
				"south": {"uv": [4, 11, 4.5, 12.5], "texture": "#particle"},
				"west": {"uv": [4, 11, 4.5, 12.5], "texture": "#particle"},
				"up": {"uv": [4, 11, 4.5, 11.5], "texture": "#particle"},
				"down": {"uv": [4, 12, 4.5, 12.5], "texture": "#particle"}
			}
		},
		{
			"name": "heartstealer_30",
			"from": [-1, 5, 8],
			"to": [0, 9, 9],
			"rotation": {"angle": 0, "axis": "y", "origin": [-8, 0, -8]},
			"faces": {
				"north": {"uv": [4, 11.5, 3.5, 13.5], "texture": "#particle"},
				"east": {"uv": [3.5, 11.5, 4, 13.5], "texture": "#particle"},
				"south": {"uv": [3.5, 11.5, 4, 13.5], "texture": "#particle"},
				"west": {"uv": [3.5, 11.5, 4, 13.5], "texture": "#particle"},
				"up": {"uv": [3.5, 11.5, 4, 12], "texture": "#particle"},
				"down": {"uv": [3.5, 13, 4, 13.5], "texture": "#particle"}
			}
		},
		{
			"name": "heartstealer_32",
			"from": [-3, 6, 8],
			"to": [-1, 8, 9],
			"rotation": {"angle": 0, "axis": "y", "origin": [-8, 0, -8]},
			"faces": {
				"north": {"uv": [3.5, 12, 2.5, 13], "texture": "#particle"},
				"south": {"uv": [2.5, 12, 3.5, 13], "texture": "#particle"},
				"west": {"uv": [2.5, 12, 3, 13], "texture": "#particle"},
				"up": {"uv": [2.5, 12, 3.5, 12.5], "texture": "#particle"},
				"down": {"uv": [2.5, 12.5, 3.5, 13], "texture": "#particle"}
			}
		},
		{
			"name": "heartstealer_33",
			"from": [-4, 6, 8],
			"to": [-3, 7, 9],
			"rotation": {"angle": 0, "axis": "y", "origin": [-8, 0, -8]},
			"faces": {
				"north": {"uv": [2.5, 12.5, 2, 13], "texture": "#particle"},
				"south": {"uv": [2, 12.5, 2.5, 13], "texture": "#particle"},
				"west": {"uv": [2, 12.5, 2.5, 13], "texture": "#particle"},
				"up": {"uv": [2, 12.5, 2.5, 13], "texture": "#particle"},
				"down": {"uv": [2, 12.5, 2.5, 13], "texture": "#particle"}
			}
		},
		{
			"name": "heartstealer_34",
			"from": [-2, 4, 8],
			"to": [-1, 6, 9],
			"rotation": {"angle": 0, "axis": "y", "origin": [-8, 0, -8]},
			"faces": {
				"north": {"uv": [3.5, 13, 3, 14], "texture": "#particle"},
				"east": {"uv": [3, 13, 3.5, 14], "texture": "#particle"},
				"south": {"uv": [3, 13, 3.5, 14], "texture": "#particle"},
				"west": {"uv": [3, 13, 3.5, 14], "texture": "#particle"},
				"down": {"uv": [3, 13.5, 3.5, 14], "texture": "#particle"}
			}
		},
		{
			"name": "heartstealer_14",
			"from": [1, 14, 8],
			"to": [2, 16, 9],
			"rotation": {"angle": 0, "axis": "y", "origin": [-8, 0, -8]},
			"faces": {
				"north": {"uv": [0.5, 8, 0, 9], "texture": "#particle"},
				"east": {"uv": [0, 8, 0.5, 9], "texture": "#particle"},
				"south": {"uv": [0, 8, 0.5, 9], "texture": "#particle"},
				"west": {"uv": [0, 8, 0.5, 9], "texture": "#particle"},
				"up": {"uv": [0, 8, 0.5, 8.5], "texture": "#particle"},
				"down": {"uv": [0, 8.5, 0.5, 9], "texture": "#particle"}
			}
		},
		{
			"name": "heartstealer_15",
			"from": [6, 14, 7],
			"to": [8, 16, 8],
			"rotation": {"angle": 0, "axis": "y", "origin": [-8, 0, -8]},
			"faces": {
				"north": {"uv": [11, 8, 10, 9], "texture": "#particle"},
				"east": {"uv": [10.5, 8, 11, 9], "texture": "#particle"},
				"west": {"uv": [10, 8, 10.5, 9], "texture": "#particle"},
				"up": {"uv": [10, 8, 11, 8.5], "texture": "#particle"},
				"down": {"uv": [10, 8.5, 11, 9], "texture": "#particle"}
			}
		},
		{
			"name": "heartstealer_16",
			"from": [2, 14, 8],
			"to": [6, 15, 9],
			"rotation": {"angle": 0, "axis": "y", "origin": [-8, 0, -8]},
			"faces": {
				"north": {"uv": [2.5, 8.5, 0.5, 9], "texture": "#particle"},
				"south": {"uv": [0.5, 8.5, 2.5, 9], "texture": "#particle"},
				"up": {"uv": [0.5, 8.5, 2.5, 9], "texture": "#particle"},
				"down": {"uv": [0.5, 8.5, 2.5, 9], "texture": "#particle"}
			}
		},
		{
			"name": "heartstealer_17",
			"from": [5, 12, 7],
			"to": [6, 15, 8],
			"rotation": {"angle": 0, "axis": "y", "origin": [-8, 0, -8]},
			"faces": {
				"north": {"uv": [10, 8.5, 9.5, 10], "texture": "#particle"},
				"east": {"uv": [9.5, 8.5, 10, 10], "texture": "#particle"},
				"west": {"uv": [9.5, 8.5, 10, 10], "texture": "#particle"},
				"up": {"uv": [9.5, 8.5, 10, 9], "texture": "#particle"},
				"down": {"uv": [9.5, 9.5, 10, 10], "texture": "#particle"}
			}
		},
		{
			"name": "heartstealer_18",
			"from": [6, 9, 8],
			"to": [7, 14, 9],
			"rotation": {"angle": 0, "axis": "y", "origin": [-8, 0, -8]},
			"faces": {
				"north": {"uv": [3, 9, 2.5, 11.5], "texture": "#particle"},
				"east": {"uv": [2.5, 9, 3, 11.5], "texture": "#particle"},
				"south": {"uv": [2.5, 9, 3, 11.5], "texture": "#particle"},
				"west": {"uv": [2.5, 9, 3, 11.5], "texture": "#particle"},
				"down": {"uv": [2.5, 11, 3, 11.5], "texture": "#particle"}
			}
		},
		{
			"name": "heartstealer_21",
			"from": [4, 12, 7],
			"to": [5, 14, 8],
			"rotation": {"angle": 0, "axis": "y", "origin": [-8, 0, -8]},
			"faces": {
				"north": {"uv": [9.5, 9, 9, 10], "texture": "#particle"},
				"west": {"uv": [9, 9, 9.5, 10], "texture": "#particle"},
				"up": {"uv": [9, 9, 9.5, 9.5], "texture": "#particle"},
				"down": {"uv": [9, 9.5, 9.5, 10], "texture": "#particle"}
			}
		},
		{
			"name": "heartstealer_22",
			"from": [6, 13, 9],
			"to": [7, 14, 10],
			"rotation": {"angle": 0, "axis": "y", "origin": [-8, 0, -8]},
			"faces": {
				"east": {"uv": [10, 9, 10.5, 9.5], "texture": "#particle"},
				"south": {"uv": [10, 9, 10.5, 9.5], "texture": "#particle"},
				"down": {"uv": [10, 9, 10.5, 9.5], "texture": "#particle"}
			}
		},
		{
			"name": "heartstealer_15",
			"from": [6, 14, 9],
			"to": [8, 16, 10],
			"rotation": {"angle": 0, "axis": "y", "origin": [-8, 0, -8]},
			"faces": {
				"east": {"uv": [10.5, 8, 11, 9], "texture": "#particle"},
				"south": {"uv": [10, 8, 11, 9], "texture": "#particle"},
				"west": {"uv": [10, 8, 10.5, 9], "texture": "#particle"},
				"up": {"uv": [10, 8, 11, 8.5], "texture": "#particle"},
				"down": {"uv": [10, 8.5, 11, 9], "texture": "#particle"}
			}
		},
		{
			"name": "heartstealer_17",
			"from": [5, 12, 9],
			"to": [6, 15, 10],
			"rotation": {"angle": 0, "axis": "y", "origin": [-8, 0, -8]},
			"faces": {
				"east": {"uv": [9.5, 8.5, 10, 10], "texture": "#particle"},
				"south": {"uv": [9.5, 8.5, 10, 10], "texture": "#particle"},
				"west": {"uv": [9.5, 8.5, 10, 10], "texture": "#particle"},
				"up": {"uv": [9.5, 8.5, 10, 9], "texture": "#particle"},
				"down": {"uv": [9.5, 9.5, 10, 10], "texture": "#particle"}
			}
		},
		{
			"name": "heartstealer_21",
			"from": [4, 12, 9],
			"to": [5, 14, 10],
			"rotation": {"angle": 0, "axis": "y", "origin": [-8, 0, -8]},
			"faces": {
				"south": {"uv": [9, 9, 9.5, 10], "texture": "#particle"},
				"west": {"uv": [9, 9, 9.5, 10], "texture": "#particle"},
				"up": {"uv": [9, 9, 9.5, 9.5], "texture": "#particle"},
				"down": {"uv": [9, 9.5, 9.5, 10], "texture": "#particle"}
			}
		},
		{
			"name": "heartstealer_22",
			"from": [6, 13, 7],
			"to": [7, 14, 8],
			"rotation": {"angle": 0, "axis": "y", "origin": [-8, 0, -8]},
			"faces": {
				"north": {"uv": [10.5, 9, 10, 9.5], "texture": "#particle"},
				"east": {"uv": [10, 9, 10.5, 9.5], "texture": "#particle"},
				"down": {"uv": [10, 9, 10.5, 9.5], "texture": "#particle"}
			}
		},
		{
			"name": "heartstealer_25",
			"from": [-5.35, 16, 8.025],
			"to": [-4.35, 20, 8.975],
			"rotation": {"angle": -45, "axis": "z", "origin": [-7.5, 9.25, 8.5]},
			"faces": {
				"north": {"uv": [10.5, 10, 10, 12], "texture": "#particle"},
				"east": {"uv": [10, 10, 10.5, 12], "texture": "#particle"},
				"south": {"uv": [10, 10, 10.5, 12], "texture": "#particle"},
				"west": {"uv": [10, 10, 10.5, 12], "texture": "#particle"},
				"down": {"uv": [10, 11.5, 10.5, 12], "texture": "#particle"}
			}
		},
		{
			"name": "heartstealer_28",
			"from": [7, 9, 8],
			"to": [8, 10, 9],
			"rotation": {"angle": 0, "axis": "y", "origin": [-8, 0, -8]},
			"faces": {
				"north": {"uv": [3.5, 11, 3, 11.5], "texture": "#particle"},
				"east": {"uv": [3, 11, 3.5, 11.5], "texture": "#particle"},
				"south": {"uv": [3, 11, 3.5, 11.5], "texture": "#particle"},
				"up": {"uv": [3, 11, 3.5, 11.5], "texture": "#particle"},
				"down": {"uv": [3, 11, 3.5, 11.5], "texture": "#particle"}
			}
		},
		{
			"name": "heartstealer_31",
			"from": [-4.35, 16, 8.025],
			"to": [-1.35, 17, 8.975],
			"rotation": {"angle": -45, "axis": "z", "origin": [-7.5, 9.25, 8.5]},
			"faces": {
				"north": {"uv": [12, 11.5, 10.5, 12], "texture": "#particle"},
				"south": {"uv": [10.5, 11.5, 12, 12], "texture": "#particle"},
				"up": {"uv": [10.5, 11.5, 12, 12], "texture": "#particle"},
				"down": {"uv": [10.5, 11.5, 12, 12], "texture": "#particle"}
			}
		}
	],
	"gui_light": "front",
	"display": {
		"thirdperson_righthand": {
			"rotation": [0, -90, 45],
			"translation": [0.5, 0.25, 6.5],
			"scale": [0.85, 0.85, 0.85]
		},
		"thirdperson_lefthand": {
			"rotation": [0, 89, -45],
			"translation": [-0.5, 0.5, 6.5],
			"scale": [0.85, 0.85, 0.85]
		},
		"firstperson_righthand": {
			"rotation": [-32, -90, 0],
			"translation": [3.25, -0.25, 4.25],
			"scale": [0.68, 0.68, 0.68]
		},
		"firstperson_lefthand": {
			"rotation": [-32, 90, 0],
			"translation": [2.5, -0.25, 4.25],
			"scale": [0.68, 0.68, 0.68]
		},
		"ground": {
			"translation": [0, 0.25, 0],
			"scale": [0.62, 0.62, 0.62]
		},
		"gui": {
			"rotation": [0, 175, 0],
			"translation": [-0.25, -5.25, 0],
			"scale": [0.72, 0.72, 0.72]
		},
		"fixed": {
			"translation": [0.5, -7.5, -1]
		}
	}
}