{
	"credit": "Created by Mickey Joe Alpha - http://YouTube.com/@MushirMickeyJoe",
	"texture_size": [64, 64],
	"textures": {
		"1": "item/bow/lute",
		"2": "item/arrow",
		"particle": "item/bow/lute"
	},
	"elements": [
		{
			"from": [4.5, 0, 7],
			"to": [11.5, 14, 9],
			"faces": {
				"north": {"uv": [0.5, 0.5, 2.25, 4], "texture": "#1"},
				"east": {"uv": [0, 0.5, 0.5, 4], "texture": "#1"},
				"south": {"uv": [2.75, 0.5, 4.5, 4], "texture": "#1"},
				"west": {"uv": [2.25, 0.5, 2.75, 4], "texture": "#1"},
				"up": {"uv": [2.25, 0.5, 0.5, 0], "texture": "#1"},
				"down": {"uv": [4, 0, 2.25, 0.5], "texture": "#1"}
			}
		},
		{
			"from": [6.5, 14, 7],
			"to": [9.5, 28, 9],
			"faces": {
				"north": {"uv": [1, 4.5, 1.75, 8], "texture": "#1"},
				"east": {"uv": [0.5, 4.5, 1, 8], "texture": "#1"},
				"south": {"uv": [2.25, 4.5, 3, 8], "texture": "#1"},
				"west": {"uv": [1.75, 4.5, 2.25, 8], "texture": "#1"},
				"up": {"uv": [1.75, 4.5, 1, 4], "texture": "#1"}
			}
		},
		{
			"from": [6.5, 26, 9],
			"to": [9.5, 28, 12],
			"faces": {
				"east": {"uv": [3, 6.25, 3.75, 6.75], "texture": "#1"},
				"south": {"uv": [5.25, 6.25, 6, 6.75], "texture": "#1"},
				"west": {"uv": [4.5, 6.25, 5.25, 6.75], "texture": "#1"},
				"up": {"uv": [4.5, 6.25, 3.75, 5.5], "texture": "#1"},
				"down": {"uv": [5.25, 5.5, 4.5, 6.25], "texture": "#1"}
			}
		},
		{
			"from": [2.5, 2, 7],
			"to": [4.5, 11, 9],
			"faces": {
				"north": {"uv": [5, 3.25, 5.5, 5.5], "texture": "#1"},
				"south": {"uv": [6, 3.25, 6.5, 5.5], "texture": "#1"},
				"west": {"uv": [5.5, 3.25, 6, 5.5], "texture": "#1"},
				"up": {"uv": [5.5, 3.25, 5, 2.75], "texture": "#1"},
				"down": {"uv": [6, 2.75, 5.5, 3.25], "texture": "#1"}
			}
		},
		{
			"from": [6.5, 2, 6],
			"to": [9.5, 3, 7],
			"faces": {
				"north": {"uv": [1.75, 3.5, 1, 3.25], "texture": "#1"},
				"east": {"uv": [1.25, 3.5, 1, 3.25], "texture": "#1"},
				"west": {"uv": [1.75, 3.5, 1.5, 3.25], "texture": "#1"},
				"up": {"uv": [1.75, 3.5, 1, 3.25], "texture": "#1"},
				"down": {"uv": [1.75, 3.5, 1, 3.25], "texture": "#1"}
			}
		},
		{
			"from": [11.5, 2, 7],
			"to": [13.5, 11, 9],
			"faces": {
				"north": {"uv": [5, 0.5, 5.5, 2.75], "texture": "#1"},
				"east": {"uv": [4.5, 0.5, 5, 2.75], "texture": "#1"},
				"south": {"uv": [6, 0.5, 6.5, 2.75], "texture": "#1"},
				"up": {"uv": [5.5, 0.5, 5, 0], "texture": "#1"},
				"down": {"uv": [6, 0, 5.5, 0.5], "texture": "#1"}
			}
		},
		{
			"name": "lute_16",
			"from": [8.5, 27, 6],
			"to": [9.5, 28, 7],
			"rotation": {"angle": 0, "axis": "y", "origin": [8.5, 12.5, 3.5]},
			"faces": {
				"north": {"uv": [10.75, 9.75, 11, 10], "texture": "#1"},
				"east": {"uv": [10.75, 9.75, 11, 10], "texture": "#1"},
				"west": {"uv": [10.75, 9.75, 11, 10], "texture": "#1"},
				"up": {"uv": [10.75, 9.75, 11, 10], "rotation": 180, "texture": "#1"},
				"down": {"uv": [10.75, 9.75, 11, 10], "rotation": 180, "texture": "#1"}
			}
		},
		{
			"name": "lute_124",
			"from": [8.5, 3, 6],
			"to": [9.5, 4, 7],
			"rotation": {"angle": 0, "axis": "y", "origin": [8.5, 12.5, 3.5]},
			"faces": {
				"north": {"uv": [10.75, 15.75, 11, 16], "texture": "#1"},
				"east": {"uv": [10.75, 15.75, 11, 16], "texture": "#1"},
				"west": {"uv": [10.75, 15.75, 11, 16], "texture": "#1"},
				"up": {"uv": [10.75, 15.75, 11, 16], "rotation": 180, "texture": "#1"}
			}
		},
		{
			"name": "lute_98",
			"from": [5.5, 8, 6],
			"to": [6.5, 10, 7],
			"rotation": {"angle": 0, "axis": "y", "origin": [8.5, 12.5, 3.5]},
			"faces": {
				"north": {"uv": [11.5, 14.25, 11.75, 14.75], "texture": "#1"},
				"east": {"uv": [11.5, 14.25, 11.75, 14.75], "texture": "#1"},
				"west": {"uv": [11.5, 14.25, 11.75, 14.75], "texture": "#1"},
				"up": {"uv": [11.5, 14.25, 11.75, 14.5], "rotation": 180, "texture": "#1"},
				"down": {"uv": [11.5, 14.5, 11.75, 14.75], "rotation": 180, "texture": "#1"}
			}
		},
		{
			"name": "lute_125",
			"from": [6.5, 3, 6],
			"to": [7.5, 4, 7],
			"rotation": {"angle": 0, "axis": "y", "origin": [8.5, 12.5, 3.5]},
			"faces": {
				"north": {"uv": [11.25, 15.75, 11.5, 16], "texture": "#1"},
				"east": {"uv": [11.25, 15.75, 11.5, 16], "texture": "#1"},
				"west": {"uv": [11.25, 15.75, 11.5, 16], "texture": "#1"},
				"up": {"uv": [11.25, 15.75, 11.5, 16], "rotation": 180, "texture": "#1"}
			}
		},
		{
			"name": "lute_115",
			"from": [5.5, 4, 6],
			"to": [6.5, 6, 7],
			"rotation": {"angle": 0, "axis": "y", "origin": [8.5, 12.5, 3.5]},
			"faces": {
				"north": {"uv": [11.5, 15.25, 11.75, 15.75], "texture": "#1"},
				"east": {"uv": [11.5, 15.25, 11.75, 15.75], "texture": "#1"},
				"west": {"uv": [11.5, 15.25, 11.75, 15.75], "texture": "#1"},
				"up": {"uv": [11.5, 15.25, 11.75, 15.5], "rotation": 180, "texture": "#1"},
				"down": {"uv": [11.5, 15.5, 11.75, 15.75], "rotation": 180, "texture": "#1"}
			}
		},
		{
			"name": "lute_114",
			"from": [7.5, 4, 6],
			"to": [8.5, 6, 7],
			"rotation": {"angle": 0, "axis": "y", "origin": [8.5, 12.5, 3.5]},
			"faces": {
				"north": {"uv": [11, 15.25, 11.25, 15.75], "texture": "#1"},
				"east": {"uv": [11, 15.25, 11.25, 15.75], "texture": "#1"},
				"west": {"uv": [11, 15.25, 11.25, 15.75], "texture": "#1"},
				"up": {"uv": [11, 15.25, 11.25, 15.5], "rotation": 180, "texture": "#1"},
				"down": {"uv": [11, 15.5, 11.25, 15.75], "rotation": 180, "texture": "#1"}
			}
		},
		{
			"name": "lute_107",
			"from": [4.5, 6, 6],
			"to": [5.5, 8, 7],
			"rotation": {"angle": 0, "axis": "y", "origin": [8.5, 12.5, 3.5]},
			"faces": {
				"north": {"uv": [11.75, 14.75, 12, 15.25], "texture": "#1"},
				"east": {"uv": [11.75, 14.75, 12, 15.25], "texture": "#1"},
				"west": {"uv": [11.75, 14.75, 12, 15.25], "texture": "#1"},
				"up": {"uv": [11.75, 14.75, 12, 15], "rotation": 180, "texture": "#1"},
				"down": {"uv": [11.75, 15, 12, 15.25], "rotation": 180, "texture": "#1"}
			}
		},
		{
			"name": "lute_106",
			"from": [6.5, 6, 6],
			"to": [7.5, 8, 7],
			"rotation": {"angle": 0, "axis": "y", "origin": [8.5, 12.5, 3.5]},
			"faces": {
				"north": {"uv": [11.25, 14.75, 11.5, 15.25], "texture": "#1"},
				"east": {"uv": [11.25, 14.75, 11.5, 15.25], "texture": "#1"},
				"west": {"uv": [11.25, 14.75, 11.5, 15.25], "texture": "#1"},
				"up": {"uv": [11.25, 14.75, 11.5, 15], "rotation": 180, "texture": "#1"},
				"down": {"uv": [11.25, 15, 11.5, 15.25], "rotation": 180, "texture": "#1"}
			}
		},
		{
			"name": "lute_99",
			"from": [3.5, 8, 6],
			"to": [4.5, 10, 7],
			"rotation": {"angle": 0, "axis": "y", "origin": [8.5, 12.5, 3.5]},
			"faces": {
				"north": {"uv": [12, 14.25, 12.25, 14.75], "texture": "#1"},
				"east": {"uv": [12, 14.25, 12.25, 14.75], "texture": "#1"},
				"west": {"uv": [12, 14.25, 12.25, 14.75], "texture": "#1"},
				"up": {"uv": [12, 14.25, 12.25, 14.5], "rotation": 180, "texture": "#1"},
				"down": {"uv": [12, 14.5, 12.25, 14.75], "rotation": 180, "texture": "#1"}
			}
		},
		{
			"name": "lute_88",
			"from": [4.5, 10, 6],
			"to": [5.5, 12, 7],
			"rotation": {"angle": 0, "axis": "y", "origin": [8.5, 12.5, 3.5]},
			"faces": {
				"north": {"uv": [11.75, 13.75, 12, 14.25], "texture": "#1"},
				"east": {"uv": [11.75, 13.75, 12, 14.25], "texture": "#1"},
				"west": {"uv": [11.75, 13.75, 12, 14.25], "texture": "#1"},
				"up": {"uv": [11.75, 13.75, 12, 14], "rotation": 180, "texture": "#1"},
				"down": {"uv": [11.75, 14, 12, 14.25], "rotation": 180, "texture": "#1"}
			}
		},
		{
			"name": "lute_89",
			"from": [2.5, 10, 6],
			"to": [3.5, 12, 7],
			"rotation": {"angle": 0, "axis": "y", "origin": [8.5, 12.5, 3.5]},
			"faces": {
				"north": {"uv": [12.25, 13.75, 12.5, 14.25], "texture": "#1"},
				"east": {"uv": [12.25, 13.75, 12.5, 14.25], "texture": "#1"},
				"south": {"uv": [12.5, 13.75, 12.25, 14.25], "texture": "#1"},
				"west": {"uv": [12.25, 13.75, 12.5, 14.25], "texture": "#1"},
				"up": {"uv": [12.25, 13.75, 12.5, 14], "rotation": 180, "texture": "#1"},
				"down": {"uv": [12.25, 14, 12.5, 14.25], "rotation": 180, "texture": "#1"}
			}
		},
		{
			"name": "lute_80",
			"from": [3.5, 12, 6],
			"to": [4.5, 14, 7],
			"rotation": {"angle": 0, "axis": "y", "origin": [8.5, 12.5, 3.5]},
			"faces": {
				"north": {"uv": [12, 13.25, 12.25, 13.75], "texture": "#1"},
				"east": {"uv": [12, 13.25, 12.25, 13.75], "texture": "#1"},
				"south": {"uv": [12.25, 13.25, 12, 13.75], "texture": "#1"},
				"west": {"uv": [12, 13.25, 12.25, 13.75], "texture": "#1"},
				"up": {"uv": [12, 13.25, 12.25, 13.5], "rotation": 180, "texture": "#1"},
				"down": {"uv": [12, 13.5, 12.25, 13.75], "rotation": 180, "texture": "#1"}
			}
		},
		{
			"name": "lute_81",
			"from": [1.5, 12, 6],
			"to": [2.5, 14, 7],
			"rotation": {"angle": 0, "axis": "y", "origin": [8.5, 12.5, 3.5]},
			"faces": {
				"north": {"uv": [12.5, 13.25, 12.75, 13.75], "texture": "#1"},
				"east": {"uv": [12.5, 13.25, 12.75, 13.75], "texture": "#1"},
				"south": {"uv": [12.75, 13.25, 12.5, 13.75], "texture": "#1"},
				"west": {"uv": [12.5, 13.25, 12.75, 13.75], "texture": "#1"},
				"up": {"uv": [12.5, 13.25, 12.75, 13.5], "rotation": 180, "texture": "#1"},
				"down": {"uv": [12.5, 13.5, 12.75, 13.75], "rotation": 180, "texture": "#1"}
			}
		},
		{
			"name": "lute_69",
			"from": [0.5, 14, 6],
			"to": [1.5, 17, 7],
			"rotation": {"angle": 0, "axis": "y", "origin": [8.5, 12.5, 3.5]},
			"faces": {
				"north": {"uv": [12.75, 12.5, 13, 13.25], "texture": "#1"},
				"east": {"uv": [12.75, 12.5, 13, 13.25], "texture": "#1"},
				"south": {"uv": [13, 12.5, 12.75, 13.25], "texture": "#1"},
				"west": {"uv": [12.75, 12.5, 13, 13.25], "texture": "#1"},
				"up": {"uv": [12.75, 12.5, 13, 12.75], "rotation": 180, "texture": "#1"},
				"down": {"uv": [12.75, 13, 13, 13.25], "rotation": 180, "texture": "#1"}
			}
		},
		{
			"name": "lute_68",
			"from": [2.5, 14, 6],
			"to": [3.5, 17, 7],
			"rotation": {"angle": 0, "axis": "y", "origin": [8.5, 12.5, 3.5]},
			"faces": {
				"north": {"uv": [12.25, 12.5, 12.5, 13.25], "texture": "#1"},
				"east": {"uv": [12.25, 12.5, 12.5, 13.25], "texture": "#1"},
				"south": {"uv": [12.5, 12.5, 12.25, 13.25], "texture": "#1"},
				"west": {"uv": [12.25, 12.5, 12.5, 13.25], "texture": "#1"},
				"up": {"uv": [12.25, 12.5, 12.5, 12.75], "rotation": 180, "texture": "#1"},
				"down": {"uv": [12.25, 13, 12.5, 13.25], "rotation": 180, "texture": "#1"}
			}
		},
		{
			"name": "lute_58",
			"from": [3.5, 17, 6],
			"to": [4.5, 19, 7],
			"rotation": {"angle": 0, "axis": "y", "origin": [8.5, 12.5, 3.5]},
			"faces": {
				"north": {"uv": [12, 12, 12.25, 12.5], "texture": "#1"},
				"east": {"uv": [12, 12, 12.25, 12.5], "texture": "#1"},
				"south": {"uv": [12.25, 12, 12, 12.5], "texture": "#1"},
				"west": {"uv": [12, 12, 12.25, 12.5], "texture": "#1"},
				"up": {"uv": [12, 12, 12.25, 12.25], "rotation": 180, "texture": "#1"},
				"down": {"uv": [12, 12.25, 12.25, 12.5], "rotation": 180, "texture": "#1"}
			}
		},
		{
			"name": "lute_59",
			"from": [1.5, 17, 6],
			"to": [2.5, 19, 7],
			"rotation": {"angle": 0, "axis": "y", "origin": [8.5, 12.5, 3.5]},
			"faces": {
				"north": {"uv": [12.5, 12, 12.75, 12.5], "texture": "#1"},
				"east": {"uv": [12.5, 12, 12.75, 12.5], "texture": "#1"},
				"south": {"uv": [12.75, 12, 12.5, 12.5], "texture": "#1"},
				"west": {"uv": [12.5, 12, 12.75, 12.5], "texture": "#1"},
				"up": {"uv": [12.5, 12, 12.75, 12.25], "rotation": 180, "texture": "#1"},
				"down": {"uv": [12.5, 12.25, 12.75, 12.5], "rotation": 180, "texture": "#1"}
			}
		},
		{
			"name": "lute_51",
			"from": [2.5, 19, 6],
			"to": [3.5, 21, 7],
			"rotation": {"angle": 0, "axis": "y", "origin": [8.5, 12.5, 3.5]},
			"faces": {
				"north": {"uv": [12.25, 11.5, 12.5, 12], "texture": "#1"},
				"east": {"uv": [12.25, 11.5, 12.5, 12], "texture": "#1"},
				"south": {"uv": [12.5, 11.5, 12.25, 12], "texture": "#1"},
				"west": {"uv": [12.25, 11.5, 12.5, 12], "texture": "#1"},
				"up": {"uv": [12.25, 11.5, 12.5, 11.75], "rotation": 180, "texture": "#1"},
				"down": {"uv": [12.25, 11.75, 12.5, 12], "rotation": 180, "texture": "#1"}
			}
		},
		{
			"name": "lute_41",
			"from": [3.5, 21, 6],
			"to": [4.5, 23, 7],
			"rotation": {"angle": 0, "axis": "y", "origin": [8.5, 12.5, 3.5]},
			"faces": {
				"north": {"uv": [12, 11, 12.25, 11.5], "texture": "#1"},
				"east": {"uv": [12, 11, 12.25, 11.5], "texture": "#1"},
				"south": {"uv": [12.25, 11, 12, 11.5], "texture": "#1"},
				"west": {"uv": [12, 11, 12.25, 11.5], "texture": "#1"},
				"up": {"uv": [12, 11, 12.25, 11.25], "rotation": 180, "texture": "#1"},
				"down": {"uv": [12, 11.25, 12.25, 11.5], "rotation": 180, "texture": "#1"}
			}
		},
		{
			"name": "lute_50",
			"from": [4.5, 19, 6],
			"to": [5.5, 21, 7],
			"rotation": {"angle": 0, "axis": "y", "origin": [8.5, 12.5, 3.5]},
			"faces": {
				"north": {"uv": [11.75, 11.5, 12, 12], "texture": "#1"},
				"east": {"uv": [11.75, 11.5, 12, 12], "texture": "#1"},
				"south": {"uv": [12, 11.5, 11.75, 12], "texture": "#1"},
				"west": {"uv": [11.75, 11.5, 12, 12], "texture": "#1"},
				"up": {"uv": [11.75, 11.5, 12, 11.75], "rotation": 180, "texture": "#1"},
				"down": {"uv": [11.75, 11.75, 12, 12], "rotation": 180, "texture": "#1"}
			}
		},
		{
			"name": "lute_40",
			"from": [5.5, 21, 6],
			"to": [6.5, 23, 7],
			"rotation": {"angle": 0, "axis": "y", "origin": [8.5, 12.5, 3.5]},
			"faces": {
				"north": {"uv": [11.5, 11, 11.75, 11.5], "texture": "#1"},
				"east": {"uv": [11.5, 11, 11.75, 11.5], "texture": "#1"},
				"south": {"uv": [11.75, 11, 11.5, 11.5], "texture": "#1"},
				"west": {"uv": [11.5, 11, 11.75, 11.5], "texture": "#1"},
				"up": {"uv": [11.5, 11, 11.75, 11.25], "rotation": 180, "texture": "#1"},
				"down": {"uv": [11.5, 11.25, 11.75, 11.5], "rotation": 180, "texture": "#1"}
			}
		},
		{
			"name": "lute_33",
			"from": [4.5, 23, 6],
			"to": [5.5, 25, 7],
			"rotation": {"angle": 0, "axis": "y", "origin": [8.5, 12.5, 3.5]},
			"faces": {
				"north": {"uv": [11.75, 10.5, 12, 11], "texture": "#1"},
				"east": {"uv": [11.75, 10.5, 12, 11], "texture": "#1"},
				"south": {"uv": [12, 10.5, 11.75, 11], "texture": "#1"},
				"west": {"uv": [11.75, 10.5, 12, 11], "texture": "#1"},
				"up": {"uv": [11.75, 10.5, 12, 10.75], "rotation": 180, "texture": "#1"},
				"down": {"uv": [11.75, 10.75, 12, 11], "rotation": 180, "texture": "#1"}
			}
		},
		{
			"name": "lute_23",
			"from": [5.5, 25, 6],
			"to": [6.5, 27, 7],
			"rotation": {"angle": 0, "axis": "y", "origin": [8.5, 12.5, 3.5]},
			"faces": {
				"north": {"uv": [11.5, 10, 11.75, 10.5], "texture": "#1"},
				"east": {"uv": [11.5, 10, 11.75, 10.5], "texture": "#1"},
				"south": {"uv": [11.75, 10, 11.5, 10.5], "texture": "#1"},
				"west": {"uv": [11.5, 10, 11.75, 10.5], "texture": "#1"},
				"up": {"uv": [11.5, 10, 11.75, 10.25], "rotation": 180, "texture": "#1"},
				"down": {"uv": [11.5, 10.25, 11.75, 10.5], "rotation": 180, "texture": "#1"}
			}
		},
		{
			"name": "lute_32",
			"from": [6.5, 23, 6],
			"to": [7.5, 25, 7],
			"rotation": {"angle": 0, "axis": "y", "origin": [8.5, 12.5, 3.5]},
			"faces": {
				"north": {"uv": [11.25, 10.5, 11.5, 11], "texture": "#1"},
				"east": {"uv": [11.25, 10.5, 11.5, 11], "texture": "#1"},
				"west": {"uv": [11.25, 10.5, 11.5, 11], "texture": "#1"},
				"up": {"uv": [11.25, 10.5, 11.5, 10.75], "rotation": 180, "texture": "#1"},
				"down": {"uv": [11.25, 10.75, 11.5, 11], "rotation": 180, "texture": "#1"}
			}
		},
		{
			"name": "lute_22",
			"from": [7.5, 25, 6],
			"to": [8.5, 27, 7],
			"rotation": {"angle": 0, "axis": "y", "origin": [8.5, 12.5, 3.5]},
			"faces": {
				"north": {"uv": [11, 10, 11.25, 10.5], "texture": "#1"},
				"east": {"uv": [11, 10, 11.25, 10.5], "texture": "#1"},
				"west": {"uv": [11, 10, 11.25, 10.5], "texture": "#1"},
				"up": {"uv": [11, 10, 11.25, 10.25], "rotation": 180, "texture": "#1"},
				"down": {"uv": [11, 10.25, 11.25, 10.5], "rotation": 180, "texture": "#1"}
			}
		},
		{
			"name": "lute_17",
			"from": [6.5, 27, 6],
			"to": [7.5, 28, 7],
			"rotation": {"angle": 0, "axis": "y", "origin": [8.5, 12.5, 3.5]},
			"faces": {
				"north": {"uv": [11.25, 9.75, 11.5, 10], "texture": "#1"},
				"east": {"uv": [11.25, 9.75, 11.5, 10], "texture": "#1"},
				"west": {"uv": [11.25, 9.75, 11.5, 10], "texture": "#1"},
				"up": {"uv": [11.25, 9.75, 11.5, 10], "rotation": 180, "texture": "#1"},
				"down": {"uv": [11.25, 9.75, 11.5, 10], "rotation": 180, "texture": "#1"}
			}
		},
		{
			"name": "arrow_0",
			"from": [8.65, 20.45, 6],
			"to": [11.65, 22.45, 7],
			"rotation": {"angle": -45, "axis": "z", "origin": [8, 7.25, 0.5]},
			"faces": {
				"north": {"uv": [15, 2, 12, 4], "texture": "#2"},
				"east": {"uv": [14, 2, 15, 4], "texture": "#2"},
				"south": {"uv": [12, 2, 15, 4], "texture": "#2"},
				"west": {"uv": [12, 2, 13, 4], "texture": "#2"},
				"up": {"uv": [12, 2, 15, 3], "texture": "#2"},
				"down": {"uv": [12, 3, 15, 4], "texture": "#2"}
			}
		},
		{
			"name": "arrow_1",
			"from": [6.65, 18.45, 6],
			"to": [8.65, 21.45, 7],
			"rotation": {"angle": -45, "axis": "z", "origin": [8, 7.25, 0.5]},
			"faces": {
				"north": {"uv": [12, 3, 10, 6], "texture": "#2"},
				"south": {"uv": [10, 3, 12, 6], "texture": "#2"},
				"west": {"uv": [10, 3, 11, 6], "texture": "#2"},
				"up": {"uv": [10, 3, 12, 4], "texture": "#2"},
				"down": {"uv": [10, 5, 12, 6], "texture": "#2"}
			}
		},
		{
			"name": "arrow_2",
			"from": [8.65, 18.45, 6],
			"to": [10.65, 20.45, 7],
			"rotation": {"angle": -45, "axis": "z", "origin": [8, 7.25, 0.5]},
			"faces": {
				"north": {"uv": [14, 4, 12, 6], "texture": "#2"},
				"east": {"uv": [13, 4, 14, 6], "texture": "#2"},
				"south": {"uv": [12, 4, 14, 6], "texture": "#2"},
				"down": {"uv": [12, 5, 14, 6], "texture": "#2"}
			}
		},
		{
			"name": "arrow_3",
			"from": [5.65, 17.45, 6],
			"to": [7.65, 18.45, 7],
			"rotation": {"angle": -45, "axis": "z", "origin": [8, 7.25, 0.5]},
			"faces": {
				"north": {"uv": [11, 6, 9, 7], "texture": "#2"},
				"east": {"uv": [10, 6, 11, 7], "texture": "#2"},
				"south": {"uv": [9, 6, 11, 7], "texture": "#2"},
				"west": {"uv": [9, 6, 10, 7], "texture": "#2"},
				"up": {"uv": [9, 6, 11, 7], "texture": "#2"},
				"down": {"uv": [9, 6, 11, 7], "texture": "#2"}
			}
		},
		{
			"name": "arrow_4",
			"from": [8.65, 17.45, 6],
			"to": [9.65, 18.45, 7],
			"rotation": {"angle": -45, "axis": "z", "origin": [8, 7.25, 0.5]},
			"faces": {
				"north": {"uv": [13, 6, 12, 7], "texture": "#2"},
				"east": {"uv": [12, 6, 13, 7], "texture": "#2"},
				"south": {"uv": [12, 6, 13, 7], "texture": "#2"},
				"west": {"uv": [12, 6, 13, 7], "texture": "#2"},
				"down": {"uv": [12, 6, 13, 7], "texture": "#2"}
			}
		},
		{
			"name": "arrow_5",
			"from": [4.65, 16.45, 6],
			"to": [6.65, 17.45, 7],
			"rotation": {"angle": -45, "axis": "z", "origin": [8, 7.25, 0.5]},
			"faces": {
				"north": {"uv": [10, 7, 8, 8], "texture": "#2"},
				"east": {"uv": [9, 7, 10, 8], "texture": "#2"},
				"south": {"uv": [8, 7, 10, 8], "texture": "#2"},
				"west": {"uv": [8, 7, 9, 8], "texture": "#2"},
				"up": {"uv": [8, 7, 10, 8], "texture": "#2"},
				"down": {"uv": [8, 7, 10, 8], "texture": "#2"}
			}
		},
		{
			"name": "arrow_6",
			"from": [3.65, 15.45, 6],
			"to": [5.65, 16.45, 7],
			"rotation": {"angle": -45, "axis": "z", "origin": [8, 7.25, 0.5]},
			"faces": {
				"north": {"uv": [9, 8, 7, 9], "texture": "#2"},
				"east": {"uv": [8, 8, 9, 9], "texture": "#2"},
				"south": {"uv": [7, 8, 9, 9], "texture": "#2"},
				"west": {"uv": [7, 8, 8, 9], "texture": "#2"},
				"up": {"uv": [7, 8, 9, 9], "texture": "#2"},
				"down": {"uv": [7, 8, 9, 9], "texture": "#2"}
			}
		},
		{
			"name": "arrow_7",
			"from": [2.65, 14.45, 6],
			"to": [4.65, 15.45, 7],
			"rotation": {"angle": -45, "axis": "z", "origin": [8, 7.25, 0.5]},
			"faces": {
				"north": {"uv": [8, 9, 6, 10], "texture": "#2"},
				"east": {"uv": [7, 9, 8, 10], "texture": "#2"},
				"south": {"uv": [6, 9, 8, 10], "texture": "#2"},
				"west": {"uv": [6, 9, 7, 10], "texture": "#2"},
				"up": {"uv": [6, 9, 8, 10], "texture": "#2"},
				"down": {"uv": [6, 9, 8, 10], "texture": "#2"}
			}
		},
		{
			"name": "arrow_8",
			"from": [1.65, 13.45, 6],
			"to": [3.65, 14.45, 7],
			"rotation": {"angle": -45, "axis": "z", "origin": [8, 7.25, 0.5]},
			"faces": {
				"north": {"uv": [7, 10, 5, 11], "texture": "#2"},
				"east": {"uv": [6, 10, 7, 11], "texture": "#2"},
				"south": {"uv": [5, 10, 7, 11], "texture": "#2"},
				"west": {"uv": [5, 10, 6, 11], "texture": "#2"},
				"up": {"uv": [5, 10, 7, 11], "texture": "#2"},
				"down": {"uv": [5, 10, 7, 11], "texture": "#2"}
			}
		},
		{
			"name": "arrow_9",
			"from": [-0.35, 11.45, 6],
			"to": [2.65, 13.45, 7],
			"rotation": {"angle": -45, "axis": "z", "origin": [8, 7.25, 0.5]},
			"faces": {
				"north": {"uv": [6, 11, 3, 13], "texture": "#2"},
				"east": {"uv": [5, 11, 6, 13], "texture": "#2"},
				"south": {"uv": [3, 11, 6, 13], "texture": "#2"},
				"west": {"uv": [3, 11, 4, 13], "texture": "#2"},
				"up": {"uv": [3, 11, 6, 12], "texture": "#2"},
				"down": {"uv": [3, 12, 6, 13], "texture": "#2"}
			}
		},
		{
			"name": "arrow_10",
			"from": [-1.35, 10.45, 6],
			"to": [-0.35, 12.45, 7],
			"rotation": {"angle": -45, "axis": "z", "origin": [8, 7.25, 0.5]},
			"faces": {
				"north": {"uv": [3, 12, 2, 14], "texture": "#2"},
				"south": {"uv": [2, 12, 3, 14], "texture": "#2"},
				"west": {"uv": [2, 12, 3, 14], "texture": "#2"},
				"up": {"uv": [2, 12, 3, 13], "texture": "#2"},
				"down": {"uv": [2, 13, 3, 14], "texture": "#2"}
			}
		},
		{
			"name": "arrow_11",
			"from": [-0.35, 10.45, 6],
			"to": [1.65, 11.45, 7],
			"rotation": {"angle": -45, "axis": "z", "origin": [8, 7.25, 0.5]},
			"faces": {
				"north": {"uv": [5, 13, 3, 14], "texture": "#2"},
				"east": {"uv": [4, 13, 5, 14], "texture": "#2"},
				"south": {"uv": [3, 13, 5, 14], "texture": "#2"},
				"down": {"uv": [3, 13, 5, 14], "texture": "#2"}
			}
		},
		{
			"name": "arrow_12",
			"from": [-0.35, 9.45, 6],
			"to": [0.65, 10.45, 7],
			"rotation": {"angle": -45, "axis": "z", "origin": [8, 7.25, 0.5]},
			"faces": {
				"north": {"uv": [4, 14, 3, 15], "texture": "#2"},
				"east": {"uv": [3, 14, 4, 15], "texture": "#2"},
				"south": {"uv": [3, 14, 4, 15], "texture": "#2"},
				"west": {"uv": [3, 14, 4, 15], "texture": "#2"},
				"down": {"uv": [3, 14, 4, 15], "texture": "#2"}
			}
		}
	],
	"gui_light": "front",
	"display": {
		"thirdperson_righthand": {
			"rotation": [0, 85, 0],
			"translation": [-1.25, -10, 0.5]
		},
		"thirdperson_lefthand": {
			"rotation": [90, 0, 90],
			"translation": [4.5, -1.5, 0.5]
		},
		"firstperson_righthand": {
			"rotation": [0, 90, 17],
			"translation": [5.5, 0, -2.25],
			"scale": [0.8, 0.8, 0.8]
		},
		"firstperson_lefthand": {
			"rotation": [-69, 166, -98],
			"translation": [4.75, -0.75, -2.25],
			"scale": [0.8, 0.8, 0.8]
		},
		"gui": {
			"rotation": [-40, 156, 45],
			"translation": [-2.5, -3, 0],
			"scale": [0.72, 0.72, 0.72]
		}
	}
}