{
	"credit": "Created by Mickey Joe Alpha - http://YouTube.com/@MushirMickeyJoe",
	"textures": {
		"3": "item/arrow",
		"particle": "item/bow/masters_bow_pulling_2"
	},
	"elements": [
		{
			"name": "Box1",
			"from": [9, 5, 8.5],
			"to": [13, 6, 9.5],
			"faces": {
				"north": {"uv": [6, 13, 2, 12], "rotation": 180, "texture": "#3"},
				"east": {"uv": [2, 12, 3, 13], "texture": "#3"},
				"south": {"uv": [2, 13, 6, 12], "rotation": 180, "texture": "#3"},
				"west": {"uv": [6, 13, 5, 12], "rotation": 180, "texture": "#3"},
				"up": {"uv": [6, 12, 2, 13], "texture": "#3"},
				"down": {"uv": [6, 13, 2, 12], "texture": "#3"}
			}
		},
		{
			"name": "Box2",
			"from": [10, 4, 8.5],
			"to": [13, 5, 9.5],
			"faces": {
				"north": {"uv": [5, 14, 2, 13], "rotation": 180, "texture": "#3"},
				"east": {"uv": [2, 13, 3, 14], "texture": "#3"},
				"south": {"uv": [2, 14, 5, 13], "rotation": 180, "texture": "#3"},
				"west": {"uv": [5, 14, 4, 13], "rotation": 180, "texture": "#3"},
				"down": {"uv": [5, 14, 2, 13], "texture": "#3"}
			}
		},
		{
			"name": "Box3",
			"from": [9, 6, 8.5],
			"to": [12, 7, 9.5],
			"faces": {
				"north": {"uv": [6, 12, 3, 11], "rotation": 180, "texture": "#3"},
				"east": {"uv": [3, 11, 4, 12], "texture": "#3"},
				"south": {"uv": [3, 12, 6, 11], "rotation": 180, "texture": "#3"},
				"west": {"uv": [6, 12, 5, 11], "rotation": 180, "texture": "#3"},
				"up": {"uv": [6, 11, 3, 12], "texture": "#3"}
			}
		},
		{
			"name": "Box4",
			"from": [11, 3, 8.5],
			"to": [12, 4, 9.5],
			"faces": {
				"north": {"uv": [3, 14, 4, 15], "texture": "#3"},
				"east": {"uv": [3, 14, 4, 15], "texture": "#3"},
				"south": {"uv": [3, 14, 4, 15], "texture": "#3"},
				"west": {"uv": [4, 15, 3, 14], "rotation": 180, "texture": "#3"},
				"down": {"uv": [4, 15, 3, 14], "texture": "#3"}
			}
		},
		{
			"name": "Box5",
			"from": [8, 7, 8.5],
			"to": [10, 8, 9.5],
			"faces": {
				"north": {"uv": [7, 11, 5, 10], "rotation": 180, "texture": "#3"},
				"east": {"uv": [5, 10, 6, 11], "texture": "#3"},
				"south": {"uv": [5, 11, 7, 10], "rotation": 180, "texture": "#3"},
				"west": {"uv": [7, 11, 6, 10], "rotation": 180, "texture": "#3"},
				"up": {"uv": [7, 10, 5, 11], "texture": "#3"},
				"down": {"uv": [7, 11, 5, 10], "texture": "#3"}
			}
		},
		{
			"name": "Box6",
			"from": [7, 8, 8.5],
			"to": [9, 9, 9.5],
			"faces": {
				"north": {"uv": [8, 10, 6, 9], "rotation": 180, "texture": "#3"},
				"east": {"uv": [6, 9, 7, 10], "texture": "#3"},
				"south": {"uv": [6, 10, 8, 9], "rotation": 180, "texture": "#3"},
				"west": {"uv": [8, 10, 7, 9], "rotation": 180, "texture": "#3"},
				"up": {"uv": [8, 9, 6, 10], "texture": "#3"},
				"down": {"uv": [8, 10, 6, 9], "texture": "#3"}
			}
		},
		{
			"name": "Box7",
			"from": [6, 9, 8.5],
			"to": [8, 10, 9.5],
			"faces": {
				"north": {"uv": [9, 9, 7, 8], "rotation": 180, "texture": "#3"},
				"east": {"uv": [7, 8, 8, 9], "texture": "#3"},
				"south": {"uv": [7, 9, 9, 8], "rotation": 180, "texture": "#3"},
				"west": {"uv": [9, 9, 8, 8], "rotation": 180, "texture": "#3"},
				"up": {"uv": [9, 8, 7, 9], "texture": "#3"},
				"down": {"uv": [9, 9, 7, 8], "texture": "#3"}
			}
		},
		{
			"name": "Box8",
			"from": [5, 10, 8.5],
			"to": [7, 11, 9.5],
			"faces": {
				"north": {"uv": [10, 8, 8, 7], "rotation": 180, "texture": "#3"},
				"east": {"uv": [8, 7, 9, 8], "texture": "#3"},
				"south": {"uv": [8, 8, 10, 7], "rotation": 180, "texture": "#3"},
				"west": {"uv": [10, 8, 9, 7], "rotation": 180, "texture": "#3"},
				"up": {"uv": [10, 7, 8, 8], "texture": "#3"},
				"down": {"uv": [10, 8, 8, 7], "texture": "#3"}
			}
		},
		{
			"name": "Box9",
			"from": [4, 11, 8.5],
			"to": [6, 12, 9.5],
			"faces": {
				"north": {"uv": [11, 7, 9, 6], "rotation": 180, "texture": "#3"},
				"east": {"uv": [9, 6, 10, 7], "texture": "#3"},
				"south": {"uv": [9, 7, 11, 6], "rotation": 180, "texture": "#3"},
				"west": {"uv": [11, 7, 10, 6], "rotation": 180, "texture": "#3"},
				"up": {"uv": [11, 6, 9, 7], "texture": "#3"},
				"down": {"uv": [11, 7, 9, 6], "texture": "#3"}
			}
		},
		{
			"name": "Box10",
			"from": [0, 14, 8.5],
			"to": [5, 15, 9.5],
			"faces": {
				"north": {"uv": [15, 4, 10, 3], "rotation": 180, "texture": "#3"},
				"east": {"uv": [10, 3, 11, 4], "texture": "#3"},
				"south": {"uv": [10, 4, 15, 3], "rotation": 180, "texture": "#3"},
				"west": {"uv": [15, 4, 14, 3], "rotation": 180, "texture": "#3"},
				"up": {"uv": [15, 3, 10, 4], "texture": "#3"},
				"down": {"uv": [15, 4, 10, 3], "texture": "#3"}
			}
		},
		{
			"name": "Box11",
			"from": [1, 12, 8.5],
			"to": [5, 14, 9.5],
			"faces": {
				"north": {"uv": [14, 6, 10, 4], "rotation": 180, "texture": "#3"},
				"east": {"uv": [10, 4, 11, 6], "texture": "#3"},
				"south": {"uv": [10, 6, 14, 4], "rotation": 180, "texture": "#3"},
				"west": {"uv": [14, 6, 13, 4], "rotation": 180, "texture": "#3"},
				"down": {"uv": [14, 6, 10, 5], "texture": "#3"}
			}
		},
		{
			"name": "Box12",
			"from": [0, 15, 8.5],
			"to": [3, 16, 9.5],
			"faces": {
				"north": {"uv": [15, 3, 12, 2], "rotation": 180, "texture": "#3"},
				"east": {"uv": [12, 2, 13, 3], "texture": "#3"},
				"south": {"uv": [12, 3, 15, 2], "rotation": 180, "texture": "#3"},
				"west": {"uv": [15, 3, 14, 2], "rotation": 180, "texture": "#3"},
				"up": {"uv": [15, 2, 12, 3], "texture": "#3"}
			}
		},
		{
			"name": "Box13",
			"from": [2, 11, 8.5],
			"to": [3, 12, 9.5],
			"faces": {
				"north": {"uv": [12, 6, 13, 7], "texture": "#3"},
				"east": {"uv": [12, 6, 13, 7], "texture": "#3"},
				"south": {"uv": [12, 6, 13, 7], "texture": "#3"},
				"west": {"uv": [13, 7, 12, 6], "rotation": 180, "texture": "#3"},
				"down": {"uv": [13, 7, 12, 6], "texture": "#3"}
			}
		},
		{
			"name": "masters_bow_pulling_2_0",
			"from": [7, 14, 7.5],
			"to": [16, 15, 8.5],
			"faces": {
				"north": {"uv": [16, 1, 7, 2], "texture": "#particle"},
				"east": {"uv": [15, 1, 16, 2], "texture": "#particle"},
				"south": {"uv": [7, 1, 16, 2], "texture": "#particle"},
				"west": {"uv": [7, 1, 8, 2], "texture": "#particle"},
				"up": {"uv": [7, 1, 16, 2], "texture": "#particle"},
				"down": {"uv": [7, 1, 16, 2], "texture": "#particle"}
			}
		},
		{
			"name": "masters_bow_pulling_2_1",
			"from": [8, 12, 7.5],
			"to": [13, 14, 8.5],
			"faces": {
				"north": {"uv": [13, 2, 8, 4], "texture": "#particle"},
				"east": {"uv": [12, 2, 13, 4], "texture": "#particle"},
				"south": {"uv": [8, 2, 13, 4], "texture": "#particle"},
				"west": {"uv": [8, 2, 9, 4], "texture": "#particle"},
				"up": {"uv": [8, 2, 13, 3], "texture": "#particle"},
				"down": {"uv": [8, 3, 13, 4], "texture": "#particle"}
			}
		},
		{
			"name": "masters_bow_pulling_2_2",
			"from": [13, 13, 7.5],
			"to": [14, 14, 8.5],
			"faces": {
				"north": {"uv": [14, 2, 13, 3], "texture": "#particle"},
				"east": {"uv": [13, 2, 14, 3], "texture": "#particle"},
				"south": {"uv": [13, 2, 14, 3], "texture": "#particle"},
				"west": {"uv": [13, 2, 14, 3], "texture": "#particle"},
				"up": {"uv": [13, 2, 14, 3], "texture": "#particle"},
				"down": {"uv": [13, 2, 14, 3], "texture": "#particle"}
			}
		},
		{
			"name": "masters_bow_pulling_2_3",
			"from": [5, 12, 7.5],
			"to": [8, 13, 8.5],
			"faces": {
				"north": {"uv": [8, 3, 5, 4], "texture": "#particle"},
				"east": {"uv": [7, 3, 8, 4], "texture": "#particle"},
				"south": {"uv": [5, 3, 8, 4], "texture": "#particle"},
				"west": {"uv": [5, 3, 6, 4], "texture": "#particle"},
				"up": {"uv": [5, 3, 8, 4], "texture": "#particle"},
				"down": {"uv": [5, 3, 8, 4], "texture": "#particle"}
			}
		},
		{
			"name": "masters_bow_pulling_2_4",
			"from": [7, 11, 7.5],
			"to": [9, 12, 8.5],
			"faces": {
				"north": {"uv": [9, 4, 7, 5], "texture": "#particle"},
				"east": {"uv": [8, 4, 9, 5], "texture": "#particle"},
				"south": {"uv": [7, 4, 9, 5], "texture": "#particle"},
				"west": {"uv": [7, 4, 8, 5], "texture": "#particle"},
				"up": {"uv": [7, 4, 9, 5], "texture": "#particle"},
				"down": {"uv": [7, 4, 9, 5], "texture": "#particle"}
			}
		},
		{
			"name": "masters_bow_pulling_2_5",
			"from": [12, 3, 7.5],
			"to": [13, 12, 8.5],
			"faces": {
				"north": {"uv": [13, 4, 12, 13], "texture": "#particle"},
				"east": {"uv": [12, 4, 13, 13], "texture": "#particle"},
				"south": {"uv": [12, 4, 13, 13], "texture": "#particle"},
				"west": {"uv": [12, 4, 13, 13], "texture": "#particle"},
				"up": {"uv": [12, 4, 13, 5], "texture": "#particle"},
				"down": {"uv": [12, 12, 13, 13], "texture": "#particle"}
			}
		},
		{
			"name": "masters_bow_pulling_2_6",
			"from": [3, 2, 7.5],
			"to": [4, 11, 8.5],
			"faces": {
				"north": {"uv": [4, 5, 3, 14], "texture": "#particle"},
				"east": {"uv": [3, 5, 4, 14], "texture": "#particle"},
				"south": {"uv": [3, 5, 4, 14], "texture": "#particle"},
				"west": {"uv": [3, 5, 4, 14], "texture": "#particle"},
				"up": {"uv": [3, 5, 4, 6], "texture": "#particle"},
				"down": {"uv": [3, 13, 4, 14], "texture": "#particle"}
			}
		},
		{
			"name": "masters_bow_pulling_2_7",
			"from": [6, 10, 7.5],
			"to": [7, 11, 8.5],
			"faces": {
				"north": {"uv": [7, 5, 6, 6], "texture": "#particle"},
				"east": {"uv": [6, 5, 7, 6], "texture": "#particle"},
				"south": {"uv": [6, 5, 7, 6], "texture": "#particle"},
				"west": {"uv": [6, 5, 7, 6], "texture": "#particle"},
				"up": {"uv": [6, 5, 7, 6], "texture": "#particle"},
				"down": {"uv": [6, 5, 7, 6], "texture": "#particle"}
			}
		},
		{
			"name": "masters_bow_pulling_2_8",
			"from": [5, 9, 7.5],
			"to": [6, 10, 8.5],
			"faces": {
				"north": {"uv": [6, 6, 5, 7], "texture": "#particle"},
				"east": {"uv": [5, 6, 6, 7], "texture": "#particle"},
				"south": {"uv": [5, 6, 6, 7], "texture": "#particle"},
				"west": {"uv": [5, 6, 6, 7], "texture": "#particle"},
				"up": {"uv": [5, 6, 6, 7], "texture": "#particle"},
				"down": {"uv": [5, 6, 6, 7], "texture": "#particle"}
			}
		},
		{
			"name": "masters_bow_pulling_2_9",
			"from": [1, 0, 7.5],
			"to": [2, 9, 8.5],
			"faces": {
				"north": {"uv": [2, 7, 1, 16], "texture": "#particle"},
				"east": {"uv": [1, 7, 2, 16], "texture": "#particle"},
				"south": {"uv": [1, 7, 2, 16], "texture": "#particle"},
				"west": {"uv": [1, 7, 2, 16], "texture": "#particle"},
				"up": {"uv": [1, 7, 2, 8], "texture": "#particle"},
				"down": {"uv": [1, 15, 2, 16], "texture": "#particle"}
			}
		},
		{
			"name": "masters_bow_pulling_2_10",
			"from": [4, 7, 7.5],
			"to": [5, 9, 8.5],
			"faces": {
				"north": {"uv": [5, 7, 4, 9], "texture": "#particle"},
				"east": {"uv": [4, 7, 5, 9], "texture": "#particle"},
				"south": {"uv": [4, 7, 5, 9], "texture": "#particle"},
				"west": {"uv": [4, 7, 5, 9], "texture": "#particle"},
				"up": {"uv": [4, 7, 5, 8], "texture": "#particle"},
				"down": {"uv": [4, 8, 5, 9], "texture": "#particle"}
			}
		},
		{
			"name": "masters_bow_pulling_2_11",
			"from": [2, 2, 7.5],
			"to": [3, 8, 8.5],
			"faces": {
				"north": {"uv": [3, 8, 2, 14], "texture": "#particle"},
				"east": {"uv": [2, 8, 3, 14], "texture": "#particle"},
				"south": {"uv": [2, 8, 3, 14], "texture": "#particle"},
				"west": {"uv": [2, 8, 3, 14], "texture": "#particle"},
				"up": {"uv": [2, 8, 3, 9], "texture": "#particle"},
				"down": {"uv": [2, 13, 3, 14], "texture": "#particle"}
			}
		},
		{
			"name": "masters_bow_pulling_2_12",
			"from": [4, 3, 7.5],
			"to": [12, 4, 8.5],
			"faces": {
				"north": {"uv": [12, 12, 4, 13], "texture": "#particle"},
				"east": {"uv": [11, 12, 12, 13], "texture": "#particle"},
				"south": {"uv": [4, 12, 12, 13], "texture": "#particle"},
				"west": {"uv": [4, 12, 5, 13], "texture": "#particle"},
				"up": {"uv": [4, 12, 12, 13], "texture": "#particle"},
				"down": {"uv": [4, 12, 12, 13], "texture": "#particle"}
			}
		}
	],
	"gui_light": "front",
	"display": {
		"thirdperson_righthand": {
			"rotation": [-80, 260, -40],
			"translation": [-2, -2, 2.5],
			"scale": [0.9, 0.9, 0.9]
		},
		"thirdperson_lefthand": {
			"rotation": [-80, -280, 40],
			"translation": [-2, -2, 2.5],
			"scale": [0.9, 0.9, 0.9]
		},
		"firstperson_righthand": {
			"rotation": [0, -90, 25],
			"translation": [3.13, 3.2, 1.13],
			"scale": [0.68, 0.68, 0.68]
		},
		"firstperson_lefthand": {
			"rotation": [-67, -35, 53],
			"translation": [0, 1.25, 1.13],
			"scale": [0.68, 0.68, 0.68]
		},
		"gui": {
			"rotation": [10, -25, 2],
			"translation": [0.25, -0.17, 0]
		}
	}
}