{
	"credit": "Created by Mickey Joe Alpha - http://YouTube.com/@MushirMickeyJoe",
	"texture_size": [32, 32],
	"textures": {
		"1": "item/bow/arm_cannon_ring",
		"2": "item/bow/steampunk_arm_cannon_siphon",
		"3": "item/bow/steampunk_arm_cannon_arrow",
		"4": "item/bow/steampunk_arm_cannon_pulse",
		"particle": "item/bow/omega_arm_buster"
	},
	"elements": [
		{
			"from": [0, 2.15, -8.25],
			"to": [16, 2.15, 6.75],
			"light_emission": 15,
			"rotation": {"angle": 0, "axis": "z", "origin": [8, 2.15, -0.75]},
			"faces": {
				"up": {"uv": [0, 0, 16, 16], "rotation": 90, "texture": "#4"},
				"down": {"uv": [16, 0, 0, 16], "rotation": 90, "texture": "#4"}
			}
		},
		{
			"name": "arrow_5",
			"from": [7.5, 7.45, 0.35],
			"to": [8.5, 8.45, 2.35],
			"light_emission": 15,
			"rotation": {"angle": -45, "axis": "x", "origin": [0.5, 6.3, 9.75]},
			"faces": {
				"north": {"uv": [9, 7, 10, 8], "texture": "#3"},
				"east": {"uv": [8, 7, 10, 8], "texture": "#3"},
				"west": {"uv": [10, 7, 8, 8], "texture": "#3"},
				"up": {"uv": [8, 7, 10, 8], "rotation": 270, "texture": "#3"},
				"down": {"uv": [8, 7, 10, 8], "rotation": 90, "texture": "#3"}
			}
		},
		{
			"name": "arrow_4",
			"from": [7.5, 8.45, -2.65],
			"to": [8.5, 9.45, -1.65],
			"light_emission": 15,
			"rotation": {"angle": -45, "axis": "x", "origin": [0.5, 6.3, 9.75]},
			"faces": {
				"north": {"uv": [12, 6, 13, 7], "texture": "#3"},
				"east": {"uv": [12, 6, 13, 7], "texture": "#3"},
				"south": {"uv": [12, 6, 13, 7], "texture": "#3"},
				"west": {"uv": [13, 6, 12, 7], "texture": "#3"},
				"down": {"uv": [12, 6, 13, 7], "rotation": 90, "texture": "#3"}
			}
		},
		{
			"name": "arrow_3",
			"from": [7.5, 8.45, -0.65],
			"to": [8.5, 9.45, 1.35],
			"light_emission": 15,
			"rotation": {"angle": -45, "axis": "x", "origin": [0.5, 6.3, 9.75]},
			"faces": {
				"north": {"uv": [10, 6, 11, 7], "texture": "#3"},
				"east": {"uv": [9, 6, 11, 7], "texture": "#3"},
				"south": {"uv": [9, 6, 10, 7], "texture": "#3"},
				"west": {"uv": [11, 6, 9, 7], "texture": "#3"},
				"up": {"uv": [9, 6, 11, 7], "rotation": 270, "texture": "#3"},
				"down": {"uv": [9, 6, 11, 7], "rotation": 90, "texture": "#3"}
			}
		},
		{
			"name": "arrow_2",
			"from": [7.5, 9.45, -3.65],
			"to": [8.5, 11.45, -1.65],
			"light_emission": 15,
			"rotation": {"angle": -45, "axis": "x", "origin": [0.5, 6.3, 9.75]},
			"faces": {
				"north": {"uv": [13, 4, 14, 6], "texture": "#3"},
				"east": {"uv": [12, 4, 14, 6], "texture": "#3"},
				"west": {"uv": [14, 4, 12, 6], "texture": "#3"},
				"down": {"uv": [12, 5, 14, 6], "rotation": 90, "texture": "#3"}
			}
		},
		{
			"name": "arrow_1",
			"from": [7.5, 9.45, -1.65],
			"to": [8.5, 12.45, 0.35],
			"light_emission": 15,
			"rotation": {"angle": -45, "axis": "x", "origin": [0.5, 6.3, 9.75]},
			"faces": {
				"east": {"uv": [10, 3, 12, 6], "texture": "#3"},
				"south": {"uv": [10, 3, 11, 6], "texture": "#3"},
				"west": {"uv": [12, 3, 10, 6], "texture": "#3"},
				"up": {"uv": [10, 3, 12, 4], "rotation": 270, "texture": "#3"},
				"down": {"uv": [10, 5, 12, 6], "rotation": 90, "texture": "#3"}
			}
		},
		{
			"name": "arrow_0",
			"from": [7.5, 11.45, -4.65],
			"to": [8.5, 13.45, -1.65],
			"light_emission": 15,
			"rotation": {"angle": -45, "axis": "x", "origin": [0.5, 6.3, 9.75]},
			"faces": {
				"north": {"uv": [14, 2, 15, 4], "texture": "#3"},
				"east": {"uv": [12, 2, 15, 4], "texture": "#3"},
				"south": {"uv": [12, 2, 13, 4], "texture": "#3"},
				"west": {"uv": [15, 2, 12, 4], "texture": "#3"},
				"up": {"uv": [12, 2, 15, 3], "rotation": 270, "texture": "#3"},
				"down": {"uv": [12, 3, 15, 4], "rotation": 90, "texture": "#3"}
			}
		},
		{
			"from": [0.5, -5.25, 3],
			"to": [15.5, 9.75, 3],
			"light_emission": 15,
			"rotation": {"angle": 0, "axis": "y", "origin": [7.5, 2.75, 3]},
			"faces": {
				"north": {"uv": [0, 4, 3.75, 7.75], "rotation": 90, "texture": "#1"},
				"south": {"uv": [3.75, 4, 0, 7.75], "rotation": 270, "texture": "#1"}
			}
		},
		{
			"from": [5.5, 0, 3],
			"to": [10.5, 5, 11],
			"rotation": {"angle": 0, "axis": "y", "origin": [8, 3, 9.5]},
			"faces": {
				"north": {"uv": [7, 9.5, 9.5, 12], "texture": "#particle"},
				"east": {"uv": [13.5, 9.5, 9.5, 12], "texture": "#particle"},
				"south": {"uv": [13.5, 9.5, 16, 12], "texture": "#particle"},
				"west": {"uv": [9.5, 9.5, 13.5, 12], "texture": "#particle"},
				"up": {"uv": [13.5, 9.5, 11, 5.5], "texture": "#particle"},
				"down": {"uv": [16, 5.5, 13.5, 9.5], "texture": "#particle"}
			}
		},
		{
			"from": [0.5, -5.25, 3],
			"to": [15.5, 9.75, 3],
			"light_emission": 15,
			"rotation": {"angle": 0, "axis": "y", "origin": [7.5, 2.75, 3]},
			"faces": {
				"north": {"uv": [0, 0, 3.75, 3.75], "texture": "#1"},
				"south": {"uv": [3.75, 0, 0, 3.75], "texture": "#1"}
			}
		},
		{
			"from": [0.5, -5.25, 3],
			"to": [15.5, 9.75, 3],
			"light_emission": 15,
			"rotation": {"angle": 22.5, "axis": "z", "origin": [7.5, 2.75, 3]},
			"faces": {
				"north": {"uv": [4, 0, 7.75, 3.75], "texture": "#1"},
				"south": {"uv": [7.75, 0, 4, 3.75], "texture": "#1"}
			}
		},
		{
			"from": [0.5, -5.25, 3],
			"to": [15.5, 9.75, 3],
			"light_emission": 15,
			"rotation": {"angle": 45, "axis": "z", "origin": [7.5, 2.75, 3]},
			"faces": {
				"north": {"uv": [8, 0, 11.75, 3.75], "texture": "#1"},
				"south": {"uv": [11.75, 0, 8, 3.75], "texture": "#1"}
			}
		},
		{
			"from": [0.5, -5.25, 3],
			"to": [15.5, 9.75, 3],
			"light_emission": 15,
			"rotation": {"angle": -22.5, "axis": "z", "origin": [7.5, 2.75, 3]},
			"faces": {
				"north": {"uv": [12, 0, 15.75, 3.75], "rotation": 90, "texture": "#1"},
				"south": {"uv": [15.75, 0, 12, 3.75], "rotation": 270, "texture": "#1"}
			}
		},
		{
			"from": [0.5, -5.25, 3],
			"to": [15.5, 9.75, 3],
			"light_emission": 15,
			"rotation": {"angle": 22.5, "axis": "z", "origin": [7.5, 2.75, 3]},
			"faces": {
				"north": {"uv": [4, 4, 7.75, 7.75], "rotation": 90, "texture": "#1"},
				"south": {"uv": [7.75, 4, 4, 7.75], "rotation": 270, "texture": "#1"}
			}
		},
		{
			"from": [0.5, -5.25, 3],
			"to": [15.5, 9.75, 3],
			"light_emission": 15,
			"rotation": {"angle": 45, "axis": "z", "origin": [7.5, 2.75, 3]},
			"faces": {
				"north": {"uv": [8, 4, 11.75, 7.75], "rotation": 90, "texture": "#1"},
				"south": {"uv": [11.75, 4, 8, 7.75], "rotation": 270, "texture": "#1"}
			}
		},
		{
			"from": [0.5, -5.25, 3],
			"to": [15.5, 9.75, 3],
			"light_emission": 15,
			"rotation": {"angle": -22.5, "axis": "z", "origin": [7.5, 2.75, 3]},
			"faces": {
				"north": {"uv": [12, 4, 15.75, 7.75], "rotation": 180, "texture": "#1"},
				"south": {"uv": [15.75, 4, 12, 7.75], "rotation": 180, "texture": "#1"}
			}
		},
		{
			"from": [0.5, -5.25, 3],
			"to": [15.5, 9.75, 3],
			"light_emission": 15,
			"rotation": {"angle": 0, "axis": "y", "origin": [7.5, 2.75, 3]},
			"faces": {
				"north": {"uv": [0, 8, 3.75, 11.75], "rotation": 180, "texture": "#1"},
				"south": {"uv": [3.75, 8, 0, 11.75], "rotation": 180, "texture": "#1"}
			}
		},
		{
			"from": [0.5, -5.25, 3],
			"to": [15.5, 9.75, 3],
			"light_emission": 15,
			"rotation": {"angle": 22.5, "axis": "z", "origin": [7.5, 2.75, 3]},
			"faces": {
				"north": {"uv": [4, 8, 7.75, 11.75], "rotation": 180, "texture": "#1"},
				"south": {"uv": [7.75, 8, 4, 11.75], "rotation": 180, "texture": "#1"}
			}
		},
		{
			"from": [0.5, -5.25, 3],
			"to": [15.5, 9.75, 3],
			"light_emission": 15,
			"rotation": {"angle": 45, "axis": "z", "origin": [7.5, 2.75, 3]},
			"faces": {
				"north": {"uv": [8, 8, 11.75, 11.75], "rotation": 180, "texture": "#1"},
				"south": {"uv": [11.75, 8, 8, 11.75], "rotation": 180, "texture": "#1"}
			}
		},
		{
			"from": [0.5, -5.25, 3],
			"to": [15.5, 9.75, 3],
			"light_emission": 15,
			"rotation": {"angle": -22.5, "axis": "z", "origin": [7.5, 2.75, 3]},
			"faces": {
				"north": {"uv": [12, 8, 15.75, 11.75], "rotation": 270, "texture": "#1"},
				"south": {"uv": [15.75, 8, 12, 11.75], "rotation": 90, "texture": "#1"}
			}
		},
		{
			"from": [0.5, -5.25, 3],
			"to": [15.5, 9.75, 3],
			"light_emission": 15,
			"rotation": {"angle": 0, "axis": "y", "origin": [7.5, 2.75, 3]},
			"faces": {
				"north": {"uv": [0, 12, 3.75, 15.75], "rotation": 270, "texture": "#1"},
				"south": {"uv": [3.75, 12, 0, 15.75], "rotation": 90, "texture": "#1"}
			}
		},
		{
			"from": [0.5, -5.25, 3],
			"to": [15.5, 9.75, 3],
			"light_emission": 15,
			"rotation": {"angle": 22.5, "axis": "z", "origin": [7.5, 2.75, 3]},
			"faces": {
				"north": {"uv": [4, 12, 7.75, 15.75], "rotation": 270, "texture": "#1"},
				"south": {"uv": [7.75, 12, 4, 15.75], "rotation": 90, "texture": "#1"}
			}
		},
		{
			"from": [0.5, -5.25, 3],
			"to": [15.5, 9.75, 3],
			"light_emission": 15,
			"rotation": {"angle": 45, "axis": "z", "origin": [7.5, 2.75, 3]},
			"faces": {
				"north": {"uv": [8, 12, 11.75, 15.75], "rotation": 270, "texture": "#1"},
				"south": {"uv": [11.75, 12, 8, 15.75], "rotation": 90, "texture": "#1"}
			}
		},
		{
			"from": [0.5, -5.25, 3],
			"to": [15.5, 9.75, 3],
			"light_emission": 15,
			"rotation": {"angle": -22.5, "axis": "z", "origin": [7.5, 2.75, 3]},
			"faces": {
				"north": {"uv": [12, 12, 15.75, 15.75], "texture": "#1"},
				"south": {"uv": [15.75, 12, 12, 15.75], "texture": "#1"}
			}
		},
		{
			"from": [0.5, 1.25, -12],
			"to": [15.5, 1.25, 3],
			"light_emission": 15,
			"rotation": {"angle": -22.5, "axis": "x", "origin": [8, 1.25, 3]},
			"faces": {
				"up": {"uv": [15, 0, 0, 15], "texture": "#2"},
				"down": {"uv": [15, 15, 0, 0], "texture": "#2"}
			}
		},
		{
			"from": [0.5, 2.25, -12],
			"to": [15.5, 2.25, 3],
			"light_emission": 15,
			"rotation": {"angle": 22.5, "axis": "x", "origin": [8, 2.25, 3]},
			"faces": {
				"up": {"uv": [0, 0, 15, 15], "texture": "#2"},
				"down": {"uv": [0, 15, 15, 0], "texture": "#2"}
			}
		},
		{
			"from": [7.5, -5.75, -12],
			"to": [7.5, 9.25, 3],
			"light_emission": 15,
			"rotation": {"angle": 22.5, "axis": "y", "origin": [7.5, 1.75, 3]},
			"faces": {
				"east": {"uv": [15, 0, 0, 15], "rotation": 90, "texture": "#2"},
				"west": {"uv": [15, 15, 0, 0], "rotation": 90, "texture": "#2"}
			}
		},
		{
			"from": [8.5, -5.75, -12],
			"to": [8.5, 9.25, 3],
			"light_emission": 15,
			"rotation": {"angle": -22.5, "axis": "y", "origin": [7.5, 1.75, 3]},
			"faces": {
				"east": {"uv": [0, 0, 15, 15], "rotation": 90, "texture": "#2"},
				"west": {"uv": [0, 15, 15, 0], "rotation": 90, "texture": "#2"}
			}
		},
		{
			"from": [6.5, 0, 0],
			"to": [9.5, 1, 3],
			"rotation": {"angle": -45, "axis": "x", "origin": [8, 1, 3]},
			"faces": {
				"north": {"uv": [6, 5.5, 7.5, 6], "texture": "#particle"},
				"east": {"uv": [9, 5.5, 7.5, 6], "texture": "#particle"},
				"south": {"uv": [9, 5.5, 10.5, 6], "texture": "#particle"},
				"west": {"uv": [7.5, 5.5, 9, 6], "texture": "#particle"},
				"up": {"uv": [10.5, 5.5, 9, 4], "texture": "#particle"},
				"down": {"uv": [9, 4, 7.5, 5.5], "texture": "#particle"}
			}
		},
		{
			"from": [5.5, 3, 1.5],
			"to": [10.5, 6, 6.5],
			"rotation": {"angle": -45, "axis": "y", "origin": [8, 3, 4]},
			"faces": {
				"north": {"uv": [10, 2.5, 12.5, 4], "texture": "#particle"},
				"east": {"uv": [7.5, 2.5, 10, 4], "texture": "#particle"},
				"south": {"uv": [12.5, 2.5, 15, 4], "texture": "#particle"},
				"west": {"uv": [12.5, 2.5, 10, 4], "texture": "#particle"},
				"up": {"uv": [10, 2.5, 7.5, 0], "texture": "#particle"},
				"down": {"uv": [12.5, 0, 10, 2.5], "texture": "#particle"}
			}
		},
		{
			"from": [6.5, 2.6, -2.5],
			"to": [9.5, 5.6, 3.5],
			"rotation": {"angle": 22.5, "axis": "x", "origin": [8, 2.6, 3]},
			"faces": {
				"north": {"uv": [3, 7, 4.5, 8.5], "texture": "#particle"},
				"east": {"uv": [0, 7, 3, 8.5], "texture": "#particle"},
				"south": {"uv": [7.5, 7, 9, 8.5], "texture": "#particle"},
				"west": {"uv": [4.5, 7, 7.5, 8.5], "texture": "#particle"},
				"up": {"uv": [4.5, 7, 3, 4], "texture": "#particle"},
				"down": {"uv": [3, 4, 1.5, 7], "texture": "#particle"}
			}
		},
		{
			"from": [6.5, 4, 0.75],
			"to": [6.5, 8, 6.75],
			"rotation": {"angle": -22.5, "axis": "y", "origin": [6.5, 5, 0.75]},
			"faces": {
				"east": {"uv": [0, 14, 3, 16], "texture": "#particle"},
				"west": {"uv": [3, 14, 0, 16], "texture": "#particle"}
			}
		},
		{
			"from": [9.5, 4, 0.75],
			"to": [9.5, 8, 6.75],
			"rotation": {"angle": 22.5, "axis": "y", "origin": [9.5, 5, 0.75]},
			"faces": {
				"east": {"uv": [0, 14, 3, 16], "texture": "#particle"},
				"west": {"uv": [3, 14, 0, 16], "texture": "#particle"}
			}
		},
		{
			"from": [9.5, 1.6, -2.5],
			"to": [9.5, 2.6, 0.5],
			"rotation": {"angle": 22.5, "axis": "x", "origin": [8, 2.6, 3]},
			"faces": {
				"east": {"uv": [1, 4, 0, 4.5], "texture": "#particle"},
				"west": {"uv": [0, 4, 1.5, 4.5], "texture": "#particle"}
			}
		},
		{
			"from": [6.5, 1.6, -2.5],
			"to": [6.5, 2.6, 0.5],
			"rotation": {"angle": 22.5, "axis": "x", "origin": [8, 2.6, 3]},
			"faces": {
				"east": {"uv": [1.5, 4, 0, 4.5], "texture": "#particle"},
				"west": {"uv": [0, 4, 1.5, 4.5], "texture": "#particle"}
			}
		},
		{
			"from": [4.49, 4.74, 4.59],
			"to": [4.51, 9.76, 9.61],
			"rotation": {"angle": 45, "axis": "x", "origin": [8, 2.8, 5.675]},
			"faces": {
				"east": {"uv": [7, 13.5, 4.5, 16], "texture": "#particle"},
				"west": {"uv": [4.5, 13.5, 7, 16], "texture": "#particle"}
			}
		},
		{
			"from": [11.49, 4.74, 4.59],
			"to": [11.51, 9.76, 9.61],
			"rotation": {"angle": 45, "axis": "x", "origin": [15, 2.8, 5.675]},
			"faces": {
				"east": {"uv": [7, 13.5, 4.5, 16], "texture": "#particle"},
				"west": {"uv": [4.5, 13.5, 7, 16], "texture": "#particle"}
			}
		},
		{
			"from": [4.49, 0.74, 4.59],
			"to": [5.51, 4.76, 8.61],
			"rotation": {"angle": 45, "axis": "x", "origin": [8, 2.8, 5.675]},
			"faces": {
				"north": {"uv": [14, 12, 14.5, 14], "texture": "#particle"},
				"east": {"uv": [14, 12, 16, 14], "texture": "#particle"},
				"south": {"uv": [15.5, 12, 16, 14], "texture": "#particle"},
				"west": {"uv": [14, 12, 16, 14], "texture": "#particle"},
				"up": {"uv": [14, 12.5, 16, 12], "rotation": 90, "texture": "#particle"},
				"down": {"uv": [16, 14, 14, 13.5], "rotation": 90, "texture": "#particle"}
			}
		},
		{
			"from": [10.49, 0.74, 4.59],
			"to": [11.51, 4.76, 8.61],
			"rotation": {"angle": 45, "axis": "x", "origin": [8, 2.8, 5.675]},
			"faces": {
				"north": {"uv": [14.5, 12, 14, 14], "texture": "#particle"},
				"east": {"uv": [16, 12, 14, 14], "texture": "#particle"},
				"south": {"uv": [16, 12, 15.5, 14], "texture": "#particle"},
				"west": {"uv": [16, 12, 14, 14], "texture": "#particle"},
				"up": {"uv": [14, 12, 16, 12.5], "rotation": 90, "texture": "#particle"},
				"down": {"uv": [16, 13.5, 14, 14], "rotation": 90, "texture": "#particle"}
			}
		}
	],
	"gui_light": "front",
	"display": {
		"thirdperson_righthand": {
			"translation": [0, 3.5, 4.75]
		},
		"thirdperson_lefthand": {
			"translation": [0, 3.5, 4.75]
		},
		"firstperson_righthand": {
			"rotation": [15, 0, 8],
			"translation": [4.63, 5.25, 0.5],
			"scale": [0.68, 0.68, 0.68]
		},
		"firstperson_lefthand": {
			"rotation": [15, 0, 8],
			"translation": [4.63, 5.25, 0.5],
			"scale": [0.68, 0.68, 0.68]
		},
		"ground": {
			"translation": [0, 5.75, 0],
			"scale": [0.75, 0.75, 0.75]
		},
		"gui": {
			"rotation": [105.55, 38.13, -131.38],
			"translation": [5.25, 0.75, 0],
			"scale": [1.14727, 1.14727, 1.14727]
		},
		"head": {
			"translation": [0, 1.5, -6.5]
		},
		"fixed": {
			"rotation": [90, -45, 90],
			"translation": [-6, 2.75, -1.75]
		}
	}
}