{
	"credit": "Created by Mickey Joe Alpha - http://YouTube.com/@MushirMickeyJoe",
	"texture_size": [32, 32],
	"textures": {
		"particle": "item/bow/omega_arm_buster"
	},
	"elements": [
		{
			"from": [4.49, 0.74, 4.59],
			"to": [5.51, 4.76, 8.61],
			"rotation": {"angle": 45, "axis": "x", "origin": [8, 2.8, 5.675]},
			"faces": {
				"north": {"uv": [14, 12, 14.5, 14], "texture": "#particle"},
				"east": {"uv": [14, 12, 16, 14], "texture": "#particle"},
				"south": {"uv": [15.5, 12, 16, 14], "texture": "#particle"},
				"west": {"uv": [14, 12, 16, 14], "texture": "#particle"},
				"up": {"uv": [14, 12.5, 16, 12], "rotation": 90, "texture": "#particle"},
				"down": {"uv": [16, 14, 14, 13.5], "rotation": 90, "texture": "#particle"}
			}
		},
		{
			"from": [10.49, 0.74, 4.59],
			"to": [11.51, 4.76, 8.61],
			"rotation": {"angle": 45, "axis": "x", "origin": [8, 2.8, 5.675]},
			"faces": {
				"north": {"uv": [14.5, 12, 14, 14], "texture": "#particle"},
				"east": {"uv": [16, 12, 14, 14], "texture": "#particle"},
				"south": {"uv": [16, 12, 15.5, 14], "texture": "#particle"},
				"west": {"uv": [16, 12, 14, 14], "texture": "#particle"},
				"up": {"uv": [14, 12, 16, 12.5], "rotation": 90, "texture": "#particle"},
				"down": {"uv": [16, 13.5, 14, 14], "rotation": 90, "texture": "#particle"}
			}
		},
		{
			"from": [4.49, 4.74, 4.59],
			"to": [4.51, 9.76, 9.61],
			"rotation": {"angle": 45, "axis": "x", "origin": [8, 2.8, 5.675]},
			"faces": {
				"east": {"uv": [7, 13.5, 4.5, 16], "texture": "#particle"},
				"west": {"uv": [4.5, 13.5, 7, 16], "texture": "#particle"}
			}
		},
		{
			"from": [11.49, 4.74, 4.59],
			"to": [11.51, 9.76, 9.61],
			"rotation": {"angle": 45, "axis": "x", "origin": [15, 2.8, 5.675]},
			"faces": {
				"east": {"uv": [7, 13.5, 4.5, 16], "texture": "#particle"},
				"west": {"uv": [4.5, 13.5, 7, 16], "texture": "#particle"}
			}
		},
		{
			"from": [5.5, 3, 1.5],
			"to": [10.5, 6, 6.5],
			"rotation": {"angle": -45, "axis": "y", "origin": [8, 3, 4]},
			"faces": {
				"north": {"uv": [2.5, 2.5, 5, 4], "texture": "#particle"},
				"east": {"uv": [0, 2.5, 2.5, 4], "texture": "#particle"},
				"south": {"uv": [5, 2.5, 7.5, 4], "texture": "#particle"},
				"west": {"uv": [5, 2.5, 2.5, 4], "texture": "#particle"},
				"up": {"uv": [2.5, 2.5, 0, 0], "texture": "#particle"},
				"down": {"uv": [5, 0, 2.5, 2.5], "texture": "#particle"}
			}
		},
		{
			"from": [5.5, 0, 3],
			"to": [10.5, 5, 11],
			"rotation": {"angle": 0, "axis": "y", "origin": [8, 3, 9.5]},
			"faces": {
				"north": {"uv": [7, 9.5, 9.5, 12], "texture": "#particle"},
				"east": {"uv": [13.5, 9.5, 9.5, 12], "texture": "#particle"},
				"south": {"uv": [13.5, 9.5, 16, 12], "texture": "#particle"},
				"west": {"uv": [9.5, 9.5, 13.5, 12], "texture": "#particle"},
				"up": {"uv": [13.5, 9.5, 11, 5.5], "texture": "#particle"},
				"down": {"uv": [16, 5.5, 13.5, 9.5], "texture": "#particle"}
			}
		},
		{
			"from": [6.5, 2.5, -1],
			"to": [9.5, 5.5, 5],
			"rotation": {"angle": -22.5, "axis": "x", "origin": [8, 3.5, 1]},
			"faces": {
				"north": {"uv": [3, 7, 4.5, 8.5], "texture": "#particle"},
				"east": {"uv": [0, 7, 3, 8.5], "texture": "#particle"},
				"south": {"uv": [7.5, 7, 9, 8.5], "texture": "#particle"},
				"west": {"uv": [4.5, 7, 7.5, 8.5], "texture": "#particle"},
				"up": {"uv": [4.5, 7, 3, 4], "texture": "#particle"},
				"down": {"uv": [6, 4, 4.5, 7], "texture": "#particle"}
			}
		},
		{
			"from": [6.5, 1.61418, -0.42597],
			"to": [6.5, 2.61418, 2.57403],
			"rotation": {"angle": -22.5, "axis": "x", "origin": [8, 2.11418, 1.57403]},
			"faces": {
				"east": {"uv": [1.5, 4, 0, 4.5], "texture": "#particle"},
				"west": {"uv": [0, 4, 1.5, 4.5], "texture": "#particle"}
			}
		},
		{
			"from": [9.5, 1.61418, -0.42597],
			"to": [9.5, 2.61418, 2.57403],
			"rotation": {"angle": -22.5, "axis": "x", "origin": [11, 2.11418, 1.57403]},
			"faces": {
				"east": {"uv": [1.5, 4, 0, 4.5], "texture": "#particle"},
				"west": {"uv": [0, 4, 1.5, 4.5], "texture": "#particle"}
			}
		},
		{
			"from": [6.5, 4, 0.75],
			"to": [6.5, 8, 6.75],
			"rotation": {"angle": -22.5, "axis": "y", "origin": [6.5, 5, 0.75]},
			"faces": {
				"east": {"uv": [0, 14, 3, 16], "texture": "#particle"},
				"west": {"uv": [3, 14, 0, 16], "texture": "#particle"}
			}
		},
		{
			"from": [9.5, 4, 0.75],
			"to": [9.5, 8, 6.75],
			"rotation": {"angle": 22.5, "axis": "y", "origin": [9.5, 5, 0.75]},
			"faces": {
				"east": {"uv": [0, 14, 3, 16], "texture": "#particle"},
				"west": {"uv": [3, 14, 0, 16], "texture": "#particle"}
			}
		},
		{
			"from": [6.5, 0, 0],
			"to": [9.5, 1, 3],
			"rotation": {"angle": 0, "axis": "y", "origin": [6.5, 0, -1]},
			"faces": {
				"north": {"uv": [6, 5.5, 7.5, 6], "texture": "#particle"},
				"east": {"uv": [9, 5.5, 7.5, 6], "texture": "#particle"},
				"south": {"uv": [9, 5.5, 10.5, 6], "texture": "#particle"},
				"west": {"uv": [7.5, 5.5, 9, 6], "texture": "#particle"},
				"up": {"uv": [7.5, 5.5, 6, 4], "texture": "#particle"},
				"down": {"uv": [9, 4, 7.5, 5.5], "texture": "#particle"}
			}
		}
	],
	"gui_light": "front",
	"display": {
		"thirdperson_righthand": {
			"translation": [0, 3.5, 4.75]
		},
		"thirdperson_lefthand": {
			"translation": [0, 3.5, 4.75]
		},
		"firstperson_righthand": {
			"rotation": [-8, 36, -4],
			"translation": [2.25, 6.25, 1.25],
			"scale": [0.68, 0.68, 0.68]
		},
		"firstperson_lefthand": {
			"rotation": [-8, 36, -4],
			"translation": [2.25, 6.25, 1.25],
			"scale": [0.68, 0.68, 0.68]
		},
		"ground": {
			"translation": [0, 5.75, 2.5],
			"scale": [0.75, 0.75, 0.75]
		},
		"gui": {
			"rotation": [105.55, 38.13, -131.38],
			"translation": [5.25, 0.75, 0],
			"scale": [1.14727, 1.14727, 1.14727]
		},
		"head": {
			"translation": [0, 1.5, -6.5]
		},
		"fixed": {
			"rotation": [90, -45, 90],
			"translation": [-6, 2.75, -1.75]
		}
	}
}