{
	"credit": "Created by Mickey Joe Alpha - http://YouTube.com/@MushirMickeyJoe",
	"textures": {
		"arrow": "item/arrow",
		"particle": "item/bow/petra_bow_power"
	},
	"elements": [
		{
			"name": "petra_bow_power_0",
			"from": [5, 18, 7.5],
			"to": [8, 21, 8.5],
			"rotation": {"angle": 0, "axis": "y", "origin": [-7, -1, -8]},
			"faces": {
				"north": {"uv": [6.5, 0, 5, 1.5], "texture": "#particle"},
				"east": {"uv": [6, 0, 6.5, 1.5], "texture": "#particle"},
				"south": {"uv": [5, 0, 6.5, 1.5], "texture": "#particle"},
				"west": {"uv": [5, 0, 5.5, 1.5], "texture": "#particle"},
				"up": {"uv": [5, 0, 6.5, 0.5], "texture": "#particle"},
				"down": {"uv": [5, 1, 6.5, 1.5], "texture": "#particle"}
			}
		},
		{
			"name": "petra_bow_power_1",
			"from": [-1, 19, 7.5],
			"to": [2, 20, 8.5],
			"rotation": {"angle": 0, "axis": "y", "origin": [-7, -1, -8]},
			"faces": {
				"north": {"uv": [3.5, 0.5, 2, 1], "texture": "#particle"},
				"east": {"uv": [3, 0.5, 3.5, 1], "texture": "#particle"},
				"south": {"uv": [2, 0.5, 3.5, 1], "texture": "#particle"},
				"west": {"uv": [2, 0.5, 2.5, 1], "texture": "#particle"},
				"up": {"uv": [2, 0.5, 3.5, 1], "texture": "#particle"},
				"down": {"uv": [2, 0.5, 3.5, 1], "texture": "#particle"}
			}
		},
		{
			"name": "petra_bow_power_2",
			"from": [0, 18, 7.5],
			"to": [3, 19, 8.5],
			"rotation": {"angle": 0, "axis": "y", "origin": [-7, -1, -8]},
			"faces": {
				"north": {"uv": [4, 1, 2.5, 1.5], "texture": "#particle"},
				"east": {"uv": [3.5, 1, 4, 1.5], "texture": "#particle"},
				"south": {"uv": [2.5, 1, 4, 1.5], "texture": "#particle"},
				"west": {"uv": [2.5, 1, 3, 1.5], "texture": "#particle"},
				"up": {"uv": [2.5, 1, 4, 1.5], "texture": "#particle"},
				"down": {"uv": [2.5, 1, 4, 1.5], "texture": "#particle"}
			}
		},
		{
			"name": "petra_bow_power_3",
			"from": [1, 17, 7.5],
			"to": [4, 18, 8.5],
			"rotation": {"angle": 0, "axis": "y", "origin": [-7, -1, -8]},
			"faces": {
				"north": {"uv": [4.5, 1.5, 3, 2], "texture": "#particle"},
				"east": {"uv": [4, 1.5, 4.5, 2], "texture": "#particle"},
				"south": {"uv": [3, 1.5, 4.5, 2], "texture": "#particle"},
				"west": {"uv": [3, 1.5, 3.5, 2], "texture": "#particle"},
				"up": {"uv": [3, 1.5, 4.5, 2], "texture": "#particle"},
				"down": {"uv": [3, 1.5, 4.5, 2], "texture": "#particle"}
			}
		},
		{
			"name": "petra_bow_power_4",
			"from": [7, 12, 7.5],
			"to": [8, 18, 8.5],
			"rotation": {"angle": 0, "axis": "y", "origin": [-7, -1, -8]},
			"faces": {
				"north": {"uv": [6.5, 1.5, 6, 4.5], "texture": "#particle"},
				"east": {"uv": [6, 1.5, 6.5, 4.5], "texture": "#particle"},
				"south": {"uv": [6, 1.5, 6.5, 4.5], "texture": "#particle"},
				"west": {"uv": [6, 1.5, 6.5, 4.5], "texture": "#particle"},
				"down": {"uv": [6, 4, 6.5, 4.5], "texture": "#particle"}
			}
		},
		{
			"name": "petra_bow_power_5",
			"from": [-4, 14, 7.5],
			"to": [-3, 17, 8.5],
			"rotation": {"angle": 0, "axis": "y", "origin": [-7, -1, -8]},
			"faces": {
				"north": {"uv": [1, 2, 0.5, 3.5], "texture": "#particle"},
				"east": {"uv": [0.5, 2, 1, 3.5], "texture": "#particle"},
				"south": {"uv": [0.5, 2, 1, 3.5], "texture": "#particle"},
				"west": {"uv": [0.5, 2, 1, 3.5], "texture": "#particle"},
				"up": {"uv": [0.5, 2, 1, 2.5], "texture": "#particle"},
				"down": {"uv": [0.5, 3, 1, 3.5], "texture": "#particle"}
			}
		},
		{
			"name": "petra_bow_power_6",
			"from": [2, 16, 7.5],
			"to": [5, 17, 8.5],
			"rotation": {"angle": 0, "axis": "y", "origin": [-7, -1, -8]},
			"faces": {
				"north": {"uv": [5, 2, 3.5, 2.5], "texture": "#particle"},
				"east": {"uv": [4.5, 2, 5, 2.5], "texture": "#particle"},
				"south": {"uv": [3.5, 2, 5, 2.5], "texture": "#particle"},
				"west": {"uv": [3.5, 2, 4, 2.5], "texture": "#particle"},
				"up": {"uv": [3.5, 2, 5, 2.5], "texture": "#particle"},
				"down": {"uv": [3.5, 2, 5, 2.5], "texture": "#particle"}
			}
		},
		{
			"name": "petra_bow_power_7",
			"from": [8, 13, 7.5],
			"to": [9, 17, 8.5],
			"rotation": {"angle": 0, "axis": "y", "origin": [-7, -1, -8]},
			"faces": {
				"north": {"uv": [7, 2, 6.5, 4], "texture": "#particle"},
				"east": {"uv": [6.5, 2, 7, 4], "texture": "#particle"},
				"south": {"uv": [6.5, 2, 7, 4], "texture": "#particle"},
				"up": {"uv": [6.5, 2, 7, 2.5], "texture": "#particle"},
				"down": {"uv": [6.5, 3.5, 7, 4], "texture": "#particle"}
			}
		},
		{
			"name": "petra_bow_power_9",
			"from": [3, 15, 7.5],
			"to": [7, 16, 8.5],
			"rotation": {"angle": 0, "axis": "y", "origin": [-7, -1, -8]},
			"faces": {
				"north": {"uv": [6, 2.5, 4, 3], "texture": "#particle"},
				"south": {"uv": [4, 2.5, 6, 3], "texture": "#particle"},
				"west": {"uv": [4, 2.5, 4.5, 3], "texture": "#particle"},
				"up": {"uv": [4, 2.5, 6, 3], "texture": "#particle"},
				"down": {"uv": [4, 2.5, 6, 3], "texture": "#particle"}
			}
		},
		{
			"name": "petra_bow_power_10",
			"from": [9, 14, 7.5],
			"to": [14, 16, 8.5],
			"rotation": {"angle": 0, "axis": "y", "origin": [-7, -1, -8]},
			"faces": {
				"north": {"uv": [9.5, 2.5, 7, 3.5], "texture": "#particle"},
				"east": {"uv": [9, 2.5, 9.5, 3.5], "texture": "#particle"},
				"south": {"uv": [7, 2.5, 9.5, 3.5], "texture": "#particle"},
				"up": {"uv": [7, 2.5, 9.5, 3], "texture": "#particle"},
				"down": {"uv": [7, 3, 9.5, 3.5], "texture": "#particle"}
			}
		},
		{
			"name": "petra_bow_power_11",
			"from": [-2, 12, 7.5],
			"to": [-1, 15, 8.5],
			"rotation": {"angle": 0, "axis": "y", "origin": [-7, -1, -8]},
			"faces": {
				"north": {"uv": [2, 3, 1.5, 4.5], "texture": "#particle"},
				"east": {"uv": [1.5, 3, 2, 4.5], "texture": "#particle"},
				"south": {"uv": [1.5, 3, 2, 4.5], "texture": "#particle"},
				"west": {"uv": [1.5, 3, 2, 4.5], "texture": "#particle"},
				"up": {"uv": [1.5, 3, 2, 3.5], "texture": "#particle"},
				"down": {"uv": [1.5, 4, 2, 4.5], "texture": "#particle"}
			}
		},
		{
			"name": "petra_bow_power_12",
			"from": [4, 9, 7.5],
			"to": [7, 15, 8.5],
			"rotation": {"angle": 0, "axis": "y", "origin": [-7, -1, -8]},
			"faces": {
				"north": {"uv": [6, 3, 4.5, 6], "texture": "#particle"},
				"east": {"uv": [5.5, 3, 6, 6], "texture": "#particle"},
				"south": {"uv": [4.5, 3, 6, 6], "texture": "#particle"},
				"west": {"uv": [4.5, 3, 5, 6], "texture": "#particle"},
				"down": {"uv": [4.5, 5.5, 6, 6], "texture": "#particle"}
			}
		},
		{
			"name": "petra_bow_power_13",
			"from": [14, 13, 7.5],
			"to": [15, 15, 8.5],
			"rotation": {"angle": 0, "axis": "y", "origin": [-7, -1, -8]},
			"faces": {
				"north": {"uv": [10, 3, 9.5, 4], "texture": "#particle"},
				"east": {"uv": [9.5, 3, 10, 4], "texture": "#particle"},
				"south": {"uv": [9.5, 3, 10, 4], "texture": "#particle"},
				"up": {"uv": [9.5, 3, 10, 3.5], "texture": "#particle"},
				"down": {"uv": [9.5, 3.5, 10, 4], "texture": "#particle"}
			}
		},
		{
			"name": "petra_bow_power_14",
			"from": [-1, 11, 7.5],
			"to": [0, 14, 8.5],
			"rotation": {"angle": 0, "axis": "y", "origin": [-7, -1, -8]},
			"faces": {
				"north": {"uv": [2.5, 3.5, 2, 5], "texture": "#particle"},
				"east": {"uv": [2, 3.5, 2.5, 5], "texture": "#particle"},
				"south": {"uv": [2, 3.5, 2.5, 5], "texture": "#particle"},
				"west": {"uv": [2, 3.5, 2.5, 5], "texture": "#particle"},
				"up": {"uv": [2, 3.5, 2.5, 4], "texture": "#particle"},
				"down": {"uv": [2, 4.5, 2.5, 5], "texture": "#particle"}
			}
		},
		{
			"name": "petra_bow_power_15",
			"from": [2, 8, 7.5],
			"to": [4, 14, 8.5],
			"rotation": {"angle": 0, "axis": "y", "origin": [-7, -1, -8]},
			"faces": {
				"north": {"uv": [4.5, 3.5, 3.5, 6.5], "texture": "#particle"},
				"east": {"uv": [4, 3.5, 4.5, 6.5], "texture": "#particle"},
				"south": {"uv": [3.5, 3.5, 4.5, 6.5], "texture": "#particle"},
				"west": {"uv": [3.5, 3.5, 4, 6.5], "texture": "#particle"},
				"up": {"uv": [3.5, 3.5, 4.5, 4], "texture": "#particle"},
				"down": {"uv": [3.5, 6, 4.5, 6.5], "texture": "#particle"}
			}
		},
		{
			"name": "petra_bow_power_16",
			"from": [9, 13, 7.5],
			"to": [10, 14, 8.5],
			"rotation": {"angle": 0, "axis": "y", "origin": [-7, -1, -8]},
			"faces": {
				"north": {"uv": [7.5, 3.5, 7, 4], "texture": "#particle"},
				"east": {"uv": [7, 3.5, 7.5, 4], "texture": "#particle"},
				"south": {"uv": [7, 3.5, 7.5, 4], "texture": "#particle"},
				"down": {"uv": [7, 3.5, 7.5, 4], "texture": "#particle"}
			}
		},
		{
			"name": "petra_bow_power_17",
			"from": [12, 13, 7.5],
			"to": [14, 14, 8.5],
			"rotation": {"angle": 0, "axis": "y", "origin": [-7, -1, -8]},
			"faces": {
				"north": {"uv": [9.5, 3.5, 8.5, 4], "texture": "#particle"},
				"south": {"uv": [8.5, 3.5, 9.5, 4], "texture": "#particle"},
				"west": {"uv": [8.5, 3.5, 9, 4], "texture": "#particle"},
				"down": {"uv": [8.5, 3.5, 9.5, 4], "texture": "#particle"}
			}
		},
		{
			"name": "petra_bow_power_18",
			"from": [15, 11, 7.5],
			"to": [18, 14, 8.5],
			"rotation": {"angle": 0, "axis": "y", "origin": [-7, -1, -8]},
			"faces": {
				"north": {"uv": [11.5, 3.5, 10, 5], "texture": "#particle"},
				"east": {"uv": [11, 3.5, 11.5, 5], "texture": "#particle"},
				"south": {"uv": [10, 3.5, 11.5, 5], "texture": "#particle"},
				"west": {"uv": [10, 3.5, 10.5, 5], "texture": "#particle"},
				"up": {"uv": [10, 3.5, 11.5, 4], "texture": "#particle"},
				"down": {"uv": [10, 4.5, 11.5, 5], "texture": "#particle"}
			}
		},
		{
			"name": "petra_bow_power_19",
			"from": [0, 2, 7.5],
			"to": [1, 13, 8.5],
			"rotation": {"angle": 0, "axis": "y", "origin": [-7, -1, -8]},
			"faces": {
				"north": {"uv": [3, 4, 2.5, 9.5], "texture": "#particle"},
				"east": {"uv": [2.5, 4, 3, 9.5], "texture": "#particle"},
				"south": {"uv": [2.5, 4, 3, 9.5], "texture": "#particle"},
				"west": {"uv": [2.5, 4, 3, 9.5], "texture": "#particle"},
				"up": {"uv": [2.5, 4, 3, 4.5], "texture": "#particle"},
				"down": {"uv": [2.5, 9, 3, 9.5], "texture": "#particle"}
			}
		},
		{
			"name": "petra_bow_power_20",
			"from": [18, 11, 7.5],
			"to": [19, 13, 8.5],
			"rotation": {"angle": 0, "axis": "y", "origin": [-7, -1, -8]},
			"faces": {
				"north": {"uv": [12, 4, 11.5, 5], "texture": "#particle"},
				"east": {"uv": [11.5, 4, 12, 5], "texture": "#particle"},
				"south": {"uv": [11.5, 4, 12, 5], "texture": "#particle"},
				"up": {"uv": [11.5, 4, 12, 4.5], "texture": "#particle"},
				"down": {"uv": [11.5, 4.5, 12, 5], "texture": "#particle"}
			}
		},
		{
			"name": "petra_bow_power_21",
			"from": [1, 1, 7.5],
			"to": [2, 12, 8.5],
			"rotation": {"angle": 0, "axis": "y", "origin": [-7, -1, -8]},
			"faces": {
				"north": {"uv": [3.5, 4.5, 3, 10], "texture": "#particle"},
				"east": {"uv": [3, 4.5, 3.5, 10], "texture": "#particle"},
				"south": {"uv": [3, 4.5, 3.5, 10], "texture": "#particle"},
				"west": {"uv": [3, 4.5, 3.5, 10], "texture": "#particle"},
				"up": {"uv": [3, 4.5, 3.5, 5], "texture": "#particle"},
				"down": {"uv": [3, 9.5, 3.5, 10], "texture": "#particle"}
			}
		},
		{
			"name": "petra_bow_power_22",
			"from": [-5, 8, 7.5],
			"to": [-2, 11, 8.5],
			"rotation": {"angle": 0, "axis": "y", "origin": [-7, -1, -8]},
			"faces": {
				"north": {"uv": [1.5, 5, 0, 6.5], "texture": "#particle"},
				"east": {"uv": [1, 5, 1.5, 6.5], "texture": "#particle"},
				"south": {"uv": [0, 5, 1.5, 6.5], "texture": "#particle"},
				"west": {"uv": [0, 5, 0.5, 6.5], "texture": "#particle"},
				"up": {"uv": [0, 5, 1.5, 5.5], "texture": "#particle"},
				"down": {"uv": [0, 6, 1.5, 6.5], "texture": "#particle"}
			}
		},
		{
			"name": "petra_bow_power_23",
			"from": [16, 10, 7.5],
			"to": [18, 11, 8.5],
			"rotation": {"angle": 0, "axis": "y", "origin": [-7, -1, -8]},
			"faces": {
				"north": {"uv": [11.5, 5, 10.5, 5.5], "texture": "#particle"},
				"east": {"uv": [11, 5, 11.5, 5.5], "texture": "#particle"},
				"south": {"uv": [10.5, 5, 11.5, 5.5], "texture": "#particle"},
				"west": {"uv": [10.5, 5, 11, 5.5], "texture": "#particle"},
				"down": {"uv": [10.5, 5, 11.5, 5.5], "texture": "#particle"}
			}
		},
		{
			"name": "petra_bow_power_24",
			"from": [7, 7, 7.5],
			"to": [8, 10, 8.5],
			"rotation": {"angle": 0, "axis": "y", "origin": [-7, -1, -8]},
			"faces": {
				"north": {"uv": [6.5, 5.5, 6, 7], "texture": "#particle"},
				"east": {"uv": [6, 5.5, 6.5, 7], "texture": "#particle"},
				"south": {"uv": [6, 5.5, 6.5, 7], "texture": "#particle"},
				"west": {"uv": [6, 5.5, 6.5, 7], "texture": "#particle"},
				"up": {"uv": [6, 5.5, 6.5, 6], "texture": "#particle"},
				"down": {"uv": [6, 6.5, 6.5, 7], "texture": "#particle"}
			}
		},
		{
			"name": "petra_bow_power_26",
			"from": [-2, 8, 7.5],
			"to": [0, 9, 8.5],
			"rotation": {"angle": 0, "axis": "y", "origin": [-7, -1, -8]},
			"faces": {
				"north": {"uv": [2.5, 6, 1.5, 6.5], "texture": "#particle"},
				"south": {"uv": [1.5, 6, 2.5, 6.5], "texture": "#particle"},
				"up": {"uv": [1.5, 6, 2.5, 6.5], "texture": "#particle"},
				"down": {"uv": [1.5, 6, 2.5, 6.5], "texture": "#particle"}
			}
		},
		{
			"name": "petra_bow_power_27",
			"from": [6, 8, 7.5],
			"to": [7, 9, 8.5],
			"rotation": {"angle": 0, "axis": "y", "origin": [-7, -1, -8]},
			"faces": {
				"north": {"uv": [6, 6, 5.5, 6.5], "texture": "#particle"},
				"south": {"uv": [5.5, 6, 6, 6.5], "texture": "#particle"},
				"west": {"uv": [5.5, 6, 6, 6.5], "texture": "#particle"},
				"down": {"uv": [5.5, 6, 6, 6.5], "texture": "#particle"}
			}
		},
		{
			"name": "petra_bow_power_28",
			"from": [8, 6, 7.5],
			"to": [9, 9, 8.5],
			"rotation": {"angle": 0, "axis": "y", "origin": [-7, -1, -8]},
			"faces": {
				"north": {"uv": [7, 6, 6.5, 7.5], "texture": "#particle"},
				"east": {"uv": [6.5, 6, 7, 7.5], "texture": "#particle"},
				"west": {"uv": [6.5, 6, 7, 7.5], "texture": "#particle"},
				"up": {"uv": [6.5, 6, 7, 6.5], "texture": "#particle"},
				"down": {"uv": [6.5, 7, 7, 7.5], "texture": "#particle"}
			}
		},
		{
			"name": "petra_bow_power_31",
			"from": [-1, 7, 7.5],
			"to": [0, 8, 8.5],
			"rotation": {"angle": 0, "axis": "y", "origin": [-7, -1, -8]},
			"faces": {
				"north": {"uv": [2.5, 6.5, 2, 7], "texture": "#particle"},
				"south": {"uv": [2, 6.5, 2.5, 7], "texture": "#particle"},
				"west": {"uv": [2, 6.5, 2.5, 7], "texture": "#particle"},
				"down": {"uv": [2, 6.5, 2.5, 7], "texture": "#particle"}
			}
		},
		{
			"name": "petra_bow_power_32",
			"from": [2, 6, 7.5],
			"to": [3, 8, 8.5],
			"rotation": {"angle": 0, "axis": "y", "origin": [-7, -1, -8]},
			"faces": {
				"north": {"uv": [4, 6.5, 3.5, 7.5], "texture": "#particle"},
				"east": {"uv": [3.5, 6.5, 4, 7.5], "texture": "#particle"},
				"south": {"uv": [3.5, 6.5, 4, 7.5], "texture": "#particle"},
				"down": {"uv": [3.5, 7, 4, 7.5], "texture": "#particle"}
			}
		},
		{
			"name": "petra_bow_power_33",
			"from": [9, 6, 7.5],
			"to": [10, 8, 8.5],
			"rotation": {"angle": 0, "axis": "y", "origin": [-7, -1, -8]},
			"faces": {
				"north": {"uv": [7.5, 6.5, 7, 7.5], "texture": "#particle"},
				"east": {"uv": [7, 6.5, 7.5, 7.5], "texture": "#particle"},
				"up": {"uv": [7, 6.5, 7.5, 7], "texture": "#particle"},
				"down": {"uv": [7, 7, 7.5, 7.5], "texture": "#particle"}
			}
		},
		{
			"name": "petra_bow_power_54",
			"from": [3, 4, 7.5],
			"to": [11, 5, 8.5],
			"rotation": {"angle": 0, "axis": "y", "origin": [-7, -1, -8]},
			"faces": {
				"north": {"uv": [12, 12, 8, 12.5], "texture": "#particle"},
				"south": {"uv": [8, 12, 12, 12.5], "texture": "#particle"},
				"west": {"uv": [8, 12, 8.5, 12.5], "texture": "#particle"},
				"up": {"uv": [8, 12, 12, 12.5], "texture": "#particle"},
				"down": {"uv": [8, 12, 12, 12.5], "texture": "#particle"}
			}
		},
		{
			"name": "petra_bow_power_40",
			"from": [11, 4, 7.5],
			"to": [12, 13, 8.5],
			"rotation": {"angle": 0, "axis": "y", "origin": [-7, -1, -8]},
			"faces": {
				"north": {"uv": [12.5, 8, 12, 12.5], "texture": "#particle"},
				"east": {"uv": [12, 8, 12.5, 12.5], "texture": "#particle"},
				"south": {"uv": [12, 8, 12.5, 12.5], "texture": "#particle"},
				"west": {"uv": [12, 8, 12.5, 12.5], "texture": "#particle"},
				"up": {"uv": [12, 8, 12.5, 8.5], "texture": "#particle"},
				"down": {"uv": [12, 12, 12.5, 12.5], "texture": "#particle"}
			}
		},
		{
			"name": "petra_bow_power_41",
			"from": [2, -2, 7.5],
			"to": [3, 4, 8.5],
			"rotation": {"angle": 0, "axis": "y", "origin": [-7, -1, -8]},
			"faces": {
				"north": {"uv": [4, 8.5, 3.5, 11.5], "texture": "#particle"},
				"east": {"uv": [3.5, 8.5, 4, 11.5], "texture": "#particle"},
				"south": {"uv": [3.5, 8.5, 4, 11.5], "texture": "#particle"},
				"west": {"uv": [3.5, 8.5, 4, 11.5], "texture": "#particle"},
				"up": {"uv": [3.5, 8.5, 4, 9], "texture": "#particle"},
				"down": {"uv": [3.5, 11, 4, 11.5], "texture": "#particle"}
			}
		},
		{
			"name": "petra_bow_power_49",
			"from": [3, -3, 7.5],
			"to": [5, 1, 8.5],
			"rotation": {"angle": 0, "axis": "y", "origin": [-7, -1, -8]},
			"faces": {
				"north": {"uv": [5, 10, 4, 12], "texture": "#particle"},
				"east": {"uv": [4.5, 10, 5, 12], "texture": "#particle"},
				"south": {"uv": [4, 10, 5, 12], "texture": "#particle"},
				"west": {"uv": [4, 10, 4.5, 12], "texture": "#particle"},
				"up": {"uv": [4, 10, 5, 10.5], "texture": "#particle"},
				"down": {"uv": [4, 11.5, 5, 12], "texture": "#particle"}
			}
		},
		{
			"name": "petra_bow_power_51",
			"from": [5, -2, 7.5],
			"to": [6, 0, 8.5],
			"rotation": {"angle": 0, "axis": "y", "origin": [-7, -1, -8]},
			"faces": {
				"north": {"uv": [5.5, 10.5, 5, 11.5], "texture": "#particle"},
				"east": {"uv": [5, 10.5, 5.5, 11.5], "texture": "#particle"},
				"south": {"uv": [5, 10.5, 5.5, 11.5], "texture": "#particle"},
				"up": {"uv": [5, 10.5, 5.5, 11], "texture": "#particle"},
				"down": {"uv": [5, 11, 5.5, 11.5], "texture": "#particle"}
			}
		},
		{
			"name": "petra_bow_power_8",
			"from": [-3, 13, 7.5],
			"to": [-2, 16, 8.5],
			"rotation": {"angle": 0, "axis": "y", "origin": [-7, -1, -8]},
			"faces": {
				"north": {"uv": [1.5, 2.5, 1, 4], "texture": "#particle"},
				"east": {"uv": [1, 2.5, 1.5, 4], "texture": "#particle"},
				"south": {"uv": [1, 2.5, 1.5, 4], "texture": "#particle"},
				"west": {"uv": [1, 2.5, 1.5, 4], "texture": "#particle"},
				"up": {"uv": [1, 2.5, 1.5, 3], "texture": "#particle"},
				"down": {"uv": [1, 3.5, 1.5, 4], "texture": "#particle"}
			}
		},
		{
			"name": "Box12",
			"from": [-1, 16, 8.5],
			"to": [2, 17, 9.5],
			"rotation": {"angle": 0, "axis": "y", "origin": [1, -1, 0]},
			"faces": {
				"north": {"uv": [15, 3, 12, 2], "rotation": 180, "texture": "#arrow"},
				"east": {"uv": [12, 2, 13, 3], "texture": "#arrow"},
				"south": {"uv": [12, 3, 15, 2], "rotation": 180, "texture": "#arrow"},
				"west": {"uv": [15, 3, 14, 2], "rotation": 180, "texture": "#arrow"},
				"up": {"uv": [15, 2, 12, 3], "texture": "#arrow"}
			}
		},
		{
			"name": "Box10",
			"from": [-1, 15, 8.5],
			"to": [4, 16, 9.5],
			"rotation": {"angle": 0, "axis": "y", "origin": [1, -1, 0]},
			"faces": {
				"north": {"uv": [15, 4, 10, 3], "rotation": 180, "texture": "#arrow"},
				"east": {"uv": [10, 3, 11, 4], "texture": "#arrow"},
				"south": {"uv": [10, 4, 15, 3], "rotation": 180, "texture": "#arrow"},
				"west": {"uv": [15, 4, 14, 3], "rotation": 180, "texture": "#arrow"},
				"up": {"uv": [15, 3, 10, 4], "texture": "#arrow"},
				"down": {"uv": [15, 4, 10, 3], "texture": "#arrow"}
			}
		},
		{
			"name": "Box11",
			"from": [0, 13, 8.5],
			"to": [4, 15, 9.5],
			"rotation": {"angle": 0, "axis": "y", "origin": [1, -1, 0]},
			"faces": {
				"north": {"uv": [14, 6, 10, 4], "rotation": 180, "texture": "#arrow"},
				"east": {"uv": [10, 4, 11, 6], "texture": "#arrow"},
				"south": {"uv": [10, 6, 14, 4], "rotation": 180, "texture": "#arrow"},
				"west": {"uv": [14, 6, 13, 4], "rotation": 180, "texture": "#arrow"},
				"down": {"uv": [14, 6, 10, 5], "texture": "#arrow"}
			}
		},
		{
			"name": "Box13",
			"from": [1, 12, 8.5],
			"to": [2, 13, 9.5],
			"rotation": {"angle": 0, "axis": "y", "origin": [1, -1, 0]},
			"faces": {
				"north": {"uv": [13, 7, 12, 6], "rotation": 180, "texture": "#arrow"},
				"east": {"uv": [12, 6, 13, 7], "texture": "#arrow"},
				"south": {"uv": [12, 7, 13, 6], "rotation": 180, "texture": "#arrow"},
				"west": {"uv": [13, 7, 12, 6], "rotation": 180, "texture": "#arrow"},
				"down": {"uv": [13, 7, 12, 6], "texture": "#arrow"}
			}
		},
		{
			"name": "Box9",
			"from": [3, 12, 8.5],
			"to": [5, 13, 9.5],
			"rotation": {"angle": 0, "axis": "y", "origin": [1, -1, 0]},
			"faces": {
				"east": {"uv": [9, 6, 10, 7], "texture": "#arrow"},
				"south": {"uv": [9, 7, 11, 6], "rotation": 180, "texture": "#arrow"},
				"west": {"uv": [11, 7, 10, 6], "rotation": 180, "texture": "#arrow"},
				"up": {"uv": [11, 6, 9, 7], "texture": "#arrow"},
				"down": {"uv": [11, 7, 9, 6], "texture": "#arrow"}
			}
		},
		{
			"name": "Box1",
			"from": [8, 6, 8.5],
			"to": [12, 7, 9.5],
			"rotation": {"angle": 0, "axis": "y", "origin": [1, -1, 0]},
			"faces": {
				"north": {"uv": [6, 13, 2, 12], "rotation": 180, "texture": "#arrow"},
				"east": {"uv": [2, 12, 3, 13], "texture": "#arrow"},
				"south": {"uv": [2, 13, 6, 12], "rotation": 180, "texture": "#arrow"},
				"west": {"uv": [6, 13, 5, 12], "rotation": 180, "texture": "#arrow"},
				"up": {"uv": [6, 12, 2, 13], "texture": "#arrow"},
				"down": {"uv": [6, 13, 2, 12], "texture": "#arrow"}
			}
		},
		{
			"name": "Box2",
			"from": [9, 5, 8.5],
			"to": [12, 6, 9.5],
			"rotation": {"angle": 0, "axis": "y", "origin": [1, -1, 0]},
			"faces": {
				"north": {"uv": [5, 14, 2, 13], "rotation": 180, "texture": "#arrow"},
				"east": {"uv": [2, 13, 3, 14], "texture": "#arrow"},
				"south": {"uv": [2, 14, 5, 13], "rotation": 180, "texture": "#arrow"},
				"west": {"uv": [5, 14, 4, 13], "rotation": 180, "texture": "#arrow"},
				"down": {"uv": [5, 14, 2, 13], "texture": "#arrow"}
			}
		},
		{
			"name": "Box3",
			"from": [8, 7, 8.5],
			"to": [11, 8, 9.5],
			"rotation": {"angle": 0, "axis": "y", "origin": [1, -1, 0]},
			"faces": {
				"north": {"uv": [6, 12, 3, 11], "rotation": 180, "texture": "#arrow"},
				"east": {"uv": [3, 11, 4, 12], "texture": "#arrow"},
				"south": {"uv": [3, 12, 6, 11], "rotation": 180, "texture": "#arrow"},
				"west": {"uv": [6, 12, 5, 11], "rotation": 180, "texture": "#arrow"},
				"up": {"uv": [6, 11, 3, 12], "texture": "#arrow"}
			}
		},
		{
			"name": "Box4",
			"from": [10, 4, 8.5],
			"to": [11, 5, 9.5],
			"rotation": {"angle": 0, "axis": "y", "origin": [1, -1, 0]},
			"faces": {
				"east": {"uv": [3, 14, 4, 15], "texture": "#arrow"},
				"south": {"uv": [3, 14, 4, 15], "texture": "#arrow"},
				"west": {"uv": [4, 15, 3, 14], "rotation": 180, "texture": "#arrow"},
				"down": {"uv": [4, 15, 3, 14], "texture": "#arrow"}
			}
		},
		{
			"name": "Box5",
			"from": [7, 8, 8.5],
			"to": [9, 9, 9.5],
			"rotation": {"angle": 0, "axis": "y", "origin": [1, -1, 0]},
			"faces": {
				"east": {"uv": [5, 10, 6, 11], "texture": "#arrow"},
				"south": {"uv": [5, 11, 7, 10], "rotation": 180, "texture": "#arrow"},
				"west": {"uv": [7, 11, 6, 10], "rotation": 180, "texture": "#arrow"},
				"up": {"uv": [7, 10, 5, 11], "texture": "#arrow"},
				"down": {"uv": [7, 11, 5, 10], "texture": "#arrow"}
			}
		},
		{
			"name": "Box6",
			"from": [6, 9, 8.5],
			"to": [8, 10, 9.5],
			"rotation": {"angle": 0, "axis": "y", "origin": [1, -1, 0]},
			"faces": {
				"east": {"uv": [6, 9, 7, 10], "texture": "#arrow"},
				"south": {"uv": [6, 10, 8, 9], "rotation": 180, "texture": "#arrow"},
				"west": {"uv": [8, 10, 7, 9], "rotation": 180, "texture": "#arrow"},
				"up": {"uv": [8, 9, 6, 10], "texture": "#arrow"},
				"down": {"uv": [8, 10, 6, 9], "texture": "#arrow"}
			}
		},
		{
			"name": "Box7",
			"from": [5, 10, 8.5],
			"to": [7, 11, 9.5],
			"rotation": {"angle": 0, "axis": "y", "origin": [1, -1, 0]},
			"faces": {
				"east": {"uv": [7, 8, 8, 9], "texture": "#arrow"},
				"south": {"uv": [7, 9, 9, 8], "rotation": 180, "texture": "#arrow"},
				"west": {"uv": [9, 9, 8, 8], "rotation": 180, "texture": "#arrow"},
				"up": {"uv": [9, 8, 7, 9], "texture": "#arrow"},
				"down": {"uv": [9, 9, 7, 8], "texture": "#arrow"}
			}
		},
		{
			"name": "Box8",
			"from": [4, 11, 8.5],
			"to": [6, 12, 9.5],
			"rotation": {"angle": 0, "axis": "y", "origin": [1, -1, 0]},
			"faces": {
				"east": {"uv": [8, 7, 9, 8], "texture": "#arrow"},
				"south": {"uv": [8, 8, 10, 7], "rotation": 180, "texture": "#arrow"},
				"west": {"uv": [10, 8, 9, 7], "rotation": 180, "texture": "#arrow"},
				"up": {"uv": [10, 7, 8, 8], "texture": "#arrow"},
				"down": {"uv": [10, 8, 8, 7], "texture": "#arrow"}
			}
		},
		{
			"from": [0, 15.2, 6.5],
			"to": [11, 20.2, 9.5],
			"rotation": {"angle": -22.5, "axis": "z", "origin": [1, -1, 0]},
			"faces": {
				"north": {"uv": [7, 13.5, 1.5, 16], "texture": "#particle"},
				"east": {"uv": [0, 13.5, 1.5, 16], "texture": "#particle"},
				"south": {"uv": [1.5, 13.5, 7, 16], "texture": "#particle"},
				"west": {"uv": [7, 13.5, 8.5, 16], "texture": "#particle"},
				"up": {"uv": [1.5, 12, 7, 13.5], "texture": "#particle"}
			}
		},
		{
			"from": [0.8, -2.25, 6.5],
			"to": [5.8, 8.75, 9.5],
			"rotation": {"angle": 22.5, "axis": "z", "origin": [1, -1, 0]},
			"faces": {
				"north": {"uv": [1.5, 13.5, 7, 16], "rotation": 90, "texture": "#particle"},
				"south": {"uv": [7, 13.5, 1.5, 16], "rotation": 270, "texture": "#particle"},
				"west": {"uv": [7, 12, 1.5, 13.5], "rotation": 270, "texture": "#particle"},
				"up": {"uv": [7, 13.5, 8.5, 16], "rotation": 270, "texture": "#particle"},
				"down": {"uv": [0, 13.5, 1.5, 16], "rotation": 270, "texture": "#particle"}
			}
		}
	],
	"gui_light": "front",
	"display": {
		"thirdperson_righthand": {
			"rotation": [-80, 260, -40],
			"translation": [-2, -2, 4.5],
			"scale": [0.9, 0.9, 0.9]
		},
		"thirdperson_lefthand": {
			"rotation": [-80, -280, 40],
			"translation": [-2, -2, 4.5],
			"scale": [0.9, 0.9, 0.9]
		},
		"firstperson_righthand": {
			"rotation": [0, -90, 25],
			"translation": [3.13, 3.2, 2.13],
			"scale": [0.68, 0.68, 0.68]
		},
		"firstperson_lefthand": {
			"rotation": [-67, -35, 53],
			"translation": [0, 1.25, 2.13],
			"scale": [0.68, 0.68, 0.68]
		},
		"gui": {
			"rotation": [10, -25, 2],
			"translation": [0.5, -0.67, 0],
			"scale": [0.70898, 0.70898, 0.70898]
		},
		"fixed": {
			"rotation": [0, 180, 0],
			"translation": [-1, -1, -0.5]
		}
	}
}