{
	"credit": "Created by Mickey Joe Alpha - http://YouTube.com/@MushirMickeyJoe",
	"texture_size": [32, 32],
	"textures": {
		"particle": "item/bow/proto_arm_buster"
	},
	"elements": [
		{
			"from": [5, -0.5, 2],
			"to": [11, 5.5, 8],
			"rotation": {"angle": 0, "axis": "y", "origin": [-0.5, 0.5, 1]},
			"faces": {
				"north": {"uv": [3, 10, 6, 13], "texture": "#particle"},
				"east": {"uv": [0, 10, 3, 13], "texture": "#particle"},
				"south": {"uv": [9, 10, 12, 13], "texture": "#particle"},
				"west": {"uv": [6, 10, 9, 13], "texture": "#particle"},
				"up": {"uv": [6, 10, 3, 7], "texture": "#particle"},
				"down": {"uv": [9, 7, 6, 10], "texture": "#particle"}
			}
		},
		{
			"from": [5.5, 0, 1],
			"to": [10.5, 5, 10],
			"faces": {
				"north": {"uv": [4.5, 4.5, 7, 7], "texture": "#particle"},
				"east": {"uv": [0, 4.5, 4.5, 7], "texture": "#particle"},
				"west": {"uv": [4.5, 4.5, 0, 7], "texture": "#particle"},
				"up": {"uv": [7, 4.5, 4.5, 0], "texture": "#particle"},
				"down": {"uv": [9.5, 0, 7, 4.5], "texture": "#particle"}
			}
		},
		{
			"from": [5.5, 0, 8.1],
			"to": [10.5, 5, 8.1],
			"rotation": {"angle": 0, "axis": "y", "origin": [0, 0, 0.1]},
			"faces": {
				"south": {"uv": [7, 4.5, 9.5, 7], "texture": "#particle"}
			}
		},
		{
			"from": [10.5, 5, 10],
			"to": [5.5, 0, 8],
			"rotation": {"angle": 0, "axis": "y", "origin": [5, 5, 9]},
			"faces": {
				"east": {"uv": [1, 7, 0, 4.5], "texture": "#particle"},
				"west": {"uv": [0, 7, 1, 4.5], "texture": "#particle"},
				"up": {"uv": [7, 0, 9.5, 1], "texture": "#particle"},
				"down": {"uv": [4.5, 1, 7, 0], "texture": "#particle"}
			}
		},
		{
			"from": [6.5, 1, -1],
			"to": [9.5, 4, 1],
			"faces": {
				"north": {"uv": [1, 1, 2.5, 2.5], "texture": "#particle"},
				"east": {"uv": [0, 1, 1, 2.5], "texture": "#particle"},
				"west": {"uv": [2.5, 1, 3.5, 2.5], "texture": "#particle"},
				"up": {"uv": [2.5, 1, 1, 0], "texture": "#particle"},
				"down": {"uv": [4, 0, 2.5, 1], "texture": "#particle"}
			}
		}
	],
	"gui_light": "front",
	"display": {
		"thirdperson_righthand": {
			"translation": [0, 3.5, 6.75]
		},
		"thirdperson_lefthand": {
			"translation": [0, 3.5, 6.75]
		},
		"firstperson_righthand": {
			"rotation": [-8, 36, -4],
			"translation": [2.5, 6.25, 3],
			"scale": [0.68, 0.68, 0.68]
		},
		"firstperson_lefthand": {
			"rotation": [-8, 36, -4],
			"translation": [2.5, 6.25, 3],
			"scale": [0.68, 0.68, 0.68]
		},
		"ground": {
			"translation": [0, 5.75, 2.5],
			"scale": [0.75, 0.75, 0.75]
		},
		"gui": {
			"rotation": [105.55, 38.13, -131.38],
			"translation": [7.25, -0.75, 0],
			"scale": [1.2, 1.2, 1.2]
		},
		"head": {
			"translation": [0, 1.5, -6.5]
		},
		"fixed": {
			"rotation": [90, -45, 90],
			"translation": [-6, 2.75, -1.75]
		}
	}
}