{
	"credit": "Created by Mickey Joe Alpha - http://YouTube.com/@MushirMickeyJoe",
	"texture_size": [32, 32],
	"textures": {
		"arrow": "item/arrow",
		"particle": "item/bow/shieldbreaker_bow"
	},
	"elements": [
		{
			"name": "Box1",
			"from": [9, 5, 8.5],
			"to": [13, 6, 9.5],
			"faces": {
				"north": {"uv": [6, 13, 2, 12], "rotation": 180, "texture": "#arrow"},
				"east": {"uv": [2, 12, 3, 13], "texture": "#arrow"},
				"south": {"uv": [2, 13, 6, 12], "rotation": 180, "texture": "#arrow"},
				"west": {"uv": [6, 13, 5, 12], "rotation": 180, "texture": "#arrow"},
				"up": {"uv": [6, 12, 2, 13], "texture": "#arrow"},
				"down": {"uv": [6, 13, 2, 12], "texture": "#arrow"}
			}
		},
		{
			"name": "Box2",
			"from": [10, 4, 8.5],
			"to": [13, 5, 9.5],
			"faces": {
				"north": {"uv": [5, 14, 2, 13], "rotation": 180, "texture": "#arrow"},
				"south": {"uv": [2, 14, 5, 13], "rotation": 180, "texture": "#arrow"},
				"west": {"uv": [5, 14, 4, 13], "rotation": 180, "texture": "#arrow"},
				"down": {"uv": [5, 14, 2, 13], "texture": "#arrow"}
			}
		},
		{
			"name": "Box3",
			"from": [9, 6, 8.5],
			"to": [12, 7, 9.5],
			"faces": {
				"north": {"uv": [6, 12, 3, 11], "rotation": 180, "texture": "#arrow"},
				"east": {"uv": [3, 11, 4, 12], "texture": "#arrow"},
				"south": {"uv": [3, 12, 6, 11], "rotation": 180, "texture": "#arrow"},
				"west": {"uv": [6, 12, 5, 11], "rotation": 180, "texture": "#arrow"},
				"up": {"uv": [6, 11, 3, 12], "texture": "#arrow"}
			}
		},
		{
			"name": "Box4",
			"from": [11, 3, 8.5],
			"to": [12, 4, 9.5],
			"faces": {
				"south": {"uv": [3, 14, 4, 15], "texture": "#arrow"},
				"west": {"uv": [4, 15, 3, 14], "rotation": 180, "texture": "#arrow"}
			}
		},
		{
			"name": "Box5",
			"from": [8, 7, 8.5],
			"to": [10, 8, 9.5],
			"faces": {
				"north": {"uv": [7, 11, 5, 10], "rotation": 180, "texture": "#arrow"},
				"east": {"uv": [5, 10, 6, 11], "texture": "#arrow"},
				"south": {"uv": [5, 11, 7, 10], "rotation": 180, "texture": "#arrow"},
				"west": {"uv": [7, 11, 6, 10], "rotation": 180, "texture": "#arrow"},
				"up": {"uv": [7, 10, 5, 11], "texture": "#arrow"},
				"down": {"uv": [7, 11, 5, 10], "texture": "#arrow"}
			}
		},
		{
			"name": "Box6",
			"from": [7, 8, 8.5],
			"to": [9, 9, 9.5],
			"faces": {
				"north": {"uv": [8, 10, 6, 9], "rotation": 180, "texture": "#arrow"},
				"east": {"uv": [6, 9, 7, 10], "texture": "#arrow"},
				"south": {"uv": [6, 10, 8, 9], "rotation": 180, "texture": "#arrow"},
				"west": {"uv": [8, 10, 7, 9], "rotation": 180, "texture": "#arrow"},
				"up": {"uv": [8, 9, 6, 10], "texture": "#arrow"},
				"down": {"uv": [8, 10, 6, 9], "texture": "#arrow"}
			}
		},
		{
			"name": "Box7",
			"from": [6, 9, 8.5],
			"to": [8, 10, 9.5],
			"faces": {
				"north": {"uv": [9, 9, 7, 8], "rotation": 180, "texture": "#arrow"},
				"east": {"uv": [7, 8, 8, 9], "texture": "#arrow"},
				"south": {"uv": [7, 9, 9, 8], "rotation": 180, "texture": "#arrow"},
				"west": {"uv": [9, 9, 8, 8], "rotation": 180, "texture": "#arrow"},
				"up": {"uv": [9, 8, 7, 9], "texture": "#arrow"},
				"down": {"uv": [9, 9, 7, 8], "texture": "#arrow"}
			}
		},
		{
			"name": "Box8",
			"from": [5, 10, 8.5],
			"to": [7, 11, 9.5],
			"faces": {
				"north": {"uv": [10, 8, 8, 7], "rotation": 180, "texture": "#arrow"},
				"east": {"uv": [8, 7, 9, 8], "texture": "#arrow"},
				"south": {"uv": [8, 8, 10, 7], "rotation": 180, "texture": "#arrow"},
				"west": {"uv": [10, 8, 9, 7], "rotation": 180, "texture": "#arrow"},
				"up": {"uv": [10, 7, 8, 8], "texture": "#arrow"},
				"down": {"uv": [10, 8, 8, 7], "texture": "#arrow"}
			}
		},
		{
			"name": "Box9",
			"from": [4, 11, 8.5],
			"to": [6, 12, 9.5],
			"faces": {
				"east": {"uv": [9, 6, 10, 7], "texture": "#arrow"},
				"south": {"uv": [9, 7, 11, 6], "rotation": 180, "texture": "#arrow"},
				"west": {"uv": [11, 7, 10, 6], "rotation": 180, "texture": "#arrow"},
				"up": {"uv": [11, 6, 9, 7], "texture": "#arrow"},
				"down": {"uv": [11, 7, 9, 6], "texture": "#arrow"}
			}
		},
		{
			"name": "Box10",
			"from": [0, 14, 8.5],
			"to": [5, 15, 9.5],
			"faces": {
				"north": {"uv": [15, 4, 10, 3], "rotation": 180, "texture": "#arrow"},
				"east": {"uv": [10, 3, 11, 4], "texture": "#arrow"},
				"south": {"uv": [10, 4, 15, 3], "rotation": 180, "texture": "#arrow"},
				"west": {"uv": [15, 4, 14, 3], "rotation": 180, "texture": "#arrow"},
				"up": {"uv": [15, 3, 10, 4], "texture": "#arrow"},
				"down": {"uv": [15, 4, 10, 3], "texture": "#arrow"}
			}
		},
		{
			"name": "Box11",
			"from": [1, 12, 8.5],
			"to": [5, 14, 9.5],
			"faces": {
				"north": {"uv": [14, 6, 10, 4], "rotation": 180, "texture": "#arrow"},
				"east": {"uv": [10, 4, 11, 6], "texture": "#arrow"},
				"south": {"uv": [10, 6, 14, 4], "rotation": 180, "texture": "#arrow"},
				"west": {"uv": [14, 6, 13, 4], "rotation": 180, "texture": "#arrow"},
				"down": {"uv": [14, 6, 10, 5], "texture": "#arrow"}
			}
		},
		{
			"name": "Box12",
			"from": [0, 15, 8.5],
			"to": [3, 16, 9.5],
			"faces": {
				"north": {"uv": [15, 3, 12, 2], "rotation": 180, "texture": "#arrow"},
				"east": {"uv": [12, 2, 13, 3], "texture": "#arrow"},
				"south": {"uv": [12, 3, 15, 2], "rotation": 180, "texture": "#arrow"},
				"west": {"uv": [15, 3, 14, 2], "rotation": 180, "texture": "#arrow"},
				"up": {"uv": [15, 2, 12, 3], "texture": "#arrow"}
			}
		},
		{
			"name": "Box13",
			"from": [2, 11, 8.5],
			"to": [3, 12, 9.5],
			"faces": {
				"east": {"uv": [12, 6, 13, 7], "texture": "#arrow"},
				"south": {"uv": [12, 7, 13, 6], "rotation": 180, "texture": "#arrow"},
				"west": {"uv": [13, 7, 12, 6], "rotation": 180, "texture": "#arrow"},
				"down": {"uv": [13, 7, 12, 6], "texture": "#arrow"}
			}
		},
		{
			"name": "hero_greatbow_51",
			"from": [1, 8, 6.5],
			"to": [2, 9, 7.5],
			"rotation": {"angle": 0, "axis": "y", "origin": [-8, -8, -8]},
			"faces": {
				"north": {"uv": [9.5, 9, 9, 9.5], "texture": "#particle"},
				"east": {"uv": [9, 9, 9.5, 9.5], "texture": "#particle"},
				"up": {"uv": [9, 9, 9.5, 9.5], "texture": "#particle"},
				"down": {"uv": [9, 9, 9.5, 9.5], "texture": "#particle"}
			}
		},
		{
			"name": "hero_greatbow_9",
			"from": [19, 13, 8.5],
			"to": [22, 15, 9.5],
			"rotation": {"angle": 0, "axis": "y", "origin": [-8, -8, -8]},
			"faces": {
				"north": {"uv": [16, 3, 14.5, 4], "texture": "#particle"},
				"east": {"uv": [15.5, 3, 16, 4], "texture": "#particle"},
				"south": {"uv": [14.5, 3, 16, 4], "texture": "#particle"},
				"up": {"uv": [14.5, 3, 16, 3.5], "texture": "#particle"},
				"down": {"uv": [14.5, 3.5, 16, 4], "texture": "#particle"}
			}
		},
		{
			"name": "hero_greatbow_0",
			"from": [7, 13, 9.5],
			"to": [10, 16, 10.5],
			"rotation": {"angle": 0, "axis": "y", "origin": [-8, -8, -8]},
			"faces": {
				"east": {"uv": [1, 0, 1.5, 1.5], "texture": "#particle"},
				"south": {"uv": [0, 0, 1.5, 1.5], "texture": "#particle"},
				"west": {"uv": [0, 0, 0.5, 1.5], "texture": "#particle"},
				"up": {"uv": [0, 0, 1.5, 0.5], "texture": "#particle"},
				"down": {"uv": [0, 1, 1.5, 1.5], "texture": "#particle"}
			}
		},
		{
			"name": "hero_greatbow_0",
			"from": [0, 6, 9.5],
			"to": [3, 9, 10.5],
			"rotation": {"angle": 0, "axis": "y", "origin": [-8, -8, -8]},
			"faces": {
				"east": {"uv": [1, 0, 1.5, 1.5], "texture": "#particle"},
				"south": {"uv": [0, 0, 1.5, 1.5], "texture": "#particle"},
				"west": {"uv": [0, 0, 0.5, 1.5], "texture": "#particle"},
				"up": {"uv": [0, 0, 1.5, 0.5], "texture": "#particle"},
				"down": {"uv": [0, 1, 1.5, 1.5], "texture": "#particle"}
			}
		},
		{
			"name": "hero_greatbow_1",
			"from": [9, 19, 8.5],
			"to": [11, 21, 9.5],
			"rotation": {"angle": 0, "axis": "y", "origin": [-8, -8, -8]},
			"faces": {
				"north": {"uv": [6, 0, 5, 1], "texture": "#particle"},
				"east": {"uv": [5.5, 0, 6, 1], "texture": "#particle"},
				"south": {"uv": [5, 0, 6, 1], "texture": "#particle"},
				"west": {"uv": [5, 0, 5.5, 1], "texture": "#particle"},
				"up": {"uv": [5, 0, 6, 0.5], "texture": "#particle"},
				"down": {"uv": [5, 0.5, 6, 1], "texture": "#particle"}
			}
		},
		{
			"name": "hero_greatbow_2",
			"from": [11, 14, 8.5],
			"to": [12, 20, 9.5],
			"rotation": {"angle": 0, "axis": "y", "origin": [-8, -8, -8]},
			"faces": {
				"north": {"uv": [6.5, 0.5, 6, 3.5], "texture": "#particle"},
				"east": {"uv": [6, 0.5, 6.5, 3.5], "texture": "#particle"},
				"south": {"uv": [6, 0.5, 6.5, 3.5], "texture": "#particle"},
				"west": {"uv": [6, 0.5, 6.5, 3.5], "texture": "#particle"},
				"up": {"uv": [6, 0.5, 6.5, 1], "texture": "#particle"},
				"down": {"uv": [6, 3, 6.5, 3.5], "texture": "#particle"}
			}
		},
		{
			"name": "hero_greatbow_3",
			"from": [10, 18, 8.5],
			"to": [11, 19, 9.5],
			"rotation": {"angle": 0, "axis": "y", "origin": [-8, -8, -8]},
			"faces": {
				"north": {"uv": [6, 1, 5.5, 1.5], "texture": "#particle"},
				"south": {"uv": [5.5, 1, 6, 1.5], "texture": "#particle"},
				"west": {"uv": [5.5, 1, 6, 1.5], "texture": "#particle"},
				"down": {"uv": [5.5, 1, 6, 1.5], "texture": "#particle"}
			}
		},
		{
			"name": "hero_greatbow_4",
			"from": [12, 15, 8.5],
			"to": [16, 19, 9.5],
			"rotation": {"angle": 0, "axis": "y", "origin": [-8, -8, -8]},
			"faces": {
				"north": {"uv": [8.5, 1, 6.5, 3], "texture": "#particle"},
				"east": {"uv": [8, 1, 8.5, 3], "texture": "#particle"},
				"south": {"uv": [6.5, 1, 8.5, 3], "texture": "#particle"},
				"up": {"uv": [6.5, 1, 8.5, 1.5], "texture": "#particle"},
				"down": {"uv": [6.5, 2.5, 8.5, 3], "texture": "#particle"}
			}
		},
		{
			"name": "hero_greatbow_5",
			"from": [7, 13, 8.5],
			"to": [9, 17, 9.5],
			"rotation": {"angle": 0, "axis": "y", "origin": [-8, -8, -8]},
			"faces": {
				"north": {"uv": [5, 2, 4, 4], "texture": "#particle"},
				"east": {"uv": [4.5, 2, 5, 4], "texture": "#particle"},
				"south": {"uv": [4, 2, 5, 4], "texture": "#particle"},
				"west": {"uv": [4, 2, 4.5, 4], "texture": "#particle"},
				"up": {"uv": [4, 2, 5, 2.5], "texture": "#particle"},
				"down": {"uv": [4, 3.5, 5, 4], "texture": "#particle"}
			}
		},
		{
			"name": "hero_greatbow_6",
			"from": [17, 12, 8.5],
			"to": [19, 17, 9.5],
			"rotation": {"angle": 0, "axis": "y", "origin": [-8, -8, -8]},
			"faces": {
				"north": {"uv": [14.5, 2, 13.5, 4.5], "texture": "#particle"},
				"east": {"uv": [14, 2, 14.5, 4.5], "texture": "#particle"},
				"south": {"uv": [13.5, 2, 14.5, 4.5], "texture": "#particle"},
				"west": {"uv": [13.5, 2, 14, 4.5], "texture": "#particle"},
				"up": {"uv": [13.5, 2, 14.5, 2.5], "texture": "#particle"},
				"down": {"uv": [13.5, 4, 14.5, 4.5], "texture": "#particle"}
			}
		},
		{
			"name": "hero_greatbow_7",
			"from": [9, 13, 8.5],
			"to": [11, 16, 9.5],
			"rotation": {"angle": 0, "axis": "y", "origin": [-8, -8, -8]},
			"faces": {
				"north": {"uv": [6, 2.5, 5, 4], "texture": "#particle"},
				"east": {"uv": [5.5, 2.5, 6, 4], "texture": "#particle"},
				"south": {"uv": [5, 2.5, 6, 4], "texture": "#particle"},
				"up": {"uv": [5, 2.5, 6, 3], "texture": "#particle"},
				"down": {"uv": [5, 3.5, 6, 4], "texture": "#particle"}
			}
		},
		{
			"name": "hero_greatbow_8",
			"from": [16, 12, 8.5],
			"to": [17, 15, 9.5],
			"rotation": {"angle": 0, "axis": "y", "origin": [-8, -8, -8]},
			"faces": {
				"north": {"uv": [13.5, 3, 13, 4.5], "texture": "#particle"},
				"south": {"uv": [13, 3, 13.5, 4.5], "texture": "#particle"},
				"west": {"uv": [13, 3, 13.5, 4.5], "texture": "#particle"},
				"up": {"uv": [13, 3, 13.5, 3.5], "texture": "#particle"},
				"down": {"uv": [13, 4, 13.5, 4.5], "texture": "#particle"}
			}
		},
		{
			"name": "hero_greatbow_10",
			"from": [-1, 7, 8.5],
			"to": [3, 9, 9.5],
			"rotation": {"angle": 0, "axis": "y", "origin": [-8, -8, -8]},
			"faces": {
				"north": {"uv": [4, 4, 2, 5], "texture": "#particle"},
				"east": {"uv": [3.5, 4, 4, 5], "texture": "#particle"},
				"south": {"uv": [2, 4, 4, 5], "texture": "#particle"},
				"west": {"uv": [2, 4, 2.5, 5], "texture": "#particle"},
				"up": {"uv": [2, 4, 4, 4.5], "texture": "#particle"},
				"down": {"uv": [2, 4.5, 4, 5], "texture": "#particle"}
			}
		},
		{
			"name": "hero_greatbow_11",
			"from": [7, 13, 7.5],
			"to": [9, 15, 8.5],
			"rotation": {"angle": 0, "axis": "y", "origin": [-8, -8, -8]},
			"faces": {
				"north": {"uv": [8, 4, 7, 5], "texture": "#particle"},
				"east": {"uv": [7.5, 4, 8, 5], "texture": "#particle"},
				"west": {"uv": [7, 4, 7.5, 5], "texture": "#particle"},
				"up": {"uv": [7, 4, 8, 4.5], "texture": "#particle"},
				"down": {"uv": [7, 4.5, 8, 5], "texture": "#particle"}
			}
		},
		{
			"name": "hero_greatbow_12",
			"from": [9, 14, 7.5],
			"to": [10, 15, 8.5],
			"rotation": {"angle": 0, "axis": "y", "origin": [-8, -8, -8]},
			"faces": {
				"north": {"uv": [8.5, 4, 8, 4.5], "texture": "#particle"},
				"up": {"uv": [8, 4, 8.5, 4.5], "texture": "#particle"},
				"down": {"uv": [8, 4, 8.5, 4.5], "texture": "#particle"}
			}
		},
		{
			"name": "hero_greatbow_13",
			"from": [21, 12, 8.5],
			"to": [22, 13, 9.5],
			"rotation": {"angle": 0, "axis": "y", "origin": [-8, -8, -8]},
			"faces": {
				"north": {"uv": [16, 4, 15.5, 4.5], "texture": "#particle"},
				"east": {"uv": [15.5, 4, 16, 4.5], "texture": "#particle"},
				"south": {"uv": [15.5, 4, 16, 4.5], "texture": "#particle"},
				"west": {"uv": [15.5, 4, 16, 4.5], "texture": "#particle"},
				"down": {"uv": [15.5, 4, 16, 4.5], "texture": "#particle"}
			}
		},
		{
			"name": "hero_greatbow_14",
			"from": [6, 11, 7.5],
			"to": [7, 14, 8.5],
			"rotation": {"angle": 0, "axis": "y", "origin": [-8, -8, -8]},
			"faces": {
				"north": {"uv": [7, 4.5, 6.5, 6], "texture": "#particle"},
				"east": {"uv": [6.5, 4.5, 7, 6], "texture": "#particle"},
				"south": {"uv": [6.5, 4.5, 7, 6], "texture": "#particle"},
				"west": {"uv": [6.5, 4.5, 7, 6], "texture": "#particle"},
				"up": {"uv": [6.5, 4.5, 7, 5], "texture": "#particle"},
				"down": {"uv": [6.5, 5.5, 7, 6], "texture": "#particle"}
			}
		},
		{
			"name": "hero_greatbow_15",
			"from": [10, 13, 7.5],
			"to": [14, 15, 8.5],
			"rotation": {"angle": 0, "axis": "y", "origin": [-8, -8, -8]},
			"faces": {
				"north": {"uv": [10.5, 4.5, 8.5, 5.5], "texture": "#particle"},
				"east": {"uv": [10, 4.5, 10.5, 5.5], "texture": "#particle"},
				"south": {"uv": [8.5, 4.5, 10.5, 5.5], "texture": "#particle"},
				"west": {"uv": [8.5, 4.5, 9, 5.5], "texture": "#particle"},
				"up": {"uv": [8.5, 4.5, 10.5, 5], "texture": "#particle"},
				"down": {"uv": [8.5, 5, 10.5, 5.5], "texture": "#particle"}
			}
		},
		{
			"name": "hero_greatbow_16",
			"from": [17, 12, 7.5],
			"to": [19, 15, 8.5],
			"rotation": {"angle": 0, "axis": "y", "origin": [-8, -8, -8]},
			"faces": {
				"north": {"uv": [13, 4.5, 12, 6], "texture": "#particle"},
				"east": {"uv": [12.5, 4.5, 13, 6], "texture": "#particle"},
				"west": {"uv": [12, 4.5, 12.5, 6], "texture": "#particle"},
				"up": {"uv": [12, 4.5, 13, 5], "texture": "#particle"},
				"down": {"uv": [12, 5.5, 13, 6], "texture": "#particle"}
			}
		},
		{
			"name": "hero_greatbow_17",
			"from": [-5, 5, 8.5],
			"to": [-3, 7, 9.5],
			"rotation": {"angle": 0, "axis": "y", "origin": [-8, -8, -8]},
			"faces": {
				"north": {"uv": [1, 5, 0, 6], "texture": "#particle"},
				"east": {"uv": [0.5, 5, 1, 6], "texture": "#particle"},
				"south": {"uv": [0, 5, 1, 6], "texture": "#particle"},
				"west": {"uv": [0, 5, 0.5, 6], "texture": "#particle"},
				"up": {"uv": [0, 5, 1, 5.5], "texture": "#particle"},
				"down": {"uv": [0, 5.5, 1, 6], "texture": "#particle"}
			}
		},
		{
			"name": "hero_greatbow_18",
			"from": [0, 5, 8.5],
			"to": [3, 7, 9.5],
			"rotation": {"angle": 0, "axis": "y", "origin": [-8, -8, -8]},
			"faces": {
				"north": {"uv": [4, 5, 2.5, 6], "texture": "#particle"},
				"east": {"uv": [3.5, 5, 4, 6], "texture": "#particle"},
				"south": {"uv": [2.5, 5, 4, 6], "texture": "#particle"},
				"west": {"uv": [2.5, 5, 3, 6], "texture": "#particle"},
				"down": {"uv": [2.5, 5.5, 4, 6], "texture": "#particle"}
			}
		},
		{
			"name": "hero_greatbow_19",
			"from": [5, 10, 7.5],
			"to": [6, 13, 8.5],
			"rotation": {"angle": 0, "axis": "y", "origin": [-8, -8, -8]},
			"faces": {
				"north": {"uv": [6.5, 5, 6, 6.5], "texture": "#particle"},
				"east": {"uv": [6, 5, 6.5, 6.5], "texture": "#particle"},
				"south": {"uv": [6, 5, 6.5, 6.5], "texture": "#particle"},
				"west": {"uv": [6, 5, 6.5, 6.5], "texture": "#particle"},
				"up": {"uv": [6, 5, 6.5, 5.5], "texture": "#particle"},
				"down": {"uv": [6, 6, 6.5, 6.5], "texture": "#particle"}
			}
		},
		{
			"name": "hero_greatbow_20",
			"from": [7, 12, 7.5],
			"to": [8, 13, 8.5],
			"rotation": {"angle": 0, "axis": "y", "origin": [-8, -8, -8]},
			"faces": {
				"north": {"uv": [7.5, 5, 7, 5.5], "texture": "#particle"},
				"east": {"uv": [7, 5, 7.5, 5.5], "texture": "#particle"},
				"south": {"uv": [7, 5, 7.5, 5.5], "texture": "#particle"},
				"down": {"uv": [7, 5, 7.5, 5.5], "texture": "#particle"}
			}
		},
		{
			"name": "hero_greatbow_21",
			"from": [14, 11, 7.5],
			"to": [17, 14, 8.5],
			"rotation": {"angle": 0, "axis": "y", "origin": [-8, -8, -8]},
			"faces": {
				"north": {"uv": [12, 5, 10.5, 6.5], "texture": "#particle"},
				"east": {"uv": [11.5, 5, 12, 6.5], "texture": "#particle"},
				"south": {"uv": [10.5, 5, 12, 6.5], "texture": "#particle"},
				"west": {"uv": [10.5, 5, 11, 6.5], "texture": "#particle"},
				"up": {"uv": [10.5, 5, 12, 5.5], "texture": "#particle"},
				"down": {"uv": [10.5, 6, 12, 6.5], "texture": "#particle"}
			}
		},
		{
			"name": "hero_greatbow_22",
			"from": [19, 13, 7.5],
			"to": [20, 14, 8.5],
			"rotation": {"angle": 0, "axis": "y", "origin": [-8, -8, -8]},
			"faces": {
				"north": {"uv": [13.5, 5, 13, 5.5], "texture": "#particle"},
				"east": {"uv": [13, 5, 13.5, 5.5], "texture": "#particle"},
				"up": {"uv": [13, 5, 13.5, 5.5], "texture": "#particle"},
				"down": {"uv": [13, 5, 13.5, 5.5], "texture": "#particle"}
			}
		},
		{
			"name": "hero_greatbow_23",
			"from": [-3, 0, 8.5],
			"to": [-2, 6, 9.5],
			"rotation": {"angle": 0, "axis": "y", "origin": [-8, -8, -8]},
			"faces": {
				"north": {"uv": [1.5, 5.5, 1, 8.5], "texture": "#particle"},
				"east": {"uv": [1, 5.5, 1.5, 8.5], "texture": "#particle"},
				"south": {"uv": [1, 5.5, 1.5, 8.5], "texture": "#particle"},
				"west": {"uv": [1, 5.5, 1.5, 8.5], "texture": "#particle"},
				"up": {"uv": [1, 5.5, 1.5, 6], "texture": "#particle"},
				"down": {"uv": [1, 8, 1.5, 8.5], "texture": "#particle"}
			}
		},
		{
			"name": "hero_greatbow_24",
			"from": [4, 9, 7.5],
			"to": [5, 12, 8.5],
			"rotation": {"angle": 0, "axis": "y", "origin": [-8, -8, -8]},
			"faces": {
				"north": {"uv": [6, 5.5, 5.5, 7], "texture": "#particle"},
				"east": {"uv": [5.5, 5.5, 6, 7], "texture": "#particle"},
				"south": {"uv": [5.5, 5.5, 6, 7], "texture": "#particle"},
				"west": {"uv": [5.5, 5.5, 6, 7], "texture": "#particle"},
				"up": {"uv": [5.5, 5.5, 6, 6], "texture": "#particle"},
				"down": {"uv": [5.5, 6.5, 6, 7], "texture": "#particle"}
			}
		},
		{
			"name": "hero_greatbow_25",
			"from": [11, 12, 7.5],
			"to": [14, 13, 8.5],
			"rotation": {"angle": 0, "axis": "y", "origin": [-8, -8, -8]},
			"faces": {
				"north": {"uv": [10.5, 5.5, 9, 6], "texture": "#particle"},
				"south": {"uv": [9, 5.5, 10.5, 6], "texture": "#particle"},
				"west": {"uv": [9, 5.5, 9.5, 6], "texture": "#particle"},
				"down": {"uv": [9, 5.5, 10.5, 6], "texture": "#particle"}
			}
		},
		{
			"name": "hero_greatbow_27",
			"from": [-4, 4, 8.5],
			"to": [-3, 5, 9.5],
			"rotation": {"angle": 0, "axis": "y", "origin": [-8, -8, -8]},
			"faces": {
				"north": {"uv": [1, 6, 0.5, 6.5], "texture": "#particle"},
				"south": {"uv": [0.5, 6, 1, 6.5], "texture": "#particle"},
				"west": {"uv": [0.5, 6, 1, 6.5], "texture": "#particle"},
				"down": {"uv": [0.5, 6, 1, 6.5], "texture": "#particle"}
			}
		},
		{
			"name": "hero_greatbow_28",
			"from": [-2, 0, 8.5],
			"to": [1, 5, 9.5],
			"rotation": {"angle": 0, "axis": "y", "origin": [-8, -8, -8]},
			"faces": {
				"north": {"uv": [3, 6, 1.5, 8.5], "texture": "#particle"},
				"east": {"uv": [2.5, 6, 3, 8.5], "texture": "#particle"},
				"south": {"uv": [1.5, 6, 3, 8.5], "texture": "#particle"},
				"up": {"uv": [1.5, 6, 3, 6.5], "texture": "#particle"},
				"down": {"uv": [1.5, 8, 3, 8.5], "texture": "#particle"}
			}
		},
		{
			"name": "hero_greatbow_29",
			"from": [1, 4, 8.5],
			"to": [2, 5, 9.5],
			"rotation": {"angle": 0, "axis": "y", "origin": [-8, -8, -8]},
			"faces": {
				"east": {"uv": [3, 6, 3.5, 6.5], "texture": "#particle"},
				"south": {"uv": [3, 6, 3.5, 6.5], "texture": "#particle"},
				"down": {"uv": [3, 6, 3.5, 6.5], "texture": "#particle"}
			}
		},
		{
			"name": "hero_greatbow_30",
			"from": [3, 8, 7.5],
			"to": [4, 11, 8.5],
			"rotation": {"angle": 0, "axis": "y", "origin": [-8, -8, -8]},
			"faces": {
				"north": {"uv": [5.5, 6, 5, 7.5], "texture": "#particle"},
				"east": {"uv": [5, 6, 5.5, 7.5], "texture": "#particle"},
				"south": {"uv": [5, 6, 5.5, 7.5], "texture": "#particle"},
				"west": {"uv": [5, 6, 5.5, 7.5], "texture": "#particle"},
				"up": {"uv": [5, 6, 5.5, 6.5], "texture": "#particle"},
				"down": {"uv": [5, 7, 5.5, 7.5], "texture": "#particle"}
			}
		},
		{
			"name": "hero_greatbow_32",
			"from": [2, 7, 7.5],
			"to": [3, 10, 8.5],
			"rotation": {"angle": 0, "axis": "y", "origin": [-8, -8, -8]},
			"faces": {
				"north": {"uv": [5, 6.5, 4.5, 8], "texture": "#particle"},
				"east": {"uv": [4.5, 6.5, 5, 8], "texture": "#particle"},
				"south": {"uv": [4.5, 6.5, 5, 8], "texture": "#particle"},
				"west": {"uv": [4.5, 6.5, 5, 8], "texture": "#particle"},
				"up": {"uv": [4.5, 6.5, 5, 7], "texture": "#particle"},
				"down": {"uv": [4.5, 7.5, 5, 8], "texture": "#particle"}
			}
		},
		{
			"name": "hero_greatbow_34",
			"from": [1, 6, 7.5],
			"to": [2, 9, 8.5],
			"rotation": {"angle": 0, "axis": "y", "origin": [-8, -8, -8]},
			"faces": {
				"north": {"uv": [4.5, 7, 4, 8.5], "texture": "#particle"},
				"east": {"uv": [4, 7, 4.5, 8.5], "texture": "#particle"},
				"west": {"uv": [4, 7, 4.5, 8.5], "texture": "#particle"},
				"up": {"uv": [4, 7, 4.5, 7.5], "texture": "#particle"}
			}
		},
		{
			"name": "hero_greatbow_38",
			"from": [1, 2, 7.5],
			"to": [3, 6, 8.5],
			"rotation": {"angle": 0, "axis": "y", "origin": [-8, -8, -8]},
			"faces": {
				"north": {"uv": [5.5, 8.5, 4.5, 10.5], "texture": "#particle"},
				"east": {"uv": [5, 8.5, 5.5, 10.5], "texture": "#particle"},
				"south": {"uv": [4.5, 8.5, 5.5, 10.5], "texture": "#particle"},
				"west": {"uv": [4.5, 8.5, 5, 10.5], "texture": "#particle"},
				"up": {"uv": [4.5, 8.5, 5.5, 9], "texture": "#particle"},
				"down": {"uv": [4.5, 10, 5.5, 10.5], "texture": "#particle"}
			}
		},
		{
			"name": "hero_greatbow_40",
			"from": [3, -3, 7.5],
			"to": [4, 5, 8.5],
			"rotation": {"angle": 0, "axis": "y", "origin": [-8, -8, -8]},
			"faces": {
				"north": {"uv": [6, 9, 5.5, 13], "texture": "#particle"},
				"east": {"uv": [5.5, 9, 6, 13], "texture": "#particle"},
				"south": {"uv": [5.5, 9, 6, 13], "texture": "#particle"},
				"up": {"uv": [5.5, 9, 6, 9.5], "texture": "#particle"},
				"down": {"uv": [5.5, 12.5, 6, 13], "texture": "#particle"}
			}
		},
		{
			"name": "hero_greatbow_44",
			"from": [2, -4, 7.5],
			"to": [3, 2, 8.5],
			"rotation": {"angle": 0, "axis": "y", "origin": [-8, -8, -8]},
			"faces": {
				"north": {"uv": [5.5, 10.5, 5, 13.5], "texture": "#particle"},
				"east": {"uv": [5, 10.5, 5.5, 13.5], "texture": "#particle"},
				"south": {"uv": [5, 10.5, 5.5, 13.5], "texture": "#particle"},
				"west": {"uv": [5, 10.5, 5.5, 13.5], "texture": "#particle"},
				"down": {"uv": [5, 13, 5.5, 13.5], "texture": "#particle"}
			}
		},
		{
			"name": "hero_greatbow_45",
			"from": [4, -1, 7.5],
			"to": [5, 2, 8.5],
			"rotation": {"angle": 0, "axis": "y", "origin": [-8, -8, -8]},
			"faces": {
				"north": {"uv": [6.5, 10.5, 6, 12], "texture": "#particle"},
				"east": {"uv": [6, 10.5, 6.5, 12], "texture": "#particle"},
				"south": {"uv": [6, 10.5, 6.5, 12], "texture": "#particle"},
				"up": {"uv": [6, 10.5, 6.5, 11], "texture": "#particle"},
				"down": {"uv": [6, 11.5, 6.5, 12], "texture": "#particle"}
			}
		},
		{
			"name": "hero_greatbow_49",
			"from": [1, -3, 7.5],
			"to": [2, -1, 8.5],
			"rotation": {"angle": 0, "axis": "y", "origin": [-8, -8, -8]},
			"faces": {
				"north": {"uv": [5, 12, 4.5, 13], "texture": "#particle"},
				"west": {"uv": [4.5, 12, 5, 13], "texture": "#particle"},
				"up": {"uv": [4.5, 12, 5, 12.5], "texture": "#particle"},
				"down": {"uv": [4.5, 12.5, 5, 13], "texture": "#particle"}
			}
		},
		{
			"name": "hero_greatbow_52",
			"from": [1, -3, 8.5],
			"to": [4, 0, 9.5],
			"rotation": {"angle": 0, "axis": "y", "origin": [-8, -8, -8]},
			"faces": {
				"north": {"uv": [4.5, 13, 3, 14.5], "texture": "#particle"},
				"east": {"uv": [4, 13, 4.5, 14.5], "texture": "#particle"},
				"south": {"uv": [3, 13, 4.5, 14.5], "texture": "#particle"},
				"west": {"uv": [3, 13, 3.5, 14.5], "texture": "#particle"},
				"up": {"uv": [3, 13, 4.5, 13.5], "texture": "#particle"},
				"down": {"uv": [3, 14, 4.5, 14.5], "texture": "#particle"}
			}
		},
		{
			"name": "hero_greatbow_54",
			"from": [-1, -3, 8.5],
			"to": [1, -1, 9.5],
			"rotation": {"angle": 0, "axis": "y", "origin": [-8, -8, -8]},
			"faces": {
				"north": {"uv": [3, 13.5, 2, 14.5], "texture": "#particle"},
				"south": {"uv": [2, 13.5, 3, 14.5], "texture": "#particle"},
				"west": {"uv": [2, 13.5, 2.5, 14.5], "texture": "#particle"},
				"up": {"uv": [2, 13.5, 3, 14], "texture": "#particle"},
				"down": {"uv": [2, 14, 3, 14.5], "texture": "#particle"}
			}
		},
		{
			"name": "hero_greatbow_57",
			"from": [1, -6, 8.5],
			"to": [3, -3, 9.5],
			"rotation": {"angle": 0, "axis": "y", "origin": [-8, -8, -8]},
			"faces": {
				"north": {"uv": [4, 14.5, 3, 16], "texture": "#particle"},
				"east": {"uv": [3.5, 14.5, 4, 16], "texture": "#particle"},
				"south": {"uv": [3, 14.5, 4, 16], "texture": "#particle"},
				"west": {"uv": [3, 14.5, 3.5, 16], "texture": "#particle"},
				"down": {"uv": [3, 15.5, 4, 16], "texture": "#particle"}
			}
		},
		{
			"name": "hero_greatbow_58",
			"from": [3, -6, 8.5],
			"to": [4, -5, 9.5],
			"rotation": {"angle": 0, "axis": "y", "origin": [-8, -8, -8]},
			"faces": {
				"north": {"uv": [4.5, 15.5, 4, 16], "texture": "#particle"},
				"east": {"uv": [4, 15.5, 4.5, 16], "texture": "#particle"},
				"south": {"uv": [4, 15.5, 4.5, 16], "texture": "#particle"},
				"up": {"uv": [4, 15.5, 4.5, 16], "texture": "#particle"},
				"down": {"uv": [4, 15.5, 4.5, 16], "texture": "#particle"}
			}
		},
		{
			"name": "hero_greatbow_39",
			"from": [-4, 12, 6.5],
			"to": [-3, 14, 7.5],
			"rotation": {"angle": 0, "axis": "y", "origin": [-8, 0, -8]},
			"faces": {
				"north": {"uv": [7, 6.5, 6.5, 7.5], "texture": "#particle"},
				"east": {"uv": [6.5, 6.5, 7, 7.5], "texture": "#particle"},
				"south": {"uv": [6.5, 6.5, 7, 7.5], "texture": "#particle"},
				"west": {"uv": [6.5, 6.5, 7, 7.5], "texture": "#particle"},
				"up": {"uv": [6.5, 6.5, 7, 7], "texture": "#particle"},
				"down": {"uv": [6.5, 7, 7, 7.5], "texture": "#particle"}
			}
		},
		{
			"name": "hero_greatbow_42",
			"from": [-3, 11, 6.5],
			"to": [-2, 13, 7.5],
			"rotation": {"angle": 0, "axis": "y", "origin": [-8, 0, -8]},
			"faces": {
				"north": {"uv": [7.5, 7, 7, 8], "texture": "#particle"},
				"east": {"uv": [7, 7, 7.5, 8], "texture": "#particle"},
				"south": {"uv": [7, 7, 7.5, 8], "texture": "#particle"},
				"west": {"uv": [7, 7, 7.5, 8], "texture": "#particle"},
				"up": {"uv": [7, 7, 7.5, 7.5], "texture": "#particle"},
				"down": {"uv": [7, 7.5, 7.5, 8], "texture": "#particle"}
			}
		},
		{
			"name": "hero_greatbow_44",
			"from": [-2, 10, 6.5],
			"to": [-1, 12, 7.5],
			"rotation": {"angle": 0, "axis": "y", "origin": [-8, 0, -8]},
			"faces": {
				"north": {"uv": [8, 7.5, 7.5, 8.5], "texture": "#particle"},
				"east": {"uv": [7.5, 7.5, 8, 8.5], "texture": "#particle"},
				"south": {"uv": [7.5, 7.5, 8, 8.5], "texture": "#particle"},
				"west": {"uv": [7.5, 7.5, 8, 8.5], "texture": "#particle"},
				"up": {"uv": [7.5, 7.5, 8, 8], "texture": "#particle"},
				"down": {"uv": [7.5, 8, 8, 8.5], "texture": "#particle"}
			}
		},
		{
			"name": "hero_greatbow_46",
			"from": [-1, 9, 6.5],
			"to": [0, 11, 7.5],
			"rotation": {"angle": 0, "axis": "y", "origin": [-8, 0, -8]},
			"faces": {
				"north": {"uv": [8.5, 8, 8, 9], "texture": "#particle"},
				"east": {"uv": [8, 8, 8.5, 9], "texture": "#particle"},
				"south": {"uv": [8, 8, 8.5, 9], "texture": "#particle"},
				"west": {"uv": [8, 8, 8.5, 9], "texture": "#particle"},
				"up": {"uv": [8, 8, 8.5, 8.5], "texture": "#particle"},
				"down": {"uv": [8, 8.5, 8.5, 9], "texture": "#particle"}
			}
		},
		{
			"name": "hero_greatbow_49",
			"from": [0, 8, 6.5],
			"to": [1, 10, 7.5],
			"rotation": {"angle": 0, "axis": "y", "origin": [-8, 0, -8]},
			"faces": {
				"north": {"uv": [9, 8.5, 8.5, 9.5], "texture": "#particle"},
				"east": {"uv": [8.5, 8.5, 9, 9.5], "texture": "#particle"},
				"south": {"uv": [8.5, 8.5, 9, 9.5], "texture": "#particle"},
				"west": {"uv": [8.5, 8.5, 9, 9.5], "texture": "#particle"},
				"up": {"uv": [8.5, 8.5, 9, 9], "texture": "#particle"},
				"down": {"uv": [8.5, 9, 9, 9.5], "texture": "#particle"}
			}
		},
		{
			"name": "hero_greatbow_23",
			"from": [22, -3, 11],
			"to": [23, -2, 12],
			"rotation": {"angle": 0, "axis": "y", "origin": [-8, 0, -8]},
			"faces": {
				"north": {"uv": [13, 13, 12.5, 13.5], "texture": "#particle"},
				"east": {"uv": [12.5, 13, 13, 13.5], "texture": "#particle"},
				"south": {"uv": [12.5, 13, 13, 13.5], "texture": "#particle"},
				"west": {"uv": [12.5, 13, 13, 13.5], "texture": "#particle"},
				"up": {"uv": [12.5, 13, 13, 13.5], "texture": "#particle"},
				"down": {"uv": [12.5, 13, 13, 13.5], "texture": "#particle"}
			}
		},
		{
			"name": "hero_greatbow_5",
			"from": [15, 8, 8.5],
			"to": [16, 12, 9.5],
			"rotation": {"angle": 0, "axis": "y", "origin": [-8, 0, -8]},
			"faces": {
				"north": {"uv": [14.5, 8.5, 14, 10.5], "texture": "#particle"},
				"east": {"uv": [14, 8.5, 14.5, 10.5], "texture": "#particle"},
				"south": {"uv": [14, 8.5, 14.5, 10.5], "texture": "#particle"},
				"west": {"uv": [14, 8.5, 14.5, 10.5], "texture": "#particle"},
				"up": {"uv": [14, 8.5, 14.5, 9], "texture": "#particle"},
				"down": {"uv": [14, 10, 14.5, 10.5], "texture": "#particle"}
			}
		},
		{
			"name": "hero_greatbow_13",
			"from": [14, 5, 8.5],
			"to": [15, 8, 9.5],
			"rotation": {"angle": 0, "axis": "y", "origin": [-8, 0, -8]},
			"faces": {
				"north": {"uv": [14, 10.5, 13.5, 12], "texture": "#particle"},
				"east": {"uv": [13.5, 10.5, 14, 12], "texture": "#particle"},
				"south": {"uv": [13.5, 10.5, 14, 12], "texture": "#particle"},
				"west": {"uv": [13.5, 10.5, 14, 12], "texture": "#particle"},
				"up": {"uv": [13.5, 10.5, 14, 11], "texture": "#particle"},
				"down": {"uv": [13.5, 11.5, 14, 12], "texture": "#particle"}
			}
		},
		{
			"name": "hero_greatbow_19",
			"from": [13, 4, 8.5],
			"to": [14, 5, 9.5],
			"rotation": {"angle": 0, "axis": "y", "origin": [-8, 0, -8]},
			"faces": {
				"north": {"uv": [13.5, 12, 13, 12.5], "texture": "#particle"},
				"east": {"uv": [13, 12, 13.5, 12.5], "texture": "#particle"},
				"south": {"uv": [13, 12, 13.5, 12.5], "texture": "#particle"},
				"up": {"uv": [13, 12, 13.5, 12.5], "texture": "#particle"},
				"down": {"uv": [13, 12, 13.5, 12.5], "texture": "#particle"}
			}
		},
		{
			"name": "hero_greatbow_22",
			"from": [12, 3, 8.5],
			"to": [13, 4, 9.5],
			"rotation": {"angle": 0, "axis": "y", "origin": [-8, 0, -8]},
			"faces": {
				"north": {"uv": [13, 12.5, 12.5, 13], "texture": "#particle"},
				"east": {"uv": [12.5, 12.5, 13, 13], "texture": "#particle"},
				"south": {"uv": [12.5, 12.5, 13, 13], "texture": "#particle"},
				"down": {"uv": [12.5, 12.5, 13, 13], "texture": "#particle"}
			}
		},
		{
			"name": "hero_greatbow_24",
			"from": [11, 2, 8.5],
			"to": [12, 3, 9.5],
			"rotation": {"angle": 0, "axis": "y", "origin": [-8, 0, -8]},
			"faces": {
				"north": {"uv": [12.5, 13, 12, 13.5], "texture": "#particle"},
				"east": {"uv": [12, 13, 12.5, 13.5], "texture": "#particle"},
				"south": {"uv": [12, 13, 12.5, 13.5], "texture": "#particle"},
				"west": {"uv": [12, 13, 12.5, 13.5], "texture": "#particle"},
				"down": {"uv": [12, 13, 12.5, 13.5], "texture": "#particle"}
			}
		},
		{
			"name": "hero_greatbow_25",
			"from": [8, 1, 8.5],
			"to": [11, 2, 9.5],
			"rotation": {"angle": 0, "axis": "y", "origin": [-8, 0, -8]},
			"faces": {
				"north": {"uv": [12, 13.5, 10.5, 14], "texture": "#particle"},
				"east": {"uv": [11.5, 13.5, 12, 14], "texture": "#particle"},
				"south": {"uv": [10.5, 13.5, 12, 14], "texture": "#particle"},
				"west": {"uv": [10.5, 13.5, 11, 14], "texture": "#particle"},
				"up": {"uv": [10.5, 13.5, 12, 14], "texture": "#particle"},
				"down": {"uv": [10.5, 13.5, 12, 14], "texture": "#particle"}
			}
		},
		{
			"name": "hero_greatbow_26",
			"from": [4, 0, 8.5],
			"to": [8, 1, 9.5],
			"rotation": {"angle": 0, "axis": "y", "origin": [-8, 0, -8]},
			"faces": {
				"north": {"uv": [10.5, 14, 8.5, 14.5], "texture": "#particle"},
				"east": {"uv": [10, 14, 10.5, 14.5], "texture": "#particle"},
				"south": {"uv": [8.5, 14, 10.5, 14.5], "texture": "#particle"},
				"west": {"uv": [8.5, 14, 9, 14.5], "texture": "#particle"},
				"up": {"uv": [8.5, 14, 10.5, 14.5], "texture": "#particle"},
				"down": {"uv": [8.5, 14, 10.5, 14.5], "texture": "#particle"}
			}
		},
		{
			"from": [8, 10, 7.325],
			"to": [8, 13, 11.325],
			"rotation": {"angle": 45, "axis": "y", "origin": [8, 12, 8.5]},
			"faces": {
				"east": {"uv": [2.5, 9.5, 0.5, 11], "texture": "#particle"},
				"west": {"uv": [0.5, 9.5, 2.5, 11], "texture": "#particle"}
			}
		},
		{
			"from": [3, 5.175, 8.5],
			"to": [6, 9.175, 8.5],
			"rotation": {"angle": -45, "axis": "x", "origin": [4, 8, 8.5]},
			"faces": {
				"north": {"uv": [0.5, 9.5, 2.5, 11], "rotation": 90, "texture": "#particle"},
				"south": {"uv": [0.5, 11, 2.5, 9.5], "rotation": 90, "texture": "#particle"}
			}
		}
	],
	"gui_light": "front",
	"display": {
		"thirdperson_righthand": {
			"rotation": [-80, 260, -40],
			"translation": [-2, -2, 3.25],
			"scale": [0.8, 0.8, 0.8]
		},
		"thirdperson_lefthand": {
			"rotation": [-80, 90, 50],
			"translation": [-2, -2, 3.25],
			"scale": [0.8, 0.8, 0.8]
		},
		"firstperson_righthand": {
			"rotation": [0, -90, 25],
			"translation": [3.13, 3.2, 2.63],
			"scale": [0.68, 0.68, 0.68]
		},
		"firstperson_lefthand": {
			"rotation": [-67, -35, 53],
			"translation": [0, 1.25, 2.63],
			"scale": [0.68, 0.68, 0.68]
		},
		"gui": {
			"rotation": [10, -25, 2],
			"translation": [0, 0.33, 0],
			"scale": [0.67, 0.67, 0.67]
		}
	}
}