{
	"credit": "Created by Mickey Joe Alpha - http://YouTube.com/@MushirMickeyJoe",
	"parent": "block/block",
	"textures": {
		"back": "item/painting/back",
		"particle": "barely_default:item/painting/mesa"
	},
	"elements": [
		{
			"from": [-4, -16, 7.5],
			"to": [20, 32, 8.5],
			"rotation": {"angle": 0, "axis": "z", "origin": [8, 8, 8]},
			"faces": {
				"north": {"uv": [0, 0, 8, 16], "texture": "#particle"},
				"east": {"uv": [7.75, 16, 8, 0], "rotation": 180, "texture": "#back"},
				"south": {"uv": [0, 0, 8, 16], "texture": "#back"},
				"west": {"uv": [0, 16, 0.25, 0], "rotation": 180, "texture": "#back"},
				"up": {"uv": [8, 0, 0, 0.25], "rotation": 180, "texture": "#back"},
				"down": {"uv": [8, 15.75, 0, 16], "rotation": 180, "texture": "#back"}
			}
		}
	],
	"gui_light": "front",
	"display": {
		"thirdperson_righthand": {
			"rotation": [0, -90, 0],
			"translation": [-2, -1.75, 3.5],
			"scale": [0.375, 0.375, 0.375]
		},
		"thirdperson_lefthand": {
			"rotation": [0, -90, 0],
			"translation": [-2, -1.75, 3.5],
			"scale": [0.375, 0.375, 0.375]
		},
		"firstperson_righthand": {
			"rotation": [0, 122, 0],
			"translation": [3.5, 0, 0],
			"scale": [0.4, 0.4, 0.4]
		},
		"firstperson_lefthand": {
			"rotation": [0, 122, 0],
			"translation": [3.5, 0, 0],
			"scale": [0.4, 0.4, 0.4]
		},
		"ground": {
			"translation": [0, 6.5, 0],
			"scale": [0.25, 0.25, 0.25]
		},
		"gui": {
			"rotation": [30, -135, 0],
			"scale": [0.3, 0.3, 0.3]
		},
		"head": {
			"translation": [0, -0.75, -6.5],
			"scale": [0.5, 0.5, 0.5]
		},
		"fixed": {
			"translation": [0, 0, -0.25],
			"scale": [0.5, 0.5, 0.5]
		}
	}
}