{
	"credit": "Made with Blockbench",
	"texture_size": [256, 256],
	"textures": {
		"0": "item/amalon/tc/a4/skin_mallard",
		"particle": "item/amalon/tc/a4/skin_mallard"
	},
	"elements": [
		{
			"from": [-10, -5, -16],
			"to": [26, 1, -12],
			"faces": {
				"north": {"uv": [6.75, 5.375, 9, 5.75], "texture": "#0"},
				"east": {"uv": [2, 15.25, 2.25, 15.625], "texture": "#0"},
				"south": {"uv": [13.75, 11.875, 16, 12.25], "rotation": 180, "texture": "#0"},
				"west": {"uv": [8.6875, 12.5625, 8.9375, 12.9375], "texture": "#0"},
				"up": {"uv": [13.75, 12.25, 16, 12.5], "rotation": 180, "texture": "#0"}
			}
		},
		{
			"from": [-10, -5, -12],
			"to": [26, 0, -6],
			"faces": {
				"east": {"uv": [1.625, 15.3125, 2, 15.625], "texture": "#0"},
				"south": {"uv": [13.75, 11.5, 16, 11.8125], "rotation": 180, "texture": "#0"},
				"west": {"uv": [8.9375, 12.625, 9.3125, 12.9375], "texture": "#0"},
				"up": {"uv": [13.75, 11.8125, 16, 12.1875], "rotation": 180, "texture": "#0"}
			}
		},
		{
			"from": [-10, -5, -6],
			"to": [26, -1, 1],
			"faces": {
				"east": {"uv": [1.1875, 15.375, 1.625, 15.625], "texture": "#0"},
				"south": {"uv": [13.75, 11.0625, 16, 11.3125], "rotation": 180, "texture": "#0"},
				"west": {"uv": [9.3125, 12.6875, 9.75, 12.9375], "texture": "#0"},
				"up": {"uv": [13.75, 11.3125, 16, 11.75], "rotation": 180, "texture": "#0"}
			}
		},
		{
			"from": [-10, -5, 1],
			"to": [26, -2, 5],
			"faces": {
				"east": {"uv": [0.9375, 15.4375, 1.1875, 15.625], "texture": "#0"},
				"south": {"uv": [2.24375, 5.5625, 4.49375, 5.75], "texture": "#0"},
				"west": {"uv": [9.75, 12.75, 10, 12.9375], "texture": "#0"},
				"up": {"uv": [13.75, 11, 16, 11.25], "rotation": 180, "texture": "#0"}
			}
		},
		{
			"from": [-10, -5, 5],
			"to": [26, 0, 20],
			"faces": {
				"east": {"uv": [0, 15.3125, 0.9375, 15.625], "texture": "#0"},
				"south": {"uv": [2.25, 5.4375, 4.5, 5.75], "texture": "#0"},
				"west": {"uv": [10, 12.625, 10.9375, 12.9375], "texture": "#0"},
				"up": {"uv": [10, 6.125, 10.9375, 8.375], "rotation": 90, "texture": "#0"}
			}
		},
		{
			"from": [-3, 12, 3],
			"to": [19, 17, 4],
			"faces": {
				"north": {"uv": [13.3125, 9.75, 14.6875, 10.0625], "texture": "#0"},
				"south": {"uv": [2.6875, 4.375, 4.0625, 4.6875], "texture": "#0"},
				"up": {"uv": [9.875, 6.5625, 9.9375, 7.9375], "rotation": 90, "texture": "#0"},
				"down": {"uv": [10.9375, 8.8125, 11, 10.1875], "rotation": 270, "texture": "#0"}
			}
		},
		{
			"from": [19, 13, -16],
			"to": [22, 17, 4],
			"faces": {
				"north": {"uv": [7, 4.375, 7.1875, 4.625], "texture": "#0"},
				"east": {"uv": [1, 14.25, 2.25, 14.5], "texture": "#0"},
				"south": {"uv": [4.0625, 4.375, 4.25, 4.625], "texture": "#0"},
				"west": {"uv": [12, 9.75, 13.25, 10], "texture": "#0"},
				"up": {"uv": [8.6875, 6.375, 9.9375, 6.5625], "rotation": 90, "texture": "#0"}
			}
		},
		{
			"from": [-6, 13, -16],
			"to": [-3, 17, 4],
			"faces": {
				"north": {"uv": [8.5625, 4.375, 8.75, 4.625], "texture": "#0"},
				"east": {"uv": [14.75, 9.75, 16, 10], "texture": "#0"},
				"south": {"uv": [2.5, 4.375, 2.6875, 4.625], "texture": "#0"},
				"west": {"uv": [8.6875, 11.5625, 9.9375, 11.8125], "texture": "#0"},
				"up": {"uv": [8.6875, 7.9375, 9.9375, 8.125], "rotation": 90, "texture": "#0"}
			}
		},
		{
			"from": [-3, 17, 2],
			"to": [19, 22, 3],
			"faces": {
				"north": {"uv": [13.3125, 9.375, 14.6875, 9.6875], "texture": "#0"},
				"south": {"uv": [2.6875, 4.0625, 4.0625, 4.375], "texture": "#0"},
				"up": {"uv": [9.8125, 6.5625, 9.875, 7.9375], "rotation": 90, "texture": "#0"},
				"down": {"uv": [13.3125, 9.6875, 14.6875, 9.75], "texture": "#0"}
			}
		},
		{
			"from": [19, 17, -16],
			"to": [21, 22, 3],
			"faces": {
				"north": {"uv": [7.0625, 4.0625, 7.1875, 4.375], "texture": "#0"},
				"east": {"uv": [1.0625, 13.9375, 2.25, 14.25], "texture": "#0"},
				"south": {"uv": [4.0625, 4.0625, 4.1875, 4.375], "texture": "#0"},
				"west": {"uv": [12, 9.4375, 13.1875, 9.75], "texture": "#0"},
				"up": {"uv": [8.6875, 6.4375, 9.875, 6.5625], "rotation": 90, "texture": "#0"}
			}
		},
		{
			"from": [-5, 17, -16],
			"to": [-3, 22, 3],
			"faces": {
				"north": {"uv": [8.5625, 4.0625, 8.6875, 4.375], "texture": "#0"},
				"east": {"uv": [14.8125, 9.4375, 16, 9.75], "texture": "#0"},
				"south": {"uv": [2.5625, 4.0625, 2.6875, 4.375], "texture": "#0"},
				"west": {"uv": [8.6875, 11.25, 9.875, 11.5625], "texture": "#0"},
				"up": {"uv": [8.6875, 7.9375, 9.875, 8.0625], "rotation": 90, "texture": "#0"}
			}
		},
		{
			"from": [-3, 22, -7],
			"to": [19, 26, 2],
			"faces": {
				"east": {"uv": [1.125, 13.6875, 1.6875, 13.9375], "texture": "#0"},
				"south": {"uv": [2.6875, 3.8125, 4.0625, 4.0625], "texture": "#0"},
				"west": {"uv": [9.25, 11, 9.8125, 11.25], "texture": "#0"},
				"up": {"uv": [9.25, 6.5625, 9.8125, 7.9375], "rotation": 90, "texture": "#0"},
				"down": {"uv": [13.3125, 8.8125, 14.6875, 9.375], "rotation": 180, "texture": "#0"}
			}
		},
		{
			"from": [-4, 22, -16],
			"to": [20, 26, -7],
			"faces": {
				"north": {"uv": [7.125, 3.8125, 8.625, 4.0625], "texture": "#0"},
				"east": {"uv": [1.6875, 13.6875, 2.25, 13.9375], "texture": "#0"},
				"south": {"uv": [2.625, 3.8125, 4.125, 4.0625], "texture": "#0"},
				"west": {"uv": [8.6875, 11, 9.25, 11.25], "texture": "#0"},
				"up": {"uv": [8.6875, 6.5, 9.25, 8], "rotation": 90, "texture": "#0"},
				"down": {"uv": [13.25, 8.25, 14.75, 8.8125], "rotation": 180, "texture": "#0"}
			}
		},
		{
			"from": [-1, 26, -9],
			"to": [17, 28, 2],
			"faces": {
				"east": {"uv": [1.125, 13.5625, 1.8125, 13.6875], "texture": "#0"},
				"south": {"uv": [2.8125, 3.6875, 3.9375, 3.8125], "texture": "#0"},
				"west": {"uv": [9.125, 10.875, 9.8125, 11], "texture": "#0"},
				"up": {"uv": [9.125, 6.6875, 9.8125, 7.8125], "rotation": 90, "texture": "#0"}
			}
		},
		{
			"from": [-3, 26, -16],
			"to": [19, 28, -9],
			"faces": {
				"north": {"uv": [7.1875, 3.6875, 8.5625, 3.8125], "texture": "#0"},
				"east": {"uv": [1.8125, 13.5625, 2.25, 13.6875], "texture": "#0"},
				"south": {"uv": [2.6875, 3.6875, 4.0625, 3.8125], "texture": "#0"},
				"west": {"uv": [8.6875, 10.875, 9.125, 11], "texture": "#0"},
				"up": {"uv": [8.6875, 6.5625, 9.125, 7.9375], "rotation": 90, "texture": "#0"}
			}
		},
		{
			"from": [1, 28, -11],
			"to": [15, 29, 1],
			"faces": {
				"east": {"uv": [1.1875, 13.5, 1.9375, 13.5625], "texture": "#0"},
				"south": {"uv": [2.9375, 3.625, 3.8125, 3.6875], "texture": "#0"},
				"west": {"uv": [9, 10.8125, 9.75, 10.875], "texture": "#0"},
				"up": {"uv": [9, 6.8125, 9.75, 7.6875], "rotation": 90, "texture": "#0"}
			}
		},
		{
			"from": [-1, 28, -16],
			"to": [17, 29, -11],
			"faces": {
				"north": {"uv": [7.25, 3.625, 8.5, 3.6875], "texture": "#0"},
				"east": {"uv": [1.9375, 13.5, 2.25, 13.5625], "texture": "#0"},
				"south": {"uv": [2.75, 3.625, 4, 3.6875], "texture": "#0"},
				"west": {"uv": [8.6875, 10.8125, 9, 10.875], "texture": "#0"},
				"up": {"uv": [8.6875, 6.6875, 9, 7.8125], "rotation": 90, "texture": "#0"}
			}
		},
		{
			"from": [3, 29, -12],
			"to": [13, 30, 0],
			"faces": {
				"east": {"uv": [1.25, 13.4375, 2, 13.5], "texture": "#0"},
				"south": {"uv": [3.0625, 3.5625, 3.6875, 3.625], "texture": "#0"},
				"west": {"uv": [8.9375, 10.75, 9.6875, 10.8125], "texture": "#0"},
				"up": {"uv": [8.9375, 6.9375, 9.6875, 7.5625], "rotation": 90, "texture": "#0"}
			}
		},
		{
			"from": [1, 29, -16],
			"to": [15, 30, -12],
			"faces": {
				"north": {"uv": [7.375, 3.5625, 8.375, 3.625], "texture": "#0"},
				"east": {"uv": [2, 13.4375, 2.25, 13.5], "texture": "#0"},
				"south": {"uv": [2.875, 3.5625, 3.875, 3.625], "texture": "#0"},
				"west": {"uv": [8.6875, 10.75, 8.9375, 10.8125], "texture": "#0"},
				"up": {"uv": [8.6875, 6.8125, 8.9375, 7.6875], "rotation": 90, "texture": "#0"}
			}
		},
		{
			"from": [5, 30, -14],
			"to": [11, 31, -1],
			"faces": {
				"east": {"uv": [1.3125, 13.375, 2.125, 13.4375], "texture": "#0"},
				"south": {"uv": [3.1875, 3.5, 3.5625, 3.5625], "texture": "#0"},
				"west": {"uv": [8.8125, 10.6875, 9.625, 10.75], "texture": "#0"},
				"up": {"uv": [8.8125, 7.0625, 9.625, 7.4375], "rotation": 90, "texture": "#0"}
			}
		},
		{
			"from": [3, 30, -16],
			"to": [13, 31, -14],
			"faces": {
				"north": {"uv": [7.5, 3.5, 8.25, 3.5625], "texture": "#0"},
				"east": {"uv": [2.125, 13.375, 2.25, 13.4375], "texture": "#0"},
				"south": {"uv": [3, 3.5, 3.75, 3.5625], "texture": "#0"},
				"west": {"uv": [8.6875, 10.6875, 8.8125, 10.75], "texture": "#0"},
				"up": {"uv": [8.6875, 6.9375, 8.8125, 7.5625], "rotation": 90, "texture": "#0"}
			}
		},
		{
			"from": [19, 9, -16],
			"to": [23, 13, 4],
			"faces": {
				"north": {"uv": [6.9375, 4.625, 7.1875, 4.875], "texture": "#0"},
				"east": {"uv": [1, 14.5, 2.25, 14.75], "texture": "#0"},
				"south": {"uv": [4.0625, 4.625, 4.3125, 4.875], "texture": "#0"},
				"west": {"uv": [12, 10, 13.25, 10.25], "texture": "#0"},
				"up": {"uv": [8.6875, 6.3125, 9.9375, 6.5625], "rotation": 90, "texture": "#0"}
			}
		},
		{
			"from": [-7, 9, -16],
			"to": [-3, 13, 4],
			"faces": {
				"north": {"uv": [8.5625, 4.625, 8.8125, 4.875], "texture": "#0"},
				"east": {"uv": [14.75, 10, 16, 10.25], "texture": "#0"},
				"south": {"uv": [2.4375, 4.625, 2.6875, 4.875], "texture": "#0"},
				"west": {"uv": [8.6875, 11.8125, 9.9375, 12.0625], "texture": "#0"},
				"up": {"uv": [8.6875, 7.9375, 9.9375, 8.1875], "rotation": 90, "texture": "#0"}
			}
		},
		{
			"from": [-3, 5, 3],
			"to": [3, 11, 4],
			"faces": {
				"north": {"uv": [14.3125, 10.125, 14.6875, 10.5], "texture": "#0"},
				"east": {"uv": [1, 14.625, 1.0625, 15], "texture": "#0"},
				"south": {"uv": [2.6875, 4.75, 3.0625, 5.125], "texture": "#0"},
				"down": {"uv": [14.3125, 10.5, 14.6875, 10.5625], "texture": "#0"}
			}
		},
		{
			"from": [13, 5, 3],
			"to": [19, 11, 4],
			"faces": {
				"north": {"uv": [13.3125, 10.125, 13.6875, 10.5], "texture": "#0"},
				"south": {"uv": [3.6875, 4.75, 4.0625, 5.125], "texture": "#0"},
				"west": {"uv": [9.875, 11.9375, 9.9375, 12.3125], "texture": "#0"},
				"down": {"uv": [13.3125, 10.5, 13.6875, 10.5625], "texture": "#0"}
			}
		},
		{
			"from": [12, 11, 3],
			"to": [19, 12, 4],
			"faces": {
				"north": {"uv": [13.3125, 10.0625, 13.75, 10.125], "texture": "#0"},
				"south": {"uv": [3.625, 4.6875, 4.0625, 4.75], "texture": "#0"},
				"west": {"uv": [9.875, 11.875, 9.9375, 11.9375], "texture": "#0"},
				"down": {"uv": [10.9375, 9.75, 11, 10.1875], "rotation": 270, "texture": "#0"}
			}
		},
		{
			"from": [-3, 11, 3],
			"to": [4, 12, 4],
			"faces": {
				"north": {"uv": [14.25, 10.0625, 14.6875, 10.125], "texture": "#0"},
				"east": {"uv": [1, 14.5625, 1.0625, 14.625], "texture": "#0"},
				"south": {"uv": [2.6875, 4.6875, 3.125, 4.75], "texture": "#0"},
				"down": {"uv": [10.9375, 8.8125, 11, 9.25], "rotation": 270, "texture": "#0"}
			}
		},
		{
			"from": [-8, 5, -16],
			"to": [-3, 9, 4],
			"faces": {
				"north": {"uv": [8.5625, 4.875, 8.875, 5.125], "texture": "#0"},
				"east": {"uv": [14.75, 10.25, 16, 10.5], "texture": "#0"},
				"south": {"uv": [2.375, 4.875, 2.6875, 5.125], "texture": "#0"},
				"west": {"uv": [8.6875, 12.0625, 9.9375, 12.3125], "texture": "#0"},
				"up": {"uv": [8.6875, 7.9375, 9.9375, 8.25], "rotation": 90, "texture": "#0"}
			}
		},
		{
			"from": [19, 5, -16],
			"to": [24, 9, 4],
			"faces": {
				"north": {"uv": [6.875, 4.875, 7.1875, 5.125], "texture": "#0"},
				"east": {"uv": [1, 14.75, 2.25, 15], "texture": "#0"},
				"south": {"uv": [4.0625, 4.875, 4.375, 5.125], "texture": "#0"},
				"west": {"uv": [12, 10.25, 13.25, 10.5], "texture": "#0"},
				"up": {"uv": [8.6875, 6.25, 9.9375, 6.5625], "rotation": 90, "texture": "#0"}
			}
		},
		{
			"from": [19, -2, -16],
			"to": [25, 5, 5],
			"faces": {
				"north": {"uv": [6.8125, 5.125, 7.1875, 5.5625], "texture": "#0"},
				"east": {"uv": [0.9375, 15, 2.25, 15.4375], "texture": "#0"},
				"south": {"uv": [4.0625, 5.125, 4.4375, 5.5625], "texture": "#0"},
				"west": {"uv": [12, 10.5, 13.3125, 10.9375], "texture": "#0"},
				"up": {"uv": [8.6875, 6.1875, 10, 6.5625], "rotation": 90, "texture": "#0"}
			}
		},
		{
			"from": [-3, 4, 4],
			"to": [4, 5, 5],
			"faces": {
				"north": {"uv": [14.25, 10.5625, 14.6875, 10.625], "texture": "#0"},
				"east": {"uv": [0.9375, 15, 1, 15.0625], "texture": "#0"},
				"south": {"uv": [2.6875, 5.125, 3.125, 5.1875], "texture": "#0"},
				"up": {"uv": [9.9375, 7.5, 10, 7.9375], "rotation": 90, "texture": "#0"}
			}
		},
		{
			"from": [-3, -2, 4],
			"to": [19, 4, 5],
			"faces": {
				"north": {"uv": [13.3125, 10.625, 14.6875, 11], "texture": "#0"},
				"south": {"uv": [2.6875, 5.1875, 4.0625, 5.5625], "texture": "#0"},
				"up": {"uv": [9.9375, 6.5625, 10, 7.9375], "rotation": 90, "texture": "#0"}
			}
		},
		{
			"from": [12, 4, 4],
			"to": [19, 5, 5],
			"faces": {
				"north": {"uv": [13.3125, 10.5625, 13.75, 10.625], "texture": "#0"},
				"south": {"uv": [3.625, 5.125, 4.0625, 5.1875], "texture": "#0"},
				"west": {"uv": [9.9375, 12.3125, 10, 12.375], "texture": "#0"},
				"up": {"uv": [9.9375, 6.5625, 10, 7], "rotation": 90, "texture": "#0"}
			}
		},
		{
			"from": [-9, -2, -16],
			"to": [-3, 5, 5],
			"faces": {
				"north": {"uv": [8.5625, 5.125, 8.9375, 5.5625], "texture": "#0"},
				"east": {"uv": [14.6875, 10.5, 16, 10.9375], "texture": "#0"},
				"south": {"uv": [2.3125, 5.125, 2.6875, 5.5625], "texture": "#0"},
				"west": {"uv": [8.6875, 12.3125, 10, 12.75], "texture": "#0"},
				"up": {"uv": [8.6875, 7.9375, 10, 8.3125], "rotation": 90, "texture": "#0"}
			}
		},
		{
			"from": [5, 31, -16],
			"to": [11, 32, 10],
			"faces": {
				"north": {"uv": [0.9375, 3.3125, 1.3125, 3.375], "texture": "#0"},
				"east": {"uv": [6.75, 2.0625, 8.375, 2.125], "texture": "#0"},
				"south": {"uv": [3.1875, 3.3125, 3.5625, 3.375], "texture": "#0"},
				"west": {"uv": [5.25, 1, 6.875, 1.0625], "texture": "#0"},
				"up": {"uv": [0, 1.875, 1.625, 2.25], "rotation": 90, "texture": "#0"},
				"down": {"uv": [2.625, 1.875, 4.25, 2.25], "rotation": 270, "texture": "#0"}
			}
		},
		{
			"from": [3, 30, 10],
			"to": [13, 31, 26],
			"faces": {
				"north": {"uv": [0.8125, 3.375, 1.4375, 3.4375], "texture": "#0"},
				"east": {"uv": [5.75, 2.125, 6.75, 2.1875], "texture": "#0"},
				"south": {"uv": [3.0625, 3.375, 3.6875, 3.4375], "texture": "#0"},
				"west": {"uv": [6.875, 1.0625, 7.875, 1.125], "texture": "#0"},
				"up": {"uv": [1.625, 1.75, 2.625, 2.375], "rotation": 90, "texture": "#0"},
				"down": {"uv": [4.25, 1.75, 5.25, 2.375], "rotation": 270, "texture": "#0"}
			}
		},
		{
			"from": [11, 30, -14],
			"to": [13, 31, 10],
			"faces": {
				"north": {"uv": [0.8125, 3.375, 0.9375, 3.4375], "texture": "#0"},
				"east": {"uv": [6.75, 2.125, 8.25, 2.1875], "texture": "#0"},
				"south": {"uv": [3.5625, 3.375, 3.6875, 3.4375], "texture": "#0"},
				"west": {"uv": [5.375, 1.5625, 6.875, 1.625], "texture": "#0"},
				"up": {"uv": [0.125, 1.75, 1.625, 1.875], "rotation": 90, "texture": "#0"},
				"down": {"uv": [2.75, 2.25, 4.25, 2.375], "rotation": 270, "texture": "#0"}
			}
		},
		{
			"from": [3, 30, -14],
			"to": [5, 31, 10],
			"faces": {
				"north": {"uv": [1.3125, 3.375, 1.4375, 3.4375], "texture": "#0"},
				"east": {"uv": [6.25, 2.625, 7.75, 2.6875], "texture": "#0"},
				"south": {"uv": [3.0625, 3.375, 3.1875, 3.4375], "texture": "#0"},
				"west": {"uv": [5.375, 1.0625, 6.875, 1.125], "texture": "#0"},
				"up": {"uv": [0.125, 2.25, 1.625, 2.375], "rotation": 90, "texture": "#0"},
				"down": {"uv": [2.75, 1.75, 4.25, 1.875], "rotation": 270, "texture": "#0"}
			}
		},
		{
			"from": [13, 29, -12],
			"to": [15, 30, 26],
			"faces": {
				"north": {"uv": [0.6875, 3.4375, 0.8125, 3.5], "texture": "#0"},
				"east": {"uv": [5.75, 2.1875, 8.125, 2.25], "texture": "#0"},
				"south": {"uv": [3.6875, 3.4375, 3.8125, 3.5], "texture": "#0"},
				"west": {"uv": [5.5, 1.625, 7.875, 1.6875], "texture": "#0"},
				"up": {"uv": [0.25, 1.625, 2.625, 1.75], "rotation": 90, "texture": "#0"},
				"down": {"uv": [2.875, 2.375, 5.25, 2.5], "rotation": 270, "texture": "#0"}
			}
		},
		{
			"from": [1, 29, -12],
			"to": [3, 30, 26],
			"faces": {
				"north": {"uv": [1.4375, 3.4375, 1.5625, 3.5], "texture": "#0"},
				"east": {"uv": [5.25, 2.6875, 7.625, 2.75], "texture": "#0"},
				"south": {"uv": [2.9375, 3.4375, 3.0625, 3.5], "texture": "#0"},
				"west": {"uv": [5.5, 1.125, 7.875, 1.1875], "texture": "#0"},
				"up": {"uv": [0.25, 2.375, 2.625, 2.5], "rotation": 90, "texture": "#0"},
				"down": {"uv": [2.875, 1.625, 5.25, 1.75], "rotation": 270, "texture": "#0"}
			}
		},
		{
			"from": [15, 28, -11],
			"to": [17, 29, 26],
			"faces": {
				"north": {"uv": [0.5625, 3.5, 0.6875, 3.5625], "texture": "#0"},
				"east": {"uv": [5.75, 2.25, 8.0625, 2.3125], "texture": "#0"},
				"south": {"uv": [3.8125, 3.5, 3.9375, 3.5625], "texture": "#0"},
				"west": {"uv": [5.5625, 1.6875, 7.875, 1.75], "texture": "#0"},
				"up": {"uv": [0.3125, 1.5, 2.625, 1.625], "rotation": 90, "texture": "#0"},
				"down": {"uv": [2.9375, 2.5, 5.25, 2.625], "rotation": 270, "texture": "#0"}
			}
		},
		{
			"from": [-1, 28, -11],
			"to": [1, 29, 26],
			"faces": {
				"north": {"uv": [1.5625, 3.5, 1.6875, 3.5625], "texture": "#0"},
				"east": {"uv": [5.25, 2.75, 7.5625, 2.8125], "texture": "#0"},
				"south": {"uv": [2.8125, 3.5, 2.9375, 3.5625], "texture": "#0"},
				"west": {"uv": [5.5625, 1.1875, 7.875, 1.25], "texture": "#0"},
				"up": {"uv": [0.3125, 2.5, 2.625, 2.625], "rotation": 90, "texture": "#0"},
				"down": {"uv": [2.9375, 1.5, 5.25, 1.625], "rotation": 270, "texture": "#0"}
			}
		},
		{
			"from": [17, 27, -9],
			"to": [19, 28, 26],
			"faces": {
				"north": {"uv": [0.4375, 3.5625, 0.5625, 3.625], "texture": "#0"},
				"east": {"uv": [5.75, 2.3125, 7.9375, 2.375], "texture": "#0"},
				"south": {"uv": [3.9375, 3.5625, 4.0625, 3.625], "texture": "#0"},
				"west": {"uv": [5.6875, 1.75, 7.875, 1.8125], "texture": "#0"},
				"up": {"uv": [0.4375, 1.375, 2.625, 1.5], "rotation": 90, "texture": "#0"},
				"down": {"uv": [3.0625, 2.625, 5.25, 2.75], "rotation": 270, "texture": "#0"}
			}
		},
		{
			"from": [-3, 27, -9],
			"to": [-1, 28, 26],
			"faces": {
				"north": {"uv": [1.6875, 3.5625, 1.8125, 3.625], "texture": "#0"},
				"east": {"uv": [5.25, 2.8125, 7.4375, 2.875], "texture": "#0"},
				"south": {"uv": [2.6875, 3.5625, 2.8125, 3.625], "texture": "#0"},
				"west": {"uv": [5.6875, 1.25, 7.875, 1.3125], "texture": "#0"},
				"up": {"uv": [0.4375, 2.625, 2.625, 2.75], "rotation": 90, "texture": "#0"},
				"down": {"uv": [3.0625, 1.375, 5.25, 1.5], "rotation": 270, "texture": "#0"}
			}
		},
		{
			"from": [19, 26, -9],
			"to": [20, 27, 26],
			"faces": {
				"north": {"uv": [0.375, 3.625, 0.4375, 3.6875], "texture": "#0"},
				"east": {"uv": [5.75, 2.375, 7.9375, 2.4375], "texture": "#0"},
				"south": {"uv": [4.0625, 3.625, 4.125, 3.6875], "texture": "#0"},
				"west": {"uv": [5.6875, 1.8125, 7.875, 1.875], "texture": "#0"},
				"up": {"uv": [0.4375, 1.3125, 2.625, 1.375], "rotation": 90, "texture": "#0"},
				"down": {"uv": [3.0625, 2.75, 5.25, 2.8125], "rotation": 270, "texture": "#0"}
			}
		},
		{
			"from": [-5, 26, -8],
			"to": [-4, 27, 26],
			"faces": {
				"north": {"uv": [1.875, 3.625, 1.9375, 3.6875], "texture": "#0"},
				"south": {"uv": [2.5625, 3.625, 2.625, 3.6875], "texture": "#0"},
				"west": {"uv": [5.75, 1.3125, 7.875, 1.375], "texture": "#0"},
				"up": {"uv": [0.5, 2.8125, 2.625, 2.875], "rotation": 90, "texture": "#0"},
				"down": {"uv": [3.125, 1.25, 5.25, 1.3125], "rotation": 270, "texture": "#0"}
			}
		},
		{
			"from": [20, 26, -8],
			"to": [21, 27, 26],
			"faces": {
				"north": {"uv": [0.3125, 3.625, 0.375, 3.6875], "texture": "#0"},
				"east": {"uv": [5.75, 2.375, 7.875, 2.4375], "texture": "#0"},
				"south": {"uv": [4.125, 3.625, 4.1875, 3.6875], "texture": "#0"},
				"up": {"uv": [0.5, 1.25, 2.625, 1.3125], "rotation": 90, "texture": "#0"},
				"down": {"uv": [3.125, 2.8125, 5.25, 2.875], "rotation": 270, "texture": "#0"}
			}
		},
		{
			"from": [-4, 26, -9],
			"to": [-3, 27, 26],
			"faces": {
				"north": {"uv": [1.8125, 3.625, 1.875, 3.6875], "texture": "#0"},
				"east": {"uv": [5.25, 2.875, 7.4375, 2.9375], "texture": "#0"},
				"south": {"uv": [2.625, 3.625, 2.6875, 3.6875], "texture": "#0"},
				"west": {"uv": [5.6875, 1.3125, 7.875, 1.375], "texture": "#0"},
				"up": {"uv": [0.4375, 2.75, 2.625, 2.8125], "rotation": 90, "texture": "#0"},
				"down": {"uv": [3.0625, 1.3125, 5.25, 1.375], "rotation": 270, "texture": "#0"}
			}
		},
		{
			"from": [-6, 25, -7],
			"to": [-5, 26, 26],
			"faces": {
				"north": {"uv": [1.9375, 3.6875, 2, 3.75], "texture": "#0"},
				"east": {"uv": [5.25, 2.9375, 7.3125, 3], "texture": "#0"},
				"south": {"uv": [2.5, 3.6875, 2.5625, 3.75], "texture": "#0"},
				"west": {"uv": [5.8125, 1.375, 7.875, 1.4375], "texture": "#0"},
				"up": {"uv": [0.5625, 2.875, 2.625, 2.9375], "rotation": 90, "texture": "#0"},
				"down": {"uv": [3.1875, 1.1875, 5.25, 1.25], "rotation": 270, "texture": "#0"}
			}
		},
		{
			"from": [-7, 25, -6],
			"to": [-6, 26, 26],
			"faces": {
				"north": {"uv": [2, 3.6875, 2.0625, 3.75], "texture": "#0"},
				"south": {"uv": [2.4375, 3.6875, 2.5, 3.75], "texture": "#0"},
				"west": {"uv": [5.875, 1.375, 7.875, 1.4375], "texture": "#0"},
				"up": {"uv": [0.625, 2.9375, 2.625, 3], "rotation": 90, "texture": "#0"},
				"down": {"uv": [3.25, 1.125, 5.25, 1.1875], "rotation": 270, "texture": "#0"}
			}
		},
		{
			"from": [21, 25, -7],
			"to": [22, 26, 26],
			"faces": {
				"north": {"uv": [0.25, 3.6875, 0.3125, 3.75], "texture": "#0"},
				"east": {"uv": [5.75, 2.4375, 7.8125, 2.5], "texture": "#0"},
				"south": {"uv": [4.1875, 3.6875, 4.25, 3.75], "texture": "#0"},
				"west": {"uv": [5.8125, 1.875, 7.875, 1.9375], "texture": "#0"},
				"up": {"uv": [0.5625, 1.1875, 2.625, 1.25], "rotation": 90, "texture": "#0"},
				"down": {"uv": [3.1875, 2.875, 5.25, 2.9375], "rotation": 270, "texture": "#0"}
			}
		},
		{
			"from": [22, 25, -6],
			"to": [23, 26, 26],
			"faces": {
				"north": {"uv": [0.1875, 3.6875, 0.25, 3.75], "texture": "#0"},
				"east": {"uv": [5.75, 2.4375, 7.75, 2.5], "texture": "#0"},
				"south": {"uv": [4.25, 3.6875, 4.3125, 3.75], "texture": "#0"},
				"up": {"uv": [0.625, 1.125, 2.625, 1.1875], "rotation": 90, "texture": "#0"},
				"down": {"uv": [3.25, 2.9375, 5.25, 3], "rotation": 270, "texture": "#0"}
			}
		},
		{
			"from": [-8, 24, -6],
			"to": [-7, 25, 26],
			"faces": {
				"north": {"uv": [2.0625, 3.75, 2.125, 3.8125], "texture": "#0"},
				"east": {"uv": [5.25, 3, 7.25, 3.0625], "texture": "#0"},
				"south": {"uv": [2.375, 3.75, 2.4375, 3.8125], "texture": "#0"},
				"west": {"uv": [5.875, 1.4375, 7.875, 1.5], "texture": "#0"},
				"up": {"uv": [0.625, 3, 2.625, 3.0625], "rotation": 90, "texture": "#0"},
				"down": {"uv": [3.25, 1.0625, 5.25, 1.125], "rotation": 270, "texture": "#0"}
			}
		},
		{
			"from": [-9, 24, -5],
			"to": [-8, 25, 26],
			"faces": {
				"north": {"uv": [2.125, 3.75, 2.1875, 3.8125], "texture": "#0"},
				"south": {"uv": [2.3125, 3.75, 2.375, 3.8125], "texture": "#0"},
				"west": {"uv": [5.9375, 1.4375, 7.875, 1.5], "texture": "#0"},
				"up": {"uv": [0.6875, 3.0625, 2.625, 3.125], "rotation": 90, "texture": "#0"},
				"down": {"uv": [3.3125, 1, 5.25, 1.0625], "rotation": 270, "texture": "#0"}
			}
		},
		{
			"from": [23, 24, -6],
			"to": [24, 25, 26],
			"faces": {
				"north": {"uv": [0.125, 3.75, 0.1875, 3.8125], "texture": "#0"},
				"east": {"uv": [5.75, 2.5, 7.75, 2.5625], "texture": "#0"},
				"south": {"uv": [4.3125, 3.75, 4.375, 3.8125], "texture": "#0"},
				"west": {"uv": [5.875, 1.9375, 7.875, 2], "texture": "#0"},
				"up": {"uv": [0.625, 1.0625, 2.625, 1.125], "rotation": 90, "texture": "#0"},
				"down": {"uv": [3.25, 3, 5.25, 3.0625], "rotation": 270, "texture": "#0"}
			}
		},
		{
			"from": [24, 24, -5],
			"to": [25, 25, 26],
			"faces": {
				"north": {"uv": [0.0625, 3.75, 0.125, 3.8125], "texture": "#0"},
				"east": {"uv": [5.75, 2.5, 7.6875, 2.5625], "texture": "#0"},
				"south": {"uv": [4.375, 3.75, 4.4375, 3.8125], "texture": "#0"},
				"up": {"uv": [0.6875, 1, 2.625, 1.0625], "rotation": 90, "texture": "#0"},
				"down": {"uv": [3.3125, 3.0625, 5.25, 3.125], "rotation": 270, "texture": "#0"}
			}
		},
		{
			"from": [25, 23, -4],
			"to": [26, 24, 26],
			"faces": {
				"north": {"uv": [0, 3.8125, 0.0625, 3.875], "texture": "#0"},
				"east": {"uv": [5.75, 2.5625, 7.625, 2.625], "texture": "#0"},
				"south": {"uv": [4.4375, 3.8125, 4.5, 3.875], "texture": "#0"},
				"west": {"uv": [6, 2, 7.875, 2.0625], "texture": "#0"},
				"up": {"uv": [0.75, 0.9375, 2.625, 1], "rotation": 90, "texture": "#0"},
				"down": {"uv": [3.375, 3.125, 5.25, 3.1875], "rotation": 270, "texture": "#0"}
			}
		},
		{
			"from": [-10, 23, -4],
			"to": [-9, 24, 26],
			"faces": {
				"north": {"uv": [2.1875, 3.8125, 2.25, 3.875], "texture": "#0"},
				"east": {"uv": [5.25, 3.0625, 7.125, 3.125], "texture": "#0"},
				"south": {"uv": [2.25, 3.8125, 2.3125, 3.875], "texture": "#0"},
				"west": {"uv": [6, 1.5, 7.875, 1.5625], "texture": "#0"},
				"up": {"uv": [0.75, 3.125, 2.625, 3.1875], "rotation": 90, "texture": "#0"},
				"down": {"uv": [3.375, 0.9375, 5.25, 1], "rotation": 270, "texture": "#0"}
			}
		},
		{
			"from": [-9, 5, -4],
			"to": [-8, 24, -3],
			"faces": {
				"north": {"uv": [12.4375, 12.625, 12.5, 13.8125], "texture": "#0"},
				"east": {"uv": [15.5, 12.625, 15.5625, 13.8125], "texture": "#0"},
				"south": {"uv": [15.4375, 12.625, 15.5, 13.8125], "texture": "#0"},
				"west": {"uv": [12.5, 12.625, 12.5625, 13.8125], "texture": "#0"}
			}
		},
		{
			"from": [-8, 9, -5],
			"to": [-7, 19, -4],
			"faces": {
				"north": {"uv": [12.3125, 12.9375, 12.375, 13.5625], "texture": "#0"},
				"east": {"uv": [15.625, 12.9375, 15.6875, 13.5625], "texture": "#0"},
				"south": {"uv": [15.5625, 12.9375, 15.625, 13.5625], "texture": "#0"},
				"west": {"uv": [12.375, 12.9375, 12.4375, 13.5625], "texture": "#0"},
				"up": {"uv": [12.4375, 12.5625, 12.5, 12.625], "texture": "#0"}
			}
		},
		{
			"from": [-7, 13, -6],
			"to": [-6, 19, -5],
			"faces": {
				"north": {"uv": [12.1875, 12.9375, 12.25, 13.3125], "texture": "#0"},
				"east": {"uv": [15.75, 12.9375, 15.8125, 13.3125], "texture": "#0"},
				"south": {"uv": [15.6875, 12.9375, 15.75, 13.3125], "texture": "#0"},
				"west": {"uv": [12.25, 12.9375, 12.3125, 13.3125], "texture": "#0"},
				"up": {"uv": [12.375, 12.5625, 12.4375, 12.625], "texture": "#0"}
			}
		},
		{
			"from": [-6, 17, -7],
			"to": [-5, 22, -6],
			"faces": {
				"north": {"uv": [12.0625, 12.75, 12.125, 13.0625], "texture": "#0"},
				"east": {"uv": [15.875, 12.75, 15.9375, 13.0625], "texture": "#0"},
				"south": {"uv": [15.8125, 12.75, 15.875, 13.0625], "texture": "#0"},
				"west": {"uv": [12.125, 12.75, 12.1875, 13.0625], "texture": "#0"},
				"up": {"uv": [12.3125, 12.5625, 12.375, 12.625], "texture": "#0"}
			}
		},
		{
			"from": [-5, 22, -8],
			"to": [-4, 26, -7],
			"faces": {
				"north": {"uv": [11.9375, 12.5, 12, 12.75], "texture": "#0"},
				"south": {"uv": [15.9375, 12.5, 16, 12.75], "texture": "#0"},
				"west": {"uv": [12, 12.5, 12.0625, 12.75], "texture": "#0"}
			}
		},
		{
			"from": [-8, 19, -5],
			"to": [-7, 24, -4],
			"faces": {
				"north": {"uv": [12.3125, 12.625, 12.375, 12.9375], "texture": "#0"},
				"east": {"uv": [15.625, 12.625, 15.6875, 12.9375], "texture": "#0"},
				"south": {"uv": [15.5625, 12.625, 15.625, 12.9375], "texture": "#0"},
				"west": {"uv": [12.375, 12.625, 12.4375, 12.9375], "texture": "#0"}
			}
		},
		{
			"from": [-7, 19, -6],
			"to": [-6, 25, -5],
			"faces": {
				"north": {"uv": [12.1875, 12.5625, 12.25, 12.9375], "texture": "#0"},
				"east": {"uv": [15.75, 12.5625, 15.8125, 12.9375], "texture": "#0"},
				"south": {"uv": [15.6875, 12.5625, 15.75, 12.9375], "texture": "#0"},
				"west": {"uv": [12.25, 12.5625, 12.3125, 12.9375], "texture": "#0"}
			}
		},
		{
			"from": [-6, 22, -7],
			"to": [-5, 25, -6],
			"faces": {
				"north": {"uv": [12.0625, 12.5625, 12.125, 12.75], "texture": "#0"},
				"east": {"uv": [15.875, 12.5625, 15.9375, 12.75], "texture": "#0"},
				"south": {"uv": [15.8125, 12.5625, 15.875, 12.75], "texture": "#0"},
				"west": {"uv": [12.125, 12.5625, 12.1875, 12.75], "texture": "#0"}
			}
		},
		{
			"from": [24, 5, -4],
			"to": [25, 24, -3],
			"rotation": {"angle": 0, "axis": "y", "origin": [16, 0, 0]},
			"faces": {
				"north": {"uv": [12.5, 14.3125, 12.4375, 15.5], "texture": "#0"},
				"east": {"uv": [12.5625, 14.3125, 12.5, 15.5], "texture": "#0"},
				"south": {"uv": [15.5, 14.3125, 15.4375, 15.5], "texture": "#0"},
				"west": {"uv": [15.5625, 14.3125, 15.5, 15.5], "texture": "#0"}
			}
		},
		{
			"from": [23, 9, -5],
			"to": [24, 19, -4],
			"rotation": {"angle": 0, "axis": "y", "origin": [16, 0, 0]},
			"faces": {
				"north": {"uv": [12.375, 14.625, 12.3125, 15.25], "texture": "#0"},
				"east": {"uv": [12.4375, 14.625, 12.375, 15.25], "texture": "#0"},
				"south": {"uv": [15.625, 14.625, 15.5625, 15.25], "texture": "#0"},
				"west": {"uv": [15.6875, 14.625, 15.625, 15.25], "texture": "#0"},
				"up": {"uv": [12.5, 14.25, 12.4375, 14.3125], "texture": "#0"}
			}
		},
		{
			"from": [22, 13, -6],
			"to": [23, 19, -5],
			"rotation": {"angle": 0, "axis": "y", "origin": [16, 0, 0]},
			"faces": {
				"north": {"uv": [12.25, 14.625, 12.1875, 15], "texture": "#0"},
				"east": {"uv": [12.3125, 14.625, 12.25, 15], "texture": "#0"},
				"south": {"uv": [15.75, 14.625, 15.6875, 15], "texture": "#0"},
				"west": {"uv": [15.8125, 14.625, 15.75, 15], "texture": "#0"},
				"up": {"uv": [12.4375, 14.25, 12.375, 14.3125], "texture": "#0"}
			}
		},
		{
			"from": [21, 17, -7],
			"to": [22, 22, -6],
			"rotation": {"angle": 0, "axis": "y", "origin": [16, 0, 0]},
			"faces": {
				"north": {"uv": [12.125, 14.4375, 12.0625, 14.75], "texture": "#0"},
				"east": {"uv": [12.1875, 14.4375, 12.125, 14.75], "texture": "#0"},
				"south": {"uv": [15.875, 14.4375, 15.8125, 14.75], "texture": "#0"},
				"west": {"uv": [15.9375, 14.4375, 15.875, 14.75], "texture": "#0"},
				"up": {"uv": [12.375, 14.25, 12.3125, 14.3125], "texture": "#0"}
			}
		},
		{
			"from": [20, 22, -8],
			"to": [21, 26, -7],
			"rotation": {"angle": 0, "axis": "y", "origin": [16, 0, 0]},
			"faces": {
				"north": {"uv": [12, 14.1875, 11.9375, 14.4375], "texture": "#0"},
				"east": {"uv": [12.0625, 14.1875, 12, 14.4375], "texture": "#0"},
				"south": {"uv": [16, 14.1875, 15.9375, 14.4375], "texture": "#0"}
			}
		},
		{
			"from": [23, 19, -5],
			"to": [24, 24, -4],
			"rotation": {"angle": 0, "axis": "y", "origin": [16, 0, 0]},
			"faces": {
				"north": {"uv": [12.375, 14.3125, 12.3125, 14.625], "texture": "#0"},
				"east": {"uv": [12.4375, 14.3125, 12.375, 14.625], "texture": "#0"},
				"south": {"uv": [15.625, 14.3125, 15.5625, 14.625], "texture": "#0"},
				"west": {"uv": [15.6875, 14.3125, 15.625, 14.625], "texture": "#0"}
			}
		},
		{
			"from": [22, 19, -6],
			"to": [23, 25, -5],
			"rotation": {"angle": 0, "axis": "y", "origin": [16, 0, 0]},
			"faces": {
				"north": {"uv": [12.25, 14.25, 12.1875, 14.625], "texture": "#0"},
				"east": {"uv": [12.3125, 14.25, 12.25, 14.625], "texture": "#0"},
				"south": {"uv": [15.75, 14.25, 15.6875, 14.625], "texture": "#0"},
				"west": {"uv": [15.8125, 14.25, 15.75, 14.625], "texture": "#0"}
			}
		},
		{
			"from": [21, 22, -7],
			"to": [22, 25, -6],
			"rotation": {"angle": 0, "axis": "y", "origin": [16, 0, 0]},
			"faces": {
				"north": {"uv": [12.125, 14.25, 12.0625, 14.4375], "texture": "#0"},
				"east": {"uv": [12.1875, 14.25, 12.125, 14.4375], "texture": "#0"},
				"south": {"uv": [15.875, 14.25, 15.8125, 14.4375], "texture": "#0"},
				"west": {"uv": [15.9375, 14.25, 15.875, 14.4375], "texture": "#0"}
			}
		},
		{
			"from": [-10, -3, -3],
			"to": [-9, 15, 19],
			"rotation": {"angle": 0, "axis": "y", "origin": [-1, 0, 0]},
			"faces": {
				"north": {"uv": [12.5625, 13.1875, 12.625, 14.3125], "texture": "#0"},
				"east": {"uv": [14.0625, 13.1875, 15.4375, 14.3125], "texture": "#0"},
				"south": {"uv": [14, 13.1875, 14.0625, 14.3125], "texture": "#0"},
				"west": {"uv": [12.625, 13.1875, 14, 14.3125], "texture": "#0"},
				"up": {"uv": [12.625, 12.625, 14, 12.6875], "rotation": 90, "texture": "#0"}
			}
		},
		{
			"from": [-10, 15, -3],
			"to": [-9, 22, -1],
			"rotation": {"angle": 0, "axis": "y", "origin": [-1, 0, 0]},
			"faces": {
				"north": {"uv": [12.5625, 12.75, 12.625, 13.1875], "texture": "#0"},
				"east": {"uv": [15.3125, 12.75, 15.4375, 13.1875], "texture": "#0"},
				"south": {"uv": [12.75, 12.75, 12.8125, 13.1875], "texture": "#0"},
				"west": {"uv": [12.625, 12.75, 12.75, 13.1875], "texture": "#0"}
			}
		},
		{
			"from": [-10, 15, 5],
			"to": [-9, 22, 7],
			"rotation": {"angle": 0, "axis": "y", "origin": [-1, 0, 0]},
			"faces": {
				"north": {"uv": [13.0625, 12.75, 13.125, 13.1875], "texture": "#0"},
				"east": {"uv": [14.8125, 12.75, 14.9375, 13.1875], "texture": "#0"},
				"south": {"uv": [13.25, 12.75, 13.3125, 13.1875], "texture": "#0"},
				"west": {"uv": [13.125, 12.75, 13.25, 13.1875], "texture": "#0"}
			}
		},
		{
			"from": [-10, 15, 13],
			"to": [-9, 22, 15],
			"rotation": {"angle": 0, "axis": "y", "origin": [-1, 0, 0]},
			"faces": {
				"north": {"uv": [13.5625, 12.75, 13.625, 13.1875], "texture": "#0"},
				"east": {"uv": [14.3125, 12.75, 14.4375, 13.1875], "texture": "#0"},
				"south": {"uv": [14, 12.75, 14.0625, 13.1875], "texture": "#0"},
				"west": {"uv": [13.625, 12.75, 13.75, 13.1875], "texture": "#0"}
			}
		},
		{
			"from": [-10, 15, 15],
			"to": [-9, 19, 16],
			"rotation": {"angle": 0, "axis": "y", "origin": [-1, 0, 0]},
			"faces": {
				"east": {"uv": [14.25, 12.9375, 14.3125, 13.1875], "texture": "#0"},
				"south": {"uv": [14, 12.9375, 14.0625, 13.1875], "texture": "#0"},
				"west": {"uv": [13.75, 12.9375, 13.8125, 13.1875], "texture": "#0"},
				"up": {"uv": [13.75, 12.875, 13.8125, 12.9375], "rotation": 90, "texture": "#0"}
			}
		},
		{
			"from": [-10, 22, 12],
			"to": [-9, 23, 16],
			"rotation": {"angle": 0, "axis": "y", "origin": [-1, 0, 0]},
			"faces": {
				"north": {"uv": [13.5, 12.6875, 13.5625, 12.75], "texture": "#0"},
				"east": {"uv": [14.25, 12.6875, 14.5, 12.75], "texture": "#0"},
				"south": {"uv": [13.8125, 12.6875, 13.875, 12.75], "texture": "#0"},
				"west": {"uv": [13.5625, 12.6875, 13.8125, 12.75], "texture": "#0"},
				"down": {"uv": [14.25, 12.625, 14.5, 12.6875], "rotation": 270, "texture": "#0"}
			}
		},
		{
			"from": [-10, 22, 4],
			"to": [-9, 23, 8],
			"rotation": {"angle": 0, "axis": "y", "origin": [-1, 0, 0]},
			"faces": {
				"north": {"uv": [13, 12.6875, 13.0625, 12.75], "texture": "#0"},
				"east": {"uv": [14.75, 12.6875, 15, 12.75], "texture": "#0"},
				"south": {"uv": [13.3125, 12.6875, 13.375, 12.75], "texture": "#0"},
				"west": {"uv": [13.0625, 12.6875, 13.3125, 12.75], "texture": "#0"},
				"down": {"uv": [14.75, 12.625, 15, 12.6875], "rotation": 270, "texture": "#0"}
			}
		},
		{
			"from": [-10, 22, -3],
			"to": [-9, 23, 0],
			"rotation": {"angle": 0, "axis": "y", "origin": [-1, 0, 0]},
			"faces": {
				"north": {"uv": [12.5625, 12.6875, 12.625, 12.75], "texture": "#0"},
				"east": {"uv": [15.25, 12.6875, 15.4375, 12.75], "texture": "#0"},
				"south": {"uv": [12.8125, 12.6875, 12.875, 12.75], "texture": "#0"},
				"west": {"uv": [12.625, 12.6875, 12.8125, 12.75], "texture": "#0"},
				"down": {"uv": [15.25, 12.625, 15.4375, 12.6875], "rotation": 270, "texture": "#0"}
			}
		},
		{
			"from": [-10, 15, 16],
			"to": [-9, 18, 18],
			"rotation": {"angle": 0, "axis": "y", "origin": [-1, 0, 0]},
			"faces": {
				"east": {"uv": [14.125, 13, 14.25, 13.1875], "texture": "#0"},
				"south": {"uv": [14, 13, 14.0625, 13.1875], "texture": "#0"},
				"west": {"uv": [13.8125, 13, 13.9375, 13.1875], "texture": "#0"},
				"up": {"uv": [13.8125, 12.9375, 13.9375, 13], "rotation": 90, "texture": "#0"}
			}
		},
		{
			"from": [-10, 15, 18],
			"to": [-9, 17, 19],
			"rotation": {"angle": 0, "axis": "y", "origin": [-1, 0, 0]},
			"faces": {
				"east": {"uv": [14.0625, 13.0625, 14.125, 13.1875], "texture": "#0"},
				"south": {"uv": [14, 13.0625, 14.0625, 13.1875], "texture": "#0"},
				"west": {"uv": [13.9375, 13.0625, 14, 13.1875], "texture": "#0"},
				"up": {"uv": [13.9375, 13, 14, 13.0625], "rotation": 90, "texture": "#0"}
			}
		},
		{
			"from": [25, -3, -3],
			"to": [26, 15, 19],
			"rotation": {"angle": 0, "axis": "y", "origin": [-1, 0, 0]},
			"faces": {
				"north": {"uv": [12.5625, 14.875, 12.625, 16], "texture": "#0"},
				"east": {"uv": [14.0625, 14.875, 15.4375, 16], "texture": "#0"},
				"south": {"uv": [14, 14.875, 14.0625, 16], "texture": "#0"},
				"west": {"uv": [12.625, 14.875, 14, 16], "texture": "#0"},
				"up": {"uv": [12.625, 14.3125, 14, 14.375], "rotation": 90, "texture": "#0"}
			}
		},
		{
			"from": [25, 15, -3],
			"to": [26, 22, -1],
			"rotation": {"angle": 0, "axis": "y", "origin": [-1, 0, 0]},
			"faces": {
				"north": {"uv": [12.5625, 14.4375, 12.625, 14.875], "texture": "#0"},
				"east": {"uv": [15.3125, 14.4375, 15.4375, 14.875], "texture": "#0"},
				"south": {"uv": [12.75, 14.4375, 12.8125, 14.875], "texture": "#0"},
				"west": {"uv": [12.625, 14.4375, 12.75, 14.875], "texture": "#0"}
			}
		},
		{
			"from": [25, 15, 5],
			"to": [26, 22, 7],
			"rotation": {"angle": 0, "axis": "y", "origin": [-1, 0, 0]},
			"faces": {
				"north": {"uv": [13.0625, 14.4375, 13.125, 14.875], "texture": "#0"},
				"east": {"uv": [14.8125, 14.4375, 14.9375, 14.875], "texture": "#0"},
				"south": {"uv": [13.25, 14.4375, 13.3125, 14.875], "texture": "#0"},
				"west": {"uv": [13.125, 14.4375, 13.25, 14.875], "texture": "#0"}
			}
		},
		{
			"from": [25, 15, 13],
			"to": [26, 22, 15],
			"rotation": {"angle": 0, "axis": "y", "origin": [-1, 0, 0]},
			"faces": {
				"north": {"uv": [13.5625, 14.4375, 13.625, 14.875], "texture": "#0"},
				"east": {"uv": [14.3125, 14.4375, 14.4375, 14.875], "texture": "#0"},
				"south": {"uv": [14, 14.4375, 14.0625, 14.875], "texture": "#0"},
				"west": {"uv": [13.625, 14.4375, 13.75, 14.875], "texture": "#0"}
			}
		},
		{
			"from": [25, 15, 15],
			"to": [26, 19, 16],
			"rotation": {"angle": 0, "axis": "y", "origin": [-1, 0, 0]},
			"faces": {
				"east": {"uv": [14.25, 14.625, 14.3125, 14.875], "texture": "#0"},
				"south": {"uv": [14, 14.625, 14.0625, 14.875], "texture": "#0"},
				"west": {"uv": [13.75, 14.625, 13.8125, 14.875], "texture": "#0"},
				"up": {"uv": [13.75, 14.5625, 13.8125, 14.625], "rotation": 90, "texture": "#0"}
			}
		},
		{
			"from": [25, 22, 12],
			"to": [26, 23, 16],
			"rotation": {"angle": 0, "axis": "y", "origin": [-1, 0, 0]},
			"faces": {
				"north": {"uv": [13.5, 14.375, 13.5625, 14.4375], "texture": "#0"},
				"east": {"uv": [14.25, 14.375, 14.5, 14.4375], "texture": "#0"},
				"south": {"uv": [13.8125, 14.375, 13.875, 14.4375], "texture": "#0"},
				"west": {"uv": [13.5625, 14.375, 13.8125, 14.4375], "texture": "#0"},
				"down": {"uv": [14.25, 14.3125, 14.5, 14.375], "rotation": 270, "texture": "#0"}
			}
		},
		{
			"from": [25, 22, 4],
			"to": [26, 23, 8],
			"rotation": {"angle": 0, "axis": "y", "origin": [-1, 0, 0]},
			"faces": {
				"north": {"uv": [13, 14.375, 13.0625, 14.4375], "texture": "#0"},
				"east": {"uv": [14.75, 14.375, 15, 14.4375], "texture": "#0"},
				"south": {"uv": [13.3125, 14.375, 13.375, 14.4375], "texture": "#0"},
				"west": {"uv": [13.0625, 14.375, 13.3125, 14.4375], "texture": "#0"},
				"down": {"uv": [14.75, 14.3125, 15, 14.375], "rotation": 270, "texture": "#0"}
			}
		},
		{
			"from": [25, 22, -3],
			"to": [26, 23, 0],
			"rotation": {"angle": 0, "axis": "y", "origin": [-1, 0, 0]},
			"faces": {
				"north": {"uv": [12.5625, 14.375, 12.625, 14.4375], "texture": "#0"},
				"east": {"uv": [15.25, 14.375, 15.4375, 14.4375], "texture": "#0"},
				"south": {"uv": [12.8125, 14.375, 12.875, 14.4375], "texture": "#0"},
				"west": {"uv": [12.625, 14.375, 12.8125, 14.4375], "texture": "#0"},
				"down": {"uv": [15.25, 14.3125, 15.4375, 14.375], "rotation": 270, "texture": "#0"}
			}
		},
		{
			"from": [25, 15, 16],
			"to": [26, 18, 18],
			"rotation": {"angle": 0, "axis": "y", "origin": [-1, 0, 0]},
			"faces": {
				"east": {"uv": [14.125, 14.6875, 14.25, 14.875], "texture": "#0"},
				"south": {"uv": [14, 14.6875, 14.0625, 14.875], "texture": "#0"},
				"west": {"uv": [13.8125, 14.6875, 13.9375, 14.875], "texture": "#0"},
				"up": {"uv": [13.8125, 14.625, 13.9375, 14.6875], "rotation": 90, "texture": "#0"}
			}
		},
		{
			"from": [25, 15, 18],
			"to": [26, 17, 19],
			"rotation": {"angle": 0, "axis": "y", "origin": [-1, 0, 0]},
			"faces": {
				"east": {"uv": [14.0625, 14.75, 14.125, 14.875], "texture": "#0"},
				"south": {"uv": [14, 14.75, 14.0625, 14.875], "texture": "#0"},
				"west": {"uv": [13.9375, 14.75, 14, 14.875], "texture": "#0"},
				"up": {"uv": [13.9375, 14.6875, 14, 14.75], "rotation": 90, "texture": "#0"}
			}
		},
		{
			"from": [1, 0, 5],
			"to": [15, 2, 12],
			"faces": {
				"east": {"uv": [0.5, 15.1875, 0.9375, 15.3125], "texture": "#0"},
				"south": {"uv": [2.9375, 5.4375, 3.8125, 5.3125], "texture": "#0"},
				"west": {"uv": [10, 12.5, 10.4375, 12.625], "texture": "#0"},
				"up": {"uv": [10, 6.8125, 10.4375, 7.6875], "rotation": 90, "texture": "#0"}
			}
		},
		{
			"from": [3, 3, 5],
			"to": [13, 5, 7],
			"rotation": {"angle": 0, "axis": "y", "origin": [2, 7, 6]},
			"faces": {
				"north": {"uv": [13.6875, 10.5, 14.3125, 10.625], "texture": "#0"},
				"east": {"uv": [0.8125, 15, 0.9375, 15.125], "texture": "#0"},
				"south": {"uv": [3.0625, 5.125, 3.6875, 5.25], "texture": "#0"},
				"west": {"uv": [10, 12.3125, 10.125, 12.4375], "texture": "#0"},
				"up": {"uv": [10.1875, 10.75, 10.3125, 11.375], "rotation": 90, "texture": "#0"},
				"down": {"uv": [10.9375, 9.1875, 11.0625, 9.8125], "rotation": 270, "texture": "#0"}
			}
		},
		{
			"from": [2, 4, 5],
			"to": [3, 12, 7],
			"rotation": {"angle": 0, "axis": "y", "origin": [2, 7, 6]},
			"faces": {
				"north": {"uv": [14.25, 10, 14.3125, 10.5], "texture": "#0"},
				"east": {"uv": [0.8125, 14.5625, 0.9375, 15.0625], "texture": "#0"},
				"south": {"uv": [3, 4.6875, 3.0625, 5.1875], "texture": "#0"},
				"west": {"uv": [10, 11.875, 10.125, 12.375], "texture": "#0"},
				"up": {"uv": [10, 7.5625, 10.125, 7.625], "rotation": 90, "texture": "#0"},
				"down": {"uv": [10.9375, 9.125, 11.0625, 9.1875], "rotation": 270, "texture": "#0"}
			}
		},
		{
			"from": [13, 4, 5],
			"to": [14, 12, 7],
			"rotation": {"angle": 0, "axis": "y", "origin": [2, 7, 6]},
			"faces": {
				"north": {"uv": [13.5625, 10, 13.625, 10.5], "texture": "#0"},
				"east": {"uv": [0.8125, 14.5625, 0.9375, 15.0625], "texture": "#0"},
				"south": {"uv": [3.6875, 4.6875, 3.75, 5.1875], "texture": "#0"},
				"west": {"uv": [10, 11.875, 10.125, 12.375], "texture": "#0"},
				"up": {"uv": [10, 6.875, 10.125, 6.9375], "rotation": 90, "texture": "#0"},
				"down": {"uv": [10.9375, 9.8125, 11.0625, 9.875], "rotation": 270, "texture": "#0"}
			}
		},
		{
			"from": [3, 11, 5],
			"to": [13, 13, 7],
			"rotation": {"angle": 0, "axis": "y", "origin": [2, 7, 6]},
			"faces": {
				"north": {"uv": [13.6875, 10, 14.3125, 10.125], "texture": "#0"},
				"east": {"uv": [0.8125, 14.5, 0.9375, 14.625], "texture": "#0"},
				"south": {"uv": [3.0625, 4.625, 3.6875, 4.75], "texture": "#0"},
				"west": {"uv": [10, 11.8125, 10.125, 11.9375], "texture": "#0"},
				"up": {"uv": [10, 6.9375, 10.125, 7.5625], "rotation": 90, "texture": "#0"},
				"down": {"uv": [10.4375, 10.75, 10.5625, 11.375], "rotation": 270, "texture": "#0"}
			}
		},
		{
			"from": [3, 6, 5],
			"to": [4, 10, 7],
			"rotation": {"angle": 0, "axis": "y", "origin": [2, 7, 6]},
			"faces": {
				"north": {"uv": [14.25, 10.1875, 14.3125, 10.4375], "texture": "#0"},
				"east": {"uv": [0.6875, 14.6875, 0.8125, 14.9375], "texture": "#0"},
				"south": {"uv": [3.0625, 4.8125, 3.125, 5.0625], "texture": "#0"}
			}
		},
		{
			"from": [3, 10, 5],
			"to": [5, 11, 7],
			"rotation": {"angle": 0, "axis": "y", "origin": [2, 7, 6]},
			"faces": {
				"north": {"uv": [14.1875, 10.125, 14.3125, 10.1875], "texture": "#0"},
				"east": {"uv": [0.6875, 14.625, 0.8125, 14.6875], "texture": "#0"},
				"south": {"uv": [3.0625, 4.75, 3.1875, 4.8125], "texture": "#0"},
				"down": {"uv": [10.4375, 10.75, 10.5625, 10.875], "rotation": 270, "texture": "#0"}
			}
		},
		{
			"from": [3, 5, 5],
			"to": [5, 6, 7],
			"rotation": {"angle": 0, "axis": "y", "origin": [2, 7, 6]},
			"faces": {
				"north": {"uv": [14.1875, 10.4375, 14.3125, 10.5], "texture": "#0"},
				"east": {"uv": [0.6875, 14.9375, 0.8125, 15], "texture": "#0"},
				"south": {"uv": [3.0625, 5.0625, 3.1875, 5.125], "texture": "#0"},
				"up": {"uv": [10.1875, 11.25, 10.3125, 11.375], "rotation": 90, "texture": "#0"}
			}
		},
		{
			"from": [11, 5, 5],
			"to": [13, 6, 7],
			"rotation": {"angle": 0, "axis": "y", "origin": [2, 7, 6]},
			"faces": {
				"north": {"uv": [13.6875, 10.4375, 13.8125, 10.5], "texture": "#0"},
				"south": {"uv": [3.5625, 5.0625, 3.6875, 5.125], "texture": "#0"},
				"west": {"uv": [10.125, 12.25, 10.25, 12.3125], "texture": "#0"},
				"up": {"uv": [10.1875, 10.75, 10.3125, 10.875], "rotation": 90, "texture": "#0"}
			}
		},
		{
			"from": [11, 10, 5],
			"to": [13, 11, 7],
			"rotation": {"angle": 0, "axis": "y", "origin": [2, 7, 6]},
			"faces": {
				"north": {"uv": [13.6875, 10.125, 13.8125, 10.1875], "texture": "#0"},
				"south": {"uv": [3.5625, 4.75, 3.6875, 4.8125], "texture": "#0"},
				"west": {"uv": [10.125, 11.9375, 10.25, 12], "texture": "#0"},
				"down": {"uv": [10.4375, 11.25, 10.5625, 11.375], "rotation": 270, "texture": "#0"}
			}
		},
		{
			"from": [4, 9, 6],
			"to": [12, 11, 6.5],
			"rotation": {"angle": 0, "axis": "y", "origin": [2, 7, 6]},
			"faces": {
				"north": {"uv": [13.75, 10.125, 14.25, 10.25], "texture": "#0"},
				"south": {"uv": [3.125, 4.75, 3.625, 4.875], "texture": "#0"},
				"down": {"uv": [10.5625, 10.8125, 10.625, 11.3125], "rotation": 270, "texture": "#0"}
			}
		},
		{
			"from": [12, 6, 5],
			"to": [13, 10, 7],
			"rotation": {"angle": 0, "axis": "y", "origin": [2, 7, 6]},
			"faces": {
				"north": {"uv": [13.6875, 10.1875, 13.75, 10.4375], "texture": "#0"},
				"south": {"uv": [3.625, 4.8125, 3.6875, 5.0625], "texture": "#0"},
				"west": {"uv": [10.125, 12, 10.25, 12.25], "texture": "#0"}
			}
		},
		{
			"from": [7.75, 11, 7],
			"to": [8.25, 11.5, 8],
			"rotation": {"angle": 0, "axis": "y", "origin": [2, 7, 6]},
			"faces": {
				"east": {"uv": [10.3125, 11.75, 10.1875, 11.6875], "texture": "#0"},
				"west": {"uv": [10.1875, 11.5625, 10.3125, 11.625], "texture": "#0"},
				"up": {"uv": [10.1875, 11.5, 10.3125, 11.5625], "rotation": 90, "texture": "#0"},
				"down": {"uv": [10.1875, 11.625, 10.3125, 11.6875], "rotation": 270, "texture": "#0"}
			}
		},
		{
			"from": [7.75, 11, 8],
			"to": [8.25, 11.5, 10],
			"rotation": {"angle": 22.5, "axis": "x", "origin": [8, 11.5, 8]},
			"faces": {
				"east": {"uv": [10.4375, 11.75, 10.25, 11.6875], "texture": "#0"},
				"west": {"uv": [10.25, 11.5625, 10.4375, 11.625], "texture": "#0"},
				"up": {"uv": [10.3125, 11.5, 10.5, 11.5625], "rotation": 90, "texture": "#0"},
				"down": {"uv": [10.25, 11.625, 10.4375, 11.6875], "rotation": 270, "texture": "#0"}
			}
		},
		{
			"from": [7.75, 10.23495, 9.85381],
			"to": [8.25, 10.73495, 10.85381],
			"rotation": {"angle": 45, "axis": "x", "origin": [8, 10.75, 9.85]},
			"faces": {
				"east": {"uv": [10.5, 11.6875, 10.375, 11.75], "texture": "#0"},
				"west": {"uv": [10.375, 11.5625, 10.5, 11.625], "texture": "#0"},
				"up": {"uv": [10.5, 11.5, 10.625, 11.5625], "rotation": 90, "texture": "#0"},
				"down": {"uv": [10.375, 11.625, 10.5, 11.6875], "rotation": 270, "texture": "#0"}
			}
		},
		{
			"from": [7.75, 9.03614, 10.03495],
			"to": [8.25, 10.03614, 10.53495],
			"rotation": {"angle": -22.5, "axis": "x", "origin": [8, 10.05, 10.55]},
			"faces": {
				"north": {"uv": [10.4375, 11.625, 10.5625, 11.6875], "rotation": 90, "texture": "#0"},
				"east": {"uv": [10.5625, 11.6875, 10.4375, 11.75], "rotation": 270, "texture": "#0"},
				"south": {"uv": [10.625, 11.5, 10.75, 11.5625], "rotation": 90, "texture": "#0"},
				"west": {"uv": [10.4375, 11.5625, 10.5625, 11.625], "rotation": 90, "texture": "#0"}
			}
		},
		{
			"from": [7.75, 8.10733, 10.42704],
			"to": [8.25, 9.10733, 10.92704],
			"rotation": {"angle": 45, "axis": "x", "origin": [8, 9.1, 10.925]},
			"faces": {
				"north": {"uv": [10.5, 11.625, 10.625, 11.6875], "rotation": 90, "texture": "#0"},
				"east": {"uv": [10.625, 11.6875, 10.5, 11.75], "rotation": 270, "texture": "#0"},
				"south": {"uv": [10.75, 11.5, 10.875, 11.5625], "rotation": 90, "texture": "#0"},
				"west": {"uv": [10.5, 11.5625, 10.625, 11.625], "rotation": 90, "texture": "#0"},
				"down": {"uv": [10.625, 11.625, 10.6875, 11.6875], "texture": "#0"}
			}
		},
		{
			"from": [4, 8.3, 5.3],
			"to": [12, 8.8, 9.3],
			"rotation": {"angle": -22.5, "axis": "x", "origin": [8, 8, 7.3]},
			"faces": {
				"north": {"uv": [3, 0.875, 3.5, 0.9375], "rotation": 180, "texture": "#0"},
				"east": {"uv": [3.5, 0.5625, 3.5625, 0.8125], "rotation": 270, "texture": "#0"},
				"south": {"uv": [3, 0.5, 3.5, 0.4375], "texture": "#0"},
				"west": {"uv": [2.9375, 0.5625, 3, 0.8125], "rotation": 90, "texture": "#0"},
				"up": {"uv": [2.4375, 0.5625, 2.9375, 0.8125], "rotation": 180, "texture": "#0"},
				"down": {"uv": [3, 0.5625, 3.5, 0.8125], "texture": "#0"}
			}
		},
		{
			"from": [5, 8.3, 9.3],
			"to": [11, 8.8, 10.3],
			"rotation": {"angle": -22.5, "axis": "x", "origin": [8, 8, 7.3]},
			"faces": {
				"east": {"uv": [3.5, 0.5, 3.5625, 0.5625], "rotation": 270, "texture": "#0"},
				"south": {"uv": [3.0625, 0.5, 3.4375, 0.4375], "texture": "#0"},
				"west": {"uv": [2.9375, 0.5, 3, 0.5625], "rotation": 90, "texture": "#0"},
				"up": {"uv": [2.5, 0.5, 2.875, 0.5625], "rotation": 180, "texture": "#0"},
				"down": {"uv": [3.0625, 0.5, 3.4375, 0.5625], "texture": "#0"}
			}
		},
		{
			"from": [5, 8.3, 4.3],
			"to": [11, 8.8, 5.3],
			"rotation": {"angle": -22.5, "axis": "x", "origin": [8, 8, 7.3]},
			"faces": {
				"north": {"uv": [3.0625, 0.875, 3.4375, 0.9375], "rotation": 180, "texture": "#0"},
				"east": {"uv": [3.5, 0.8125, 3.5625, 0.875], "rotation": 270, "texture": "#0"},
				"west": {"uv": [2.9375, 0.8125, 3, 0.875], "rotation": 90, "texture": "#0"},
				"up": {"uv": [2.5, 0.8125, 2.875, 0.875], "rotation": 180, "texture": "#0"},
				"down": {"uv": [3.0625, 0.8125, 3.4375, 0.875], "texture": "#0"}
			}
		},
		{
			"from": [3, 7.8, 7.05],
			"to": [5, 8.3, 7.55],
			"rotation": {"angle": -22.5, "axis": "x", "origin": [8, 8, 7.3]},
			"faces": {
				"north": {"uv": [3.5625, 0.625, 3.6875, 0.5625], "rotation": 180, "texture": "#0"},
				"east": {"uv": [3.5625, 0.8125, 3.625, 0.875], "rotation": 270, "texture": "#0"},
				"south": {"uv": [3.5625, 0.6875, 3.6875, 0.75], "texture": "#0"},
				"west": {"uv": [3.625, 0.8125, 3.6875, 0.875], "rotation": 90, "texture": "#0"},
				"up": {"uv": [3.5625, 0.8125, 3.6875, 0.75], "rotation": 180, "texture": "#0"},
				"down": {"uv": [3.5625, 0.6875, 3.6875, 0.625], "texture": "#0"}
			}
		},
		{
			"from": [11, 7.8, 7.05],
			"to": [13, 8.3, 7.55],
			"rotation": {"angle": -22.5, "axis": "x", "origin": [8, 8, 7.3]},
			"faces": {
				"north": {"uv": [3.6875, 0.625, 3.8125, 0.5625], "rotation": 180, "texture": "#0"},
				"east": {"uv": [3.6875, 0.8125, 3.75, 0.875], "rotation": 270, "texture": "#0"},
				"south": {"uv": [3.6875, 0.6875, 3.8125, 0.75], "texture": "#0"},
				"west": {"uv": [3.75, 0.8125, 3.8125, 0.875], "rotation": 90, "texture": "#0"},
				"up": {"uv": [3.6875, 0.8125, 3.8125, 0.75], "rotation": 180, "texture": "#0"},
				"down": {"uv": [3.6875, 0.6875, 3.8125, 0.625], "texture": "#0"}
			}
		},
		{
			"from": [1, 0, 4],
			"to": [2, 16, 6],
			"faces": {
				"east": {"uv": [0.875, 14.3125, 1, 15.3125], "texture": "#0"},
				"south": {"uv": [2.9375, 4.4375, 3, 5.4375], "texture": "#0"},
				"west": {"uv": [9.9375, 11.625, 10.0625, 12.625], "texture": "#0"},
				"up": {"uv": [9.9375, 7.625, 10.0625, 7.6875], "rotation": 90, "texture": "#0"}
			}
		},
		{
			"from": [14, 0, 4],
			"to": [15, 16, 6],
			"faces": {
				"east": {"uv": [0.875, 14.3125, 1, 15.3125], "texture": "#0"},
				"south": {"uv": [3.75, 4.4375, 3.8125, 5.4375], "texture": "#0"},
				"west": {"uv": [9.9375, 11.625, 10.0625, 12.625], "texture": "#0"},
				"up": {"uv": [9.9375, 6.8125, 10.0625, 6.875], "rotation": 90, "texture": "#0"}
			}
		},
		{
			"from": [3, 13, 4],
			"to": [13, 16, 6],
			"faces": {
				"south": {"uv": [3.0625, 4.4375, 3.6875, 4.625], "texture": "#0"},
				"up": {"uv": [9.9375, 6.9375, 10.0625, 7.5625], "rotation": 90, "texture": "#0"},
				"down": {"uv": [10.3125, 10.75, 10.4375, 11.375], "rotation": 270, "texture": "#0"}
			}
		},
		{
			"from": [13, 12, 4],
			"to": [14, 16, 6],
			"faces": {
				"south": {"uv": [3.6875, 4.4375, 3.75, 4.6875], "texture": "#0"},
				"west": {"uv": [9.9375, 11.625, 10.0625, 11.875], "texture": "#0"},
				"up": {"uv": [9.9375, 6.875, 10.0625, 6.9375], "rotation": 90, "texture": "#0"},
				"down": {"uv": [10.3125, 11.375, 10.4375, 11.4375], "rotation": 270, "texture": "#0"}
			}
		},
		{
			"from": [2, 12, 4],
			"to": [3, 16, 6],
			"faces": {
				"east": {"uv": [0.875, 14.3125, 1, 14.5625], "texture": "#0"},
				"south": {"uv": [3, 4.4375, 3.0625, 4.6875], "texture": "#0"},
				"up": {"uv": [9.9375, 7.5625, 10.0625, 7.625], "rotation": 90, "texture": "#0"},
				"down": {"uv": [10.3125, 10.6875, 10.4375, 10.75], "rotation": 270, "texture": "#0"}
			}
		},
		{
			"from": [3, 0, 5],
			"to": [13, 3, 6],
			"faces": {
				"south": {"uv": [3.0625, 5.25, 3.6875, 5.4375], "texture": "#0"},
				"up": {"uv": [10.1875, 10.75, 10.25, 11.375], "rotation": 90, "texture": "#0"}
			}
		},
		{
			"from": [2, 0, 5],
			"to": [3, 4, 6],
			"faces": {
				"east": {"uv": [0.875, 15.0625, 0.9375, 15.3125], "texture": "#0"},
				"south": {"uv": [3, 5.1875, 3.0625, 5.4375], "texture": "#0"},
				"up": {"uv": [10.1875, 11.375, 10.25, 11.4375], "rotation": 90, "texture": "#0"}
			}
		},
		{
			"from": [13, 0, 5],
			"to": [14, 4, 6],
			"faces": {
				"south": {"uv": [3.6875, 5.1875, 3.75, 5.4375], "texture": "#0"},
				"west": {"uv": [10, 12.375, 10.0625, 12.625], "texture": "#0"},
				"up": {"uv": [10.1875, 10.6875, 10.25, 10.75], "rotation": 90, "texture": "#0"}
			}
		},
		{
			"name": "cushion",
			"from": [-9, 10, 12],
			"to": [-3, 11, 16],
			"rotation": {"angle": 0, "axis": "y", "origin": [16, 0, 0]},
			"faces": {
				"north": {"uv": [12, 15.875, 11.625, 15.9375], "texture": "#0"},
				"east": {"uv": [12, 15.9375, 11.75, 16], "texture": "#0"},
				"up": {"uv": [11.9375, 15.0625, 11.5625, 15.3125], "texture": "#0"},
				"down": {"uv": [12.3125, 15.1875, 11.9375, 15.4375], "texture": "#0"}
			}
		},
		{
			"name": "back cushion",
			"from": [-9, 10, 16],
			"to": [-3, 15, 17],
			"rotation": {"angle": 0, "axis": "y", "origin": [16, 0, 0]},
			"faces": {
				"north": {"uv": [12, 15.625, 11.625, 15.9375], "texture": "#0"},
				"east": {"uv": [12.0625, 15.6875, 12, 16], "texture": "#0"},
				"south": {"uv": [12.5, 15.625, 12.125, 15.9375], "texture": "#0"},
				"up": {"uv": [11.9375, 15.3125, 11.5625, 15.375], "texture": "#0"},
				"down": {"uv": [12.3125, 15.125, 11.9375, 15.1875], "texture": "#0"}
			}
		},
		{
			"name": "back rest",
			"from": [-8, 10, 17],
			"to": [-4, 18, 18],
			"rotation": {"angle": 0, "axis": "y", "origin": [16, 0, 0]},
			"faces": {
				"north": {"uv": [11.9375, 15.4375, 11.6875, 15.9375], "texture": "#0"},
				"east": {"uv": [12.125, 15.4375, 12.0625, 15.9375], "texture": "#0"},
				"south": {"uv": [12.4375, 15.4375, 12.1875, 15.9375], "texture": "#0"},
				"west": {"uv": [11.625, 15.4375, 11.5625, 15.9375], "texture": "#0"},
				"up": {"uv": [11.875, 15.375, 11.625, 15.4375], "texture": "#0"},
				"down": {"uv": [12.25, 15.0625, 12, 15.125], "texture": "#0"}
			}
		},
		{
			"name": "lower support",
			"from": [-9, 9, 17],
			"to": [-6, 10, 18],
			"rotation": {"angle": 0, "axis": "y", "origin": [16, 0, 0]},
			"faces": {
				"north": {"uv": [11.75, 15.9375, 11.5625, 16], "texture": "#0"},
				"east": {"uv": [12.125, 15.9375, 12.0625, 16], "texture": "#0"},
				"south": {"uv": [12.5, 15.9375, 12.3125, 16], "texture": "#0"},
				"up": {"uv": [11.9375, 15.375, 11.75, 15.4375], "texture": "#0"},
				"down": {"uv": [12.3125, 15.0625, 12.125, 15.125], "texture": "#0"}
			}
		},
		{
			"name": "upper support",
			"from": [-9, 13, 17],
			"to": [-8, 14, 18],
			"rotation": {"angle": 0, "axis": "y", "origin": [16, 0, 0]},
			"faces": {
				"south": {"uv": [12.5, 15.6875, 12.4375, 15.75], "texture": "#0"},
				"up": {"uv": [11.9375, 15.375, 11.875, 15.4375], "texture": "#0"},
				"down": {"uv": [12.3125, 15.0625, 12.25, 15.125], "texture": "#0"}
			}
		},
		{
			"name": "cushion",
			"from": [19, 10, 12],
			"to": [25, 11, 16],
			"faces": {
				"north": {"uv": [11.625, 15.875, 12, 15.9375], "texture": "#0"},
				"west": {"uv": [11.75, 15.9375, 12, 16], "texture": "#0"},
				"up": {"uv": [11.5625, 15.0625, 11.9375, 15.3125], "texture": "#0"},
				"down": {"uv": [11.9375, 15.1875, 12.3125, 15.4375], "texture": "#0"}
			}
		},
		{
			"name": "back cushion",
			"from": [19, 10, 16],
			"to": [25, 15, 17],
			"faces": {
				"north": {"uv": [11.625, 15.625, 12, 15.9375], "texture": "#0"},
				"south": {"uv": [12.125, 15.625, 12.5, 15.9375], "texture": "#0"},
				"west": {"uv": [12, 15.6875, 12.0625, 16], "texture": "#0"},
				"up": {"uv": [11.5625, 15.3125, 11.9375, 15.375], "texture": "#0"},
				"down": {"uv": [11.9375, 15.125, 12.3125, 15.1875], "texture": "#0"}
			}
		},
		{
			"name": "back rest",
			"from": [20, 10, 17],
			"to": [24, 18, 18],
			"faces": {
				"north": {"uv": [11.6875, 15.4375, 11.9375, 15.9375], "texture": "#0"},
				"east": {"uv": [11.5625, 15.4375, 11.625, 15.9375], "texture": "#0"},
				"south": {"uv": [12.1875, 15.4375, 12.4375, 15.9375], "texture": "#0"},
				"west": {"uv": [12.0625, 15.4375, 12.125, 15.9375], "texture": "#0"},
				"up": {"uv": [11.625, 15.375, 11.875, 15.4375], "texture": "#0"},
				"down": {"uv": [12, 15.0625, 12.25, 15.125], "texture": "#0"}
			}
		},
		{
			"name": "lower support",
			"from": [22, 9, 17],
			"to": [25, 10, 18],
			"faces": {
				"north": {"uv": [11.5625, 15.9375, 11.75, 16], "texture": "#0"},
				"south": {"uv": [12.3125, 15.9375, 12.5, 16], "texture": "#0"},
				"west": {"uv": [12.0625, 15.9375, 12.125, 16], "texture": "#0"},
				"up": {"uv": [11.75, 15.375, 11.9375, 15.4375], "texture": "#0"},
				"down": {"uv": [12.125, 15.0625, 12.3125, 15.125], "texture": "#0"}
			}
		},
		{
			"name": "upper support",
			"from": [24, 13, 17],
			"to": [25, 14, 18],
			"faces": {
				"south": {"uv": [12.4375, 15.6875, 12.5, 15.75], "texture": "#0"},
				"up": {"uv": [11.875, 15.375, 11.9375, 15.4375], "texture": "#0"},
				"down": {"uv": [12.25, 15.0625, 12.3125, 15.125], "texture": "#0"}
			}
		},
		{
			"from": [-12, 0, 17],
			"to": [-11, 16, 18],
			"faces": {
				"north": {"uv": [0, 2.375, 0.0625, 3.375], "texture": "#0"},
				"east": {"uv": [0.1875, 2.375, 0.25, 3.375], "texture": "#0"},
				"south": {"uv": [0.125, 2.375, 0.1875, 3.375], "texture": "#0"},
				"west": {"uv": [0.0625, 2.375, 0.125, 3.375], "texture": "#0"}
			}
		},
		{
			"from": [-12.2, 16, 16.8],
			"to": [-10, 17, 18.2],
			"faces": {
				"north": {"uv": [0, 3.375, 0.125, 3.4375], "texture": "#0"},
				"south": {"uv": [0.125, 3.4375, 0.25, 3.5], "texture": "#0"},
				"west": {"uv": [0.25, 3.375, 0.3125, 3.4375], "texture": "#0"},
				"up": {"uv": [0.125, 3.375, 0.25, 3.4375], "texture": "#0"},
				"down": {"uv": [0, 3.4375, 0.125, 3.5], "texture": "#0"}
			}
		},
		{
			"from": [-12.2, -1, 16.8],
			"to": [-10, 0, 18.2],
			"faces": {
				"north": {"uv": [0, 3.375, 0.125, 3.4375], "texture": "#0"},
				"south": {"uv": [0.125, 3.4375, 0.25, 3.5], "texture": "#0"},
				"west": {"uv": [0.25, 3.375, 0.3125, 3.4375], "texture": "#0"},
				"up": {"uv": [0.125, 3.375, 0.25, 3.4375], "texture": "#0"},
				"down": {"uv": [0, 3.4375, 0.125, 3.5], "texture": "#0"}
			}
		},
		{
			"from": [27, 0, 17],
			"to": [28, 16, 18],
			"rotation": {"angle": 0, "axis": "y", "origin": [16, 0, 0]},
			"faces": {
				"north": {"uv": [0.0625, 2.375, 0, 3.375], "texture": "#0"},
				"east": {"uv": [0.125, 2.375, 0.0625, 3.375], "texture": "#0"},
				"south": {"uv": [0.1875, 2.375, 0.125, 3.375], "texture": "#0"},
				"west": {"uv": [0.25, 2.375, 0.1875, 3.375], "texture": "#0"}
			}
		},
		{
			"from": [26, 16, 16.8],
			"to": [28.2, 17, 18.2],
			"rotation": {"angle": 0, "axis": "y", "origin": [16, 0, 0]},
			"faces": {
				"north": {"uv": [0.125, 3.375, 0, 3.4375], "texture": "#0"},
				"east": {"uv": [0.3125, 3.375, 0.25, 3.4375], "texture": "#0"},
				"south": {"uv": [0.25, 3.4375, 0.125, 3.5], "texture": "#0"},
				"up": {"uv": [0.25, 3.375, 0.125, 3.4375], "texture": "#0"},
				"down": {"uv": [0.125, 3.4375, 0, 3.5], "texture": "#0"}
			}
		},
		{
			"from": [26, -1, 16.8],
			"to": [28.2, 0, 18.2],
			"rotation": {"angle": 0, "axis": "y", "origin": [16, 0, 0]},
			"faces": {
				"north": {"uv": [0.125, 3.375, 0, 3.4375], "texture": "#0"},
				"east": {"uv": [0.3125, 3.375, 0.25, 3.4375], "texture": "#0"},
				"south": {"uv": [0.25, 3.4375, 0.125, 3.5], "texture": "#0"},
				"up": {"uv": [0.25, 3.375, 0.125, 3.4375], "texture": "#0"},
				"down": {"uv": [0.125, 3.4375, 0, 3.5], "texture": "#0"}
			}
		},
		{
			"from": [-12, 13, 0],
			"to": [-11, 14, 13],
			"rotation": {"angle": 0, "axis": "x", "origin": [0, 8, 5]},
			"faces": {
				"east": {"uv": [0.1875, 2.375, 0.25, 3.375], "rotation": 90, "texture": "#0"},
				"west": {"uv": [0.0625, 2.375, 0.125, 3.375], "rotation": 270, "texture": "#0"},
				"up": {"uv": [0.125, 2.375, 0.1875, 3.375], "texture": "#0"},
				"down": {"uv": [0, 2.375, 0.0625, 3.375], "rotation": 180, "texture": "#0"}
			}
		},
		{
			"from": [-12.2, 12.8, -1],
			"to": [-10, 14.2, 0],
			"rotation": {"angle": 0, "axis": "x", "origin": [0, 8, 5]},
			"faces": {
				"north": {"uv": [0.125, 3.375, 0.25, 3.4375], "rotation": 180, "texture": "#0"},
				"south": {"uv": [0, 3.4375, 0.125, 3.5], "texture": "#0"},
				"west": {"uv": [0.25, 3.375, 0.3125, 3.4375], "rotation": 270, "texture": "#0"},
				"up": {"uv": [0.125, 3.4375, 0.25, 3.5], "texture": "#0"},
				"down": {"uv": [0, 3.375, 0.125, 3.4375], "rotation": 180, "texture": "#0"}
			}
		},
		{
			"from": [-12.2, 12.8, 13],
			"to": [-10, 14.2, 14],
			"rotation": {"angle": 0, "axis": "x", "origin": [0, 8, 5]},
			"faces": {
				"north": {"uv": [0.125, 3.375, 0.25, 3.4375], "rotation": 180, "texture": "#0"},
				"south": {"uv": [0, 3.4375, 0.125, 3.5], "texture": "#0"},
				"west": {"uv": [0.25, 3.375, 0.3125, 3.4375], "rotation": 270, "texture": "#0"},
				"up": {"uv": [0.125, 3.4375, 0.25, 3.5], "texture": "#0"},
				"down": {"uv": [0, 3.375, 0.125, 3.4375], "rotation": 180, "texture": "#0"}
			}
		},
		{
			"from": [27, 13, 0],
			"to": [28, 14, 13],
			"rotation": {"angle": 0, "axis": "x", "origin": [0, 8, 5]},
			"faces": {
				"east": {"uv": [0.125, 2.375, 0.0625, 3.375], "rotation": 90, "texture": "#0"},
				"west": {"uv": [0.25, 2.375, 0.1875, 3.375], "rotation": 270, "texture": "#0"},
				"up": {"uv": [0.1875, 2.375, 0.125, 3.375], "texture": "#0"},
				"down": {"uv": [0.0625, 2.375, 0, 3.375], "rotation": 180, "texture": "#0"}
			}
		},
		{
			"from": [26, 12.8, -1],
			"to": [28.2, 14.2, 0],
			"rotation": {"angle": 0, "axis": "x", "origin": [0, 8, 5]},
			"faces": {
				"north": {"uv": [0.25, 3.375, 0.125, 3.4375], "rotation": 180, "texture": "#0"},
				"east": {"uv": [0.3125, 3.375, 0.25, 3.4375], "rotation": 90, "texture": "#0"},
				"south": {"uv": [0.125, 3.4375, 0, 3.5], "texture": "#0"},
				"up": {"uv": [0.25, 3.4375, 0.125, 3.5], "texture": "#0"},
				"down": {"uv": [0.125, 3.375, 0, 3.4375], "rotation": 180, "texture": "#0"}
			}
		},
		{
			"from": [26, 12.8, 13],
			"to": [28.2, 14.2, 14],
			"rotation": {"angle": 0, "axis": "x", "origin": [0, 8, 5]},
			"faces": {
				"north": {"uv": [0.25, 3.375, 0.125, 3.4375], "rotation": 180, "texture": "#0"},
				"east": {"uv": [0.3125, 3.375, 0.25, 3.4375], "rotation": 90, "texture": "#0"},
				"south": {"uv": [0.125, 3.4375, 0, 3.5], "texture": "#0"},
				"up": {"uv": [0.25, 3.4375, 0.125, 3.5], "texture": "#0"},
				"down": {"uv": [0.125, 3.375, 0, 3.4375], "rotation": 180, "texture": "#0"}
			}
		},
		{
			"from": [-7, 20, -16],
			"to": [-6, 21, -10],
			"rotation": {"angle": 0, "axis": "x", "origin": [0, 8, 5]},
			"faces": {
				"north": {"uv": [0.125, 2.375, 0.1875, 2.4375], "rotation": 180, "texture": "#0"},
				"east": {"uv": [0.1875, 2.375, 0.25, 3.375], "rotation": 90, "texture": "#0"},
				"west": {"uv": [0.0625, 2.375, 0.125, 3.375], "rotation": 270, "texture": "#0"},
				"up": {"uv": [0.125, 2.375, 0.1875, 3.375], "texture": "#0"},
				"down": {"uv": [0, 2.375, 0.0625, 3.375], "rotation": 180, "texture": "#0"}
			}
		},
		{
			"from": [-7.2, 19.8, -10],
			"to": [-5, 21.2, -9],
			"rotation": {"angle": 0, "axis": "x", "origin": [0, 21, -16]},
			"faces": {
				"north": {"uv": [0.125, 3.375, 0.25, 3.4375], "rotation": 180, "texture": "#0"},
				"south": {"uv": [0, 3.4375, 0.125, 3.5], "texture": "#0"},
				"west": {"uv": [0.25, 3.375, 0.3125, 3.4375], "rotation": 270, "texture": "#0"},
				"up": {"uv": [0.125, 3.4375, 0.25, 3.5], "texture": "#0"},
				"down": {"uv": [0, 3.375, 0.125, 3.4375], "rotation": 180, "texture": "#0"}
			}
		},
		{
			"from": [22, 20, -16],
			"to": [23, 21, -10],
			"rotation": {"angle": 0, "axis": "x", "origin": [16, 8, 5]},
			"faces": {
				"north": {"uv": [0.1875, 2.375, 0.125, 2.4375], "rotation": 180, "texture": "#0"},
				"east": {"uv": [0.0625, 3.375, 0.125, 2.375], "rotation": 270, "texture": "#0"},
				"west": {"uv": [0.1875, 3.375, 0.25, 2.375], "rotation": 90, "texture": "#0"},
				"up": {"uv": [0.1875, 2.375, 0.125, 3.375], "texture": "#0"},
				"down": {"uv": [0.0625, 2.375, 0, 3.375], "rotation": 180, "texture": "#0"}
			}
		},
		{
			"from": [21, 19.8, -10],
			"to": [23.2, 21.2, -9],
			"rotation": {"angle": 0, "axis": "x", "origin": [16, 21, -16]},
			"faces": {
				"north": {"uv": [0.25, 3.375, 0.125, 3.4375], "rotation": 180, "texture": "#0"},
				"east": {"uv": [0.25, 3.4375, 0.3125, 3.375], "rotation": 270, "texture": "#0"},
				"south": {"uv": [0.125, 3.4375, 0, 3.5], "texture": "#0"},
				"up": {"uv": [0.25, 3.4375, 0.125, 3.5], "texture": "#0"},
				"down": {"uv": [0.125, 3.375, 0, 3.4375], "rotation": 180, "texture": "#0"}
			}
		},
		{
			"from": [-7, 17, -16],
			"to": [-6, 18, -6],
			"rotation": {"angle": 0, "axis": "x", "origin": [0, 8, 5]},
			"faces": {
				"north": {"uv": [0.375, 2.875, 0.4375, 2.9375], "rotation": 180, "texture": "#0"},
				"east": {"uv": [0.5, 2.875, 0.5625, 3.5], "rotation": 90, "texture": "#0"},
				"west": {"uv": [0.375, 2.875, 0.4375, 3.5], "rotation": 270, "texture": "#0"},
				"up": {"uv": [0.4375, 2.875, 0.5, 3.5], "texture": "#0"},
				"down": {"uv": [0.3125, 2.875, 0.375, 3.5], "rotation": 180, "texture": "#0"}
			}
		},
		{
			"from": [-8, -0.3, 20],
			"to": [24, 0, 21],
			"rotation": {"angle": -22.5, "axis": "x", "origin": [0, 0, 20]},
			"faces": {
				"north": {"uv": [0, 0.75, 0.0625, 0.8125], "texture": "#0"},
				"east": {"uv": [0, 0.75, 0.0625, 0.8125], "texture": "#0"},
				"west": {"uv": [0, 0.75, 0.0625, 0.8125], "texture": "#0"},
				"up": {"uv": [0, 0.75, 0.0625, 0.8125], "texture": "#0"},
				"down": {"uv": [0, 0.75, 0.0625, 0.8125], "texture": "#0"}
			}
		},
		{
			"from": [-8, 0.08268, 20.92388],
			"to": [24, 0.38268, 21.92388],
			"rotation": {"angle": 0, "axis": "x", "origin": [0, 0, 20]},
			"faces": {
				"east": {"uv": [0, 0.75, 0.0625, 0.8125], "texture": "#0"},
				"south": {"uv": [0, 0.75, 0.0625, 0.8125], "texture": "#0"},
				"west": {"uv": [0, 0.75, 0.0625, 0.8125], "texture": "#0"},
				"up": {"uv": [0, 0.75, 0.0625, 0.8125], "texture": "#0"},
				"down": {"uv": [0, 0.75, 0.0625, 0.8125], "texture": "#0"}
			}
		},
		{
			"from": [-7, 0.08268, 21.92388],
			"to": [23, 0.38268, 22.92388],
			"rotation": {"angle": 0, "axis": "x", "origin": [0, 0, 20]},
			"faces": {
				"east": {"uv": [0, 0.75, 0.0625, 0.8125], "texture": "#0"},
				"south": {"uv": [0, 0.75, 0.0625, 0.8125], "texture": "#0"},
				"west": {"uv": [0, 0.75, 0.0625, 0.8125], "texture": "#0"},
				"up": {"uv": [0, 0.75, 0.0625, 0.8125], "texture": "#0"},
				"down": {"uv": [0, 0.75, 0.0625, 0.8125], "texture": "#0"}
			}
		},
		{
			"from": [-4, 1.17247, 22.55487],
			"to": [20, 1.47247, 23.55487],
			"rotation": {"angle": 22.5, "axis": "x", "origin": [0, 0, 20]},
			"faces": {
				"east": {"uv": [0, 0.75, 0.0625, 0.8125], "texture": "#0"},
				"south": {"uv": [0, 0.75, 0.0625, 0.8125], "texture": "#0"},
				"west": {"uv": [0, 0.75, 0.0625, 0.8125], "texture": "#0"},
				"up": {"uv": [0, 0.75, 0.0625, 0.8125], "texture": "#0"},
				"down": {"uv": [0, 0.75, 0.0625, 0.8125], "texture": "#0"}
			}
		}
	],
	"display": {
		"gui": {
			"rotation": [25, 135, 0],
			"translation": [0.75, 0, 0],
			"scale": [0.25, 0.25, 0.25]
		},
		"head": {
			"scale": [2, 2, 2]
		}
	},
	"groups": [
		{
			"name": "sides",
			"origin": [8, 8, 8],
			"color": 0,
			"children": [0, 1, 2, 3, 4]
		},
		{
			"name": "body",
			"origin": [8, 8, 8],
			"color": 0,
			"children": [5, 6, 7, 8, 9, 10, 11, 12, 13, 14, 15, 16, 17, 18, 19, 20, 21, 22, 23, 24, 25, 26, 27, 28, 29, 30, 31, 32, 33]
		},
		{
			"name": "cab",
			"origin": [8, 8, 8],
			"color": 0,
			"children": [
				{
					"name": "roof",
					"origin": [0, 0, 0],
					"color": 0,
					"children": [34, 35, 36, 37, 38, 39, 40, 41, 42, 43, 44, 45, 46, 47, 48, 49, 50, 51, 52, 53, 54, 55, 56, 57]
				},
				{
					"name": "walls",
					"origin": [0, 0, 0],
					"color": 0,
					"children": [
						{
							"name": "left diagonal wall",
							"origin": [8, 8, 8],
							"color": 0,
							"children": [
								58,
								59,
								60,
								61,
								62,
								{
									"name": "window",
									"origin": [0, 0, 0],
									"color": 0,
									"children": [63, 64, 65]
								}
							]
						},
						{
							"name": "right diagonal wall",
							"origin": [8, 8, 8],
							"color": 0,
							"children": [
								66,
								67,
								68,
								69,
								70,
								{
									"name": "window",
									"origin": [0, 0, 0],
									"color": 0,
									"children": [71, 72, 73]
								}
							]
						},
						{
							"name": "left wall",
							"origin": [0, 0, 0],
							"color": 0,
							"children": [74, 75, 76, 77, 78, 79, 80, 81, 82, 83]
						},
						{
							"name": "right wall",
							"origin": [0, 0, 0],
							"color": 0,
							"children": [84, 85, 86, 87, 88, 89, 90, 91, 92, 93]
						}
					]
				},
				{
					"name": "floor",
					"origin": [8, 8, 8],
					"color": 0,
					"children": [94]
				},
				{
					"name": "fire door",
					"origin": [8, 8, 8],
					"color": 0,
					"children": [
						{
							"name": "door",
							"origin": [2, 7, 6],
							"color": 0,
							"children": [95, 96, 97, 98, 99, 100, 101, 102, 103, 104, 105]
						},
						{
							"name": "door catch",
							"origin": [2, 7, 6],
							"color": 0,
							"children": [106, 107, 108, 109, 110]
						},
						{
							"name": "fire door inner",
							"origin": [8, 8, 8],
							"color": 0,
							"children": [111, 112, 113, 114, 115]
						}
					]
				},
				{
					"name": "fire box surround",
					"origin": [8, 8, 8],
					"color": 0,
					"children": [116, 117, 118, 119, 120, 121, 122, 123]
				},
				{
					"name": "left chair",
					"origin": [8, 8, 8],
					"color": 0,
					"children": [124, 125, 126, 127, 128]
				},
				{
					"name": "right chair",
					"origin": [8, 8, 8],
					"color": 0,
					"children": [129, 130, 131, 132, 133]
				},
				{
					"name": "cab handles",
					"origin": [8, 8, 8],
					"color": 0,
					"children": [
						{
							"name": "left",
							"origin": [0, 0, 0],
							"color": 0,
							"children": [134, 135, 136]
						},
						{
							"name": "right",
							"origin": [0, 0, 0],
							"color": 0,
							"children": [137, 138, 139]
						}
					]
				},
				{
					"name": "side cab handles",
					"origin": [8, 8, 8],
					"color": 0,
					"children": [
						{
							"name": "left",
							"origin": [0, 0, 0],
							"color": 0,
							"children": [140, 141, 142]
						},
						{
							"name": "right",
							"origin": [0, 0, 0],
							"color": 0,
							"children": [143, 144, 145]
						}
					]
				},
				{
					"name": "side handles",
					"origin": [8, 8, 8],
					"color": 0,
					"children": [
						{
							"name": "left",
							"origin": [0, 0, 0],
							"color": 0,
							"children": [146, 147]
						},
						{
							"name": "right",
							"origin": [0, 0, 0],
							"color": 0,
							"children": [148, 149]
						}
					]
				},
				{
					"name": "side pipe",
					"origin": [8, 8, 8],
					"color": 0,
					"children": [150]
				},
				{
					"name": "flap",
					"origin": [8, 8, 8],
					"color": 0,
					"children": [151, 152, 153, 154]
				}
			]
		}
	]
}