{
	"credit": "Made with Blockbench",
	"texture_size": [256, 256],
	"textures": {
		"particle": "item/amalon/tc/a4/skin_mallard"
	},
	"elements": [
		{
			"from": [-3, 3, 2],
			"to": [19, 11, 8],
			"faces": {
				"north": {"uv": [0, 0.75, 0.0625, 0.8125], "texture": "#particle"},
				"east": {"uv": [0, 0.75, 0.0625, 0.8125], "texture": "#particle"},
				"south": {"uv": [0, 0.75, 0.0625, 0.8125], "texture": "#particle"},
				"west": {"uv": [0, 0.75, 0.0625, 0.8125], "texture": "#particle"},
				"up": {"uv": [0, 0.75, 0.0625, 0.8125], "texture": "#particle"},
				"down": {"uv": [0, 0.75, 0.0625, 0.8125], "texture": "#particle"}
			}
		},
		{
			"from": [-3, 3, 8],
			"to": [19, 12, 14],
			"faces": {
				"north": {"uv": [0, 0.75, 0.0625, 0.8125], "texture": "#particle"},
				"east": {"uv": [0, 0.75, 0.0625, 0.8125], "texture": "#particle"},
				"south": {"uv": [0, 0.75, 0.0625, 0.8125], "texture": "#particle"},
				"west": {"uv": [0, 0.75, 0.0625, 0.8125], "texture": "#particle"},
				"up": {"uv": [0, 0.75, 0.0625, 0.8125], "texture": "#particle"},
				"down": {"uv": [0, 0.75, 0.0625, 0.8125], "texture": "#particle"}
			}
		},
		{
			"from": [-3, 3, 14],
			"to": [19, 13, 30],
			"rotation": {"angle": 0, "axis": "y", "origin": [0, 8.25, 26]},
			"faces": {
				"north": {"uv": [0, 0.75, 0.0625, 0.8125], "texture": "#particle"},
				"east": {"uv": [0, 0.75, 0.0625, 0.8125], "texture": "#particle"},
				"south": {"uv": [0, 0.75, 0.0625, 0.8125], "texture": "#particle"},
				"west": {"uv": [0, 0.75, 0.0625, 0.8125], "texture": "#particle"},
				"up": {"uv": [0, 0.75, 0.0625, 0.8125], "texture": "#particle"},
				"down": {"uv": [0, 0.75, 0.0625, 0.8125], "texture": "#particle"}
			}
		},
		{
			"from": [-1, 3, -3],
			"to": [17, 10, 2],
			"faces": {
				"north": {"uv": [0, 0.75, 0.0625, 0.8125], "texture": "#particle"},
				"east": {"uv": [0, 0.75, 0.0625, 0.8125], "texture": "#particle"},
				"south": {"uv": [0, 0.75, 0.0625, 0.8125], "texture": "#particle"},
				"west": {"uv": [0, 0.75, 0.0625, 0.8125], "texture": "#particle"},
				"up": {"uv": [0, 0.75, 0.0625, 0.8125], "texture": "#particle"},
				"down": {"uv": [0, 0.75, 0.0625, 0.8125], "texture": "#particle"}
			}
		},
		{
			"from": [3, 3, -8],
			"to": [13, 9, -3],
			"faces": {
				"north": {"uv": [0, 0.75, 0.0625, 0.8125], "texture": "#particle"},
				"east": {"uv": [0, 0.75, 0.0625, 0.8125], "texture": "#particle"},
				"south": {"uv": [0, 0.75, 0.0625, 0.8125], "texture": "#particle"},
				"west": {"uv": [0, 0.75, 0.0625, 0.8125], "texture": "#particle"},
				"up": {"uv": [0, 0.75, 0.0625, 0.8125], "texture": "#particle"},
				"down": {"uv": [0, 0.75, 0.0625, 0.8125], "texture": "#particle"}
			}
		},
		{
			"from": [-3, 6, 30],
			"to": [19, 13, 32],
			"faces": {
				"north": {"uv": [0, 0.75, 0.0625, 0.8125], "texture": "#particle"},
				"east": {"uv": [0, 0.75, 0.0625, 0.8125], "texture": "#particle"},
				"south": {"uv": [0, 0.75, 0.0625, 0.8125], "texture": "#particle"},
				"west": {"uv": [0, 0.75, 0.0625, 0.8125], "texture": "#particle"},
				"up": {"uv": [0, 0.75, 0.0625, 0.8125], "texture": "#particle"},
				"down": {"uv": [0, 0.75, 0.0625, 0.8125], "texture": "#particle"}
			}
		},
		{
			"from": [-3, 1, 25],
			"to": [19, 3, 32],
			"faces": {
				"north": {"uv": [0, 0.75, 0.0625, 0.8125], "texture": "#particle"},
				"east": {"uv": [0, 0.75, 0.0625, 0.8125], "texture": "#particle"},
				"south": {"uv": [0, 0.75, 0.0625, 0.8125], "texture": "#particle"},
				"west": {"uv": [0, 0.75, 0.0625, 0.8125], "texture": "#particle"},
				"up": {"uv": [0, 0.75, 0.0625, 0.8125], "texture": "#particle"},
				"down": {"uv": [0, 0.75, 0.0625, 0.8125], "texture": "#particle"}
			}
		},
		{
			"from": [-3, 3, 30],
			"to": [19, 5, 31],
			"faces": {
				"north": {"uv": [0, 0.75, 0.0625, 0.8125], "texture": "#particle"},
				"east": {"uv": [0, 0.75, 0.0625, 0.8125], "texture": "#particle"},
				"south": {"uv": [0, 0.75, 0.0625, 0.8125], "texture": "#particle"},
				"west": {"uv": [0, 0.75, 0.0625, 0.8125], "texture": "#particle"},
				"up": {"uv": [0, 0.75, 0.0625, 0.8125], "texture": "#particle"},
				"down": {"uv": [0, 0.75, 0.0625, 0.8125], "texture": "#particle"}
			}
		},
		{
			"from": [-6, 9, 13],
			"to": [-4, 9.5, 16],
			"faces": {
				"north": {"uv": [0, 0.75, 0.0625, 0.8125], "texture": "#particle"},
				"east": {"uv": [0, 0.75, 0.0625, 0.8125], "texture": "#particle"},
				"south": {"uv": [0, 0.75, 0.0625, 0.8125], "texture": "#particle"},
				"west": {"uv": [0, 0.75, 0.0625, 0.8125], "texture": "#particle"},
				"down": {"uv": [0, 0.75, 0.0625, 0.8125], "texture": "#particle"}
			}
		},
		{
			"from": [-6, 9.5, 11],
			"to": [-4, 10, 18],
			"faces": {
				"north": {"uv": [0.0625, 0.8125, 0.125, 0.875], "texture": "#particle"},
				"east": {"uv": [0.0625, 0.8125, 0.125, 0.875], "texture": "#particle"},
				"south": {"uv": [0.0625, 0.8125, 0.125, 0.875], "texture": "#particle"},
				"west": {"uv": [0.0625, 0.8125, 0.125, 0.875], "texture": "#particle"},
				"down": {"uv": [0.0625, 0.8125, 0.125, 0.875], "texture": "#particle"}
			}
		},
		{
			"from": [-6, 10, 9],
			"to": [-4, 10.5, 20],
			"faces": {
				"north": {"uv": [0, 0.75, 0.0625, 0.8125], "texture": "#particle"},
				"east": {"uv": [0, 0.75, 0.0625, 0.8125], "texture": "#particle"},
				"south": {"uv": [0, 0.75, 0.0625, 0.8125], "texture": "#particle"},
				"west": {"uv": [0, 0.75, 0.0625, 0.8125], "texture": "#particle"},
				"down": {"uv": [0, 0.75, 0.0625, 0.8125], "texture": "#particle"}
			}
		},
		{
			"from": [-6, 10.5, 7],
			"to": [-4, 11, 22],
			"faces": {
				"north": {"uv": [0.0625, 0.8125, 0.125, 0.875], "texture": "#particle"},
				"east": {"uv": [0.0625, 0.8125, 0.125, 0.875], "texture": "#particle"},
				"south": {"uv": [0.0625, 0.8125, 0.125, 0.875], "texture": "#particle"},
				"west": {"uv": [0.0625, 0.8125, 0.125, 0.875], "texture": "#particle"},
				"down": {"uv": [0.0625, 0.8125, 0.125, 0.875], "texture": "#particle"}
			}
		},
		{
			"from": [-6, 11, 5],
			"to": [-4, 11.5, 24],
			"faces": {
				"north": {"uv": [0, 0.75, 0.0625, 0.8125], "texture": "#particle"},
				"east": {"uv": [0, 0.75, 0.0625, 0.8125], "texture": "#particle"},
				"south": {"uv": [0, 0.75, 0.0625, 0.8125], "texture": "#particle"},
				"west": {"uv": [0, 0.75, 0.0625, 0.8125], "texture": "#particle"},
				"up": {"uv": [0, 0.75, 0.0625, 0.8125], "texture": "#particle"},
				"down": {"uv": [0, 0.75, 0.0625, 0.8125], "texture": "#particle"}
			}
		},
		{
			"from": [-6.5, 3, 4.5],
			"to": [-3, 5, 7.5],
			"faces": {
				"north": {"uv": [0, 0.75, 0.0625, 0.8125], "texture": "#particle"},
				"south": {"uv": [0, 0.75, 0.0625, 0.8125], "texture": "#particle"},
				"west": {"uv": [0, 0.75, 0.0625, 0.8125], "texture": "#particle"},
				"up": {"uv": [0, 0.75, 0.0625, 0.8125], "texture": "#particle"},
				"down": {"uv": [0, 0.75, 0.0625, 0.8125], "texture": "#particle"}
			}
		},
		{
			"from": [-5.5, 2, 5.5],
			"to": [-4.5, 12, 6.5],
			"faces": {
				"north": {"uv": [0, 0.75, 0.0625, 0.8125], "texture": "#particle"},
				"east": {"uv": [0, 0.75, 0.0625, 0.8125], "texture": "#particle"},
				"south": {"uv": [0, 0.75, 0.0625, 0.8125], "texture": "#particle"},
				"west": {"uv": [0, 0.75, 0.0625, 0.8125], "texture": "#particle"},
				"up": {"uv": [0, 0.75, 0.0625, 0.8125], "texture": "#particle"},
				"down": {"uv": [0, 0.75, 0.0625, 0.8125], "texture": "#particle"}
			}
		},
		{
			"from": [-6.5, 3, 21.5],
			"to": [-3, 5, 24.5],
			"faces": {
				"north": {"uv": [0, 0.75, 0.0625, 0.8125], "texture": "#particle"},
				"south": {"uv": [0, 0.75, 0.0625, 0.8125], "texture": "#particle"},
				"west": {"uv": [0, 0.75, 0.0625, 0.8125], "texture": "#particle"},
				"up": {"uv": [0, 0.75, 0.0625, 0.8125], "texture": "#particle"},
				"down": {"uv": [0, 0.75, 0.0625, 0.8125], "texture": "#particle"}
			}
		},
		{
			"from": [-5.5, 2, 22.5],
			"to": [-4.5, 12, 23.5],
			"faces": {
				"north": {"uv": [0, 0.75, 0.0625, 0.8125], "texture": "#particle"},
				"east": {"uv": [0, 0.75, 0.0625, 0.8125], "texture": "#particle"},
				"south": {"uv": [0, 0.75, 0.0625, 0.8125], "texture": "#particle"},
				"west": {"uv": [0, 0.75, 0.0625, 0.8125], "texture": "#particle"},
				"up": {"uv": [0, 0.75, 0.0625, 0.8125], "texture": "#particle"},
				"down": {"uv": [0, 0.75, 0.0625, 0.8125], "texture": "#particle"}
			}
		},
		{
			"from": [-6.5, 8, 13.5],
			"to": [-3.5, 12, 15.5],
			"faces": {
				"north": {"uv": [0, 0.8125, 0.0625, 1.0625], "texture": "#particle"},
				"east": {"uv": [0, 0.8125, 0.0625, 1.0625], "texture": "#particle"},
				"south": {"uv": [0, 0.8125, 0.0625, 1.0625], "texture": "#particle"},
				"west": {"uv": [0, 0.8125, 0.0625, 1.0625], "texture": "#particle"},
				"up": {"uv": [0, 0.75, 0.0625, 0.8125], "texture": "#particle"}
			}
		},
		{
			"from": [-7, 2, 11.5],
			"to": [-3, 8.4, 17.5],
			"faces": {
				"north": {"uv": [0, 0.75, 0.0625, 0.8125], "texture": "#particle"},
				"east": {"uv": [0, 0.75, 0.0625, 0.8125], "texture": "#particle"},
				"south": {"uv": [0, 0.75, 0.0625, 0.8125], "texture": "#particle"},
				"west": {"uv": [0, 0.75, 0.0625, 0.8125], "texture": "#particle"},
				"up": {"uv": [0, 0.75, 0.0625, 0.8125], "texture": "#particle"},
				"down": {"uv": [0, 0.75, 0.0625, 0.8125], "texture": "#particle"}
			}
		},
		{
			"from": [-7, 1.25, 11.5],
			"to": [-3, 2, 11.75],
			"faces": {
				"north": {"uv": [0, 0.75, 0.0625, 0.8125], "texture": "#particle"},
				"east": {"uv": [0, 0.75, 0.0625, 0.8125], "texture": "#particle"},
				"south": {"uv": [0, 0.75, 0.0625, 0.8125], "texture": "#particle"},
				"west": {"uv": [0, 0.75, 0.0625, 0.8125], "texture": "#particle"}
			}
		},
		{
			"from": [-7, 1.25, 17.2],
			"to": [-3, 2, 17.45],
			"faces": {
				"north": {"uv": [0, 0.75, 0.0625, 0.8125], "texture": "#particle"},
				"east": {"uv": [0, 0.75, 0.0625, 0.8125], "texture": "#particle"},
				"south": {"uv": [0, 0.75, 0.0625, 0.8125], "texture": "#particle"},
				"west": {"uv": [0, 0.75, 0.0625, 0.8125], "texture": "#particle"}
			}
		},
		{
			"from": [-7, 1, 11.5],
			"to": [-6, 1.25, 17.5],
			"faces": {
				"north": {"uv": [0, 0.75, 0.0625, 0.8125], "texture": "#particle"},
				"east": {"uv": [0, 0.75, 0.0625, 0.8125], "texture": "#particle"},
				"south": {"uv": [0, 0.75, 0.0625, 0.8125], "texture": "#particle"},
				"west": {"uv": [0, 0.75, 0.0625, 0.8125], "texture": "#particle"},
				"up": {"uv": [0, 0.75, 0.0625, 0.8125], "texture": "#particle"},
				"down": {"uv": [0, 0.75, 0.0625, 0.8125], "texture": "#particle"}
			}
		},
		{
			"from": [-6, 1, 10.5],
			"to": [-4, 1.25, 18.5],
			"faces": {
				"north": {"uv": [0, 0.75, 0.0625, 0.8125], "texture": "#particle"},
				"south": {"uv": [0, 0.75, 0.0625, 0.8125], "texture": "#particle"},
				"west": {"uv": [0, 0.75, 0.0625, 0.8125], "texture": "#particle"},
				"up": {"uv": [0, 0.75, 0.0625, 0.8125], "texture": "#particle"},
				"down": {"uv": [0, 0.75, 0.0625, 0.8125], "texture": "#particle"}
			}
		},
		{
			"from": [-6, 2, 10.5],
			"to": [-4, 2.25, 18.5],
			"faces": {
				"north": {"uv": [0, 0.75, 0.0625, 0.8125], "texture": "#particle"},
				"south": {"uv": [0, 0.75, 0.0625, 0.8125], "texture": "#particle"},
				"west": {"uv": [0, 0.75, 0.0625, 0.8125], "texture": "#particle"},
				"up": {"uv": [0, 0.75, 0.0625, 0.8125], "texture": "#particle"},
				"down": {"uv": [0, 0.75, 0.0625, 0.8125], "texture": "#particle"}
			}
		},
		{
			"from": [-6, 3.6, 10.5],
			"to": [-4, 3.85, 18.5],
			"faces": {
				"north": {"uv": [0, 0.75, 0.0625, 0.8125], "texture": "#particle"},
				"south": {"uv": [0, 0.75, 0.0625, 0.8125], "texture": "#particle"},
				"west": {"uv": [0, 0.75, 0.0625, 0.8125], "texture": "#particle"},
				"up": {"uv": [0, 0.75, 0.0625, 0.8125], "texture": "#particle"},
				"down": {"uv": [0, 0.75, 0.0625, 0.8125], "texture": "#particle"}
			}
		},
		{
			"from": [-6, 5.1, 10.5],
			"to": [-4, 5.35, 18.5],
			"faces": {
				"north": {"uv": [0, 0.75, 0.0625, 0.8125], "texture": "#particle"},
				"south": {"uv": [0, 0.75, 0.0625, 0.8125], "texture": "#particle"},
				"west": {"uv": [0, 0.75, 0.0625, 0.8125], "texture": "#particle"},
				"up": {"uv": [0, 0.75, 0.0625, 0.8125], "texture": "#particle"},
				"down": {"uv": [0, 0.75, 0.0625, 0.8125], "texture": "#particle"}
			}
		},
		{
			"from": [-6, 6.8, 10.5],
			"to": [-4, 7.05, 18.5],
			"faces": {
				"north": {"uv": [0, 0.75, 0.0625, 0.8125], "texture": "#particle"},
				"south": {"uv": [0, 0.75, 0.0625, 0.8125], "texture": "#particle"},
				"west": {"uv": [0, 0.75, 0.0625, 0.8125], "texture": "#particle"},
				"up": {"uv": [0, 0.75, 0.0625, 0.8125], "texture": "#particle"},
				"down": {"uv": [0, 0.75, 0.0625, 0.8125], "texture": "#particle"}
			}
		},
		{
			"from": [-4, 1, 9.5],
			"to": [-3, 1.25, 19.5],
			"faces": {
				"north": {"uv": [0, 0.75, 0.0625, 0.8125], "texture": "#particle"},
				"east": {"uv": [0, 0.75, 0.0625, 0.8125], "texture": "#particle"},
				"south": {"uv": [0, 0.75, 0.0625, 0.8125], "texture": "#particle"},
				"west": {"uv": [0, 0.75, 0.0625, 0.8125], "texture": "#particle"},
				"up": {"uv": [0, 0.75, 0.0625, 0.8125], "texture": "#particle"},
				"down": {"uv": [0, 0.75, 0.0625, 0.8125], "texture": "#particle"}
			}
		},
		{
			"from": [-4, 2, 9.5],
			"to": [-3, 2.25, 19.5],
			"faces": {
				"north": {"uv": [0, 0.75, 0.0625, 0.8125], "texture": "#particle"},
				"east": {"uv": [0, 0.75, 0.0625, 0.8125], "texture": "#particle"},
				"south": {"uv": [0, 0.75, 0.0625, 0.8125], "texture": "#particle"},
				"west": {"uv": [0, 0.75, 0.0625, 0.8125], "texture": "#particle"},
				"up": {"uv": [0, 0.75, 0.0625, 0.8125], "texture": "#particle"},
				"down": {"uv": [0, 0.75, 0.0625, 0.8125], "texture": "#particle"}
			}
		},
		{
			"from": [-4, 3.6, 9.5],
			"to": [-3, 3.85, 19.5],
			"faces": {
				"north": {"uv": [0, 0.75, 0.0625, 0.8125], "texture": "#particle"},
				"south": {"uv": [0, 0.75, 0.0625, 0.8125], "texture": "#particle"},
				"west": {"uv": [0, 0.75, 0.0625, 0.8125], "texture": "#particle"},
				"up": {"uv": [0, 0.75, 0.0625, 0.8125], "texture": "#particle"},
				"down": {"uv": [0, 0.75, 0.0625, 0.8125], "texture": "#particle"}
			}
		},
		{
			"from": [-4, 5.1, 9.5],
			"to": [-3, 5.35, 19.5],
			"faces": {
				"north": {"uv": [0, 0.75, 0.0625, 0.8125], "texture": "#particle"},
				"south": {"uv": [0, 0.75, 0.0625, 0.8125], "texture": "#particle"},
				"west": {"uv": [0, 0.75, 0.0625, 0.8125], "texture": "#particle"},
				"up": {"uv": [0, 0.75, 0.0625, 0.8125], "texture": "#particle"},
				"down": {"uv": [0, 0.75, 0.0625, 0.8125], "texture": "#particle"}
			}
		},
		{
			"from": [-4, 6.8, 9.5],
			"to": [-3, 7.05, 19.5],
			"faces": {
				"north": {"uv": [0, 0.75, 0.0625, 0.8125], "texture": "#particle"},
				"south": {"uv": [0, 0.75, 0.0625, 0.8125], "texture": "#particle"},
				"west": {"uv": [0, 0.75, 0.0625, 0.8125], "texture": "#particle"},
				"up": {"uv": [0, 0.75, 0.0625, 0.8125], "texture": "#particle"},
				"down": {"uv": [0, 0.75, 0.0625, 0.8125], "texture": "#particle"}
			}
		},
		{
			"from": [-6, 8.1, 10.5],
			"to": [-4, 8.35, 18.5],
			"faces": {
				"north": {"uv": [0, 0.75, 0.0625, 0.8125], "texture": "#particle"},
				"south": {"uv": [0, 0.75, 0.0625, 0.8125], "texture": "#particle"},
				"west": {"uv": [0, 0.75, 0.0625, 0.8125], "texture": "#particle"},
				"up": {"uv": [0, 0.75, 0.0625, 0.8125], "texture": "#particle"},
				"down": {"uv": [0, 0.75, 0.0625, 0.8125], "texture": "#particle"}
			}
		},
		{
			"from": [-4, 8.1, 9.5],
			"to": [-3, 8.35, 19.5],
			"faces": {
				"north": {"uv": [0, 0.75, 0.0625, 0.8125], "texture": "#particle"},
				"south": {"uv": [0, 0.75, 0.0625, 0.8125], "texture": "#particle"},
				"west": {"uv": [0, 0.75, 0.0625, 0.8125], "texture": "#particle"},
				"up": {"uv": [0, 0.75, 0.0625, 0.8125], "texture": "#particle"},
				"down": {"uv": [0, 0.75, 0.0625, 0.8125], "texture": "#particle"}
			}
		},
		{
			"from": [-7, 8, 26],
			"to": [-3, 8.25, 31],
			"faces": {
				"north": {"uv": [0, 0.75, 0.0625, 0.8125], "texture": "#particle"},
				"south": {"uv": [0, 0.75, 0.0625, 0.8125], "texture": "#particle"},
				"west": {"uv": [0, 0.75, 0.0625, 0.8125], "texture": "#particle"},
				"up": {"uv": [0.0625, 0.75, 0.3125, 0.8125], "texture": "#particle"},
				"down": {"uv": [0, 0.75, 0.0625, 0.8125], "texture": "#particle"}
			}
		},
		{
			"from": [-7, 8, 26],
			"to": [-3, 9.25, 26.25],
			"rotation": {"angle": -22.5, "axis": "x", "origin": [0, 8, 26]},
			"faces": {
				"north": {"uv": [0, 0.75, 0.0625, 0.8125], "texture": "#particle"},
				"south": {"uv": [0, 0.75, 0.0625, 0.8125], "texture": "#particle"},
				"west": {"uv": [0, 0.75, 0.0625, 0.8125], "texture": "#particle"},
				"up": {"uv": [0, 0.75, 0.0625, 0.8125], "texture": "#particle"},
				"down": {"uv": [0, 0.75, 0.0625, 0.8125], "texture": "#particle"}
			}
		},
		{
			"from": [-7, 2.5, 26],
			"to": [-3, 2.75, 31],
			"rotation": {"angle": 0, "axis": "y", "origin": [0, -5.5, 0]},
			"faces": {
				"north": {"uv": [0, 0.75, 0.0625, 0.8125], "texture": "#particle"},
				"south": {"uv": [0, 0.75, 0.0625, 0.8125], "texture": "#particle"},
				"west": {"uv": [0, 0.75, 0.0625, 0.8125], "texture": "#particle"},
				"up": {"uv": [0.0625, 0.75, 0.3125, 0.8125], "texture": "#particle"},
				"down": {"uv": [0, 0.75, 0.0625, 0.8125], "texture": "#particle"}
			}
		},
		{
			"from": [-7, 2.5, 26],
			"to": [-3, 3.75, 26.25],
			"rotation": {"angle": -22.5, "axis": "x", "origin": [0, 2.5, 26]},
			"faces": {
				"north": {"uv": [0, 0.75, 0.0625, 0.8125], "texture": "#particle"},
				"south": {"uv": [0, 0.75, 0.0625, 0.8125], "texture": "#particle"},
				"west": {"uv": [0, 0.75, 0.0625, 0.8125], "texture": "#particle"},
				"up": {"uv": [0, 0.75, 0.0625, 0.8125], "texture": "#particle"},
				"down": {"uv": [0, 0.75, 0.0625, 0.8125], "texture": "#particle"}
			}
		},
		{
			"from": [20, 9, 13],
			"to": [22, 9.5, 16],
			"rotation": {"angle": 0, "axis": "y", "origin": [16, 0, 0]},
			"faces": {
				"north": {"uv": [0.0625, 0.75, 0, 0.8125], "texture": "#particle"},
				"east": {"uv": [0.0625, 0.75, 0, 0.8125], "texture": "#particle"},
				"south": {"uv": [0.0625, 0.75, 0, 0.8125], "texture": "#particle"},
				"west": {"uv": [0.0625, 0.75, 0, 0.8125], "texture": "#particle"},
				"down": {"uv": [0.0625, 0.75, 0, 0.8125], "texture": "#particle"}
			}
		},
		{
			"from": [20, 9.5, 11],
			"to": [22, 10, 18],
			"rotation": {"angle": 0, "axis": "y", "origin": [16, 0, 0]},
			"faces": {
				"north": {"uv": [0.125, 0.8125, 0.0625, 0.875], "texture": "#particle"},
				"east": {"uv": [0.125, 0.8125, 0.0625, 0.875], "texture": "#particle"},
				"south": {"uv": [0.125, 0.8125, 0.0625, 0.875], "texture": "#particle"},
				"west": {"uv": [0.125, 0.8125, 0.0625, 0.875], "texture": "#particle"},
				"down": {"uv": [0.125, 0.8125, 0.0625, 0.875], "texture": "#particle"}
			}
		},
		{
			"from": [20, 10, 9],
			"to": [22, 10.5, 20],
			"rotation": {"angle": 0, "axis": "y", "origin": [16, 0, 0]},
			"faces": {
				"north": {"uv": [0.0625, 0.75, 0, 0.8125], "texture": "#particle"},
				"east": {"uv": [0.0625, 0.75, 0, 0.8125], "texture": "#particle"},
				"south": {"uv": [0.0625, 0.75, 0, 0.8125], "texture": "#particle"},
				"west": {"uv": [0.0625, 0.75, 0, 0.8125], "texture": "#particle"},
				"down": {"uv": [0.0625, 0.75, 0, 0.8125], "texture": "#particle"}
			}
		},
		{
			"from": [20, 10.5, 7],
			"to": [22, 11, 22],
			"rotation": {"angle": 0, "axis": "y", "origin": [16, 0, 0]},
			"faces": {
				"north": {"uv": [0.125, 0.8125, 0.0625, 0.875], "texture": "#particle"},
				"east": {"uv": [0.125, 0.8125, 0.0625, 0.875], "texture": "#particle"},
				"south": {"uv": [0.125, 0.8125, 0.0625, 0.875], "texture": "#particle"},
				"west": {"uv": [0.125, 0.8125, 0.0625, 0.875], "texture": "#particle"},
				"down": {"uv": [0.125, 0.8125, 0.0625, 0.875], "texture": "#particle"}
			}
		},
		{
			"from": [20, 11, 5],
			"to": [22, 11.5, 24],
			"rotation": {"angle": 0, "axis": "y", "origin": [16, 0, 0]},
			"faces": {
				"north": {"uv": [0.0625, 0.75, 0, 0.8125], "texture": "#particle"},
				"east": {"uv": [0.0625, 0.75, 0, 0.8125], "texture": "#particle"},
				"south": {"uv": [0.0625, 0.75, 0, 0.8125], "texture": "#particle"},
				"west": {"uv": [0.0625, 0.75, 0, 0.8125], "texture": "#particle"},
				"up": {"uv": [0.0625, 0.75, 0, 0.8125], "texture": "#particle"},
				"down": {"uv": [0.0625, 0.75, 0, 0.8125], "texture": "#particle"}
			}
		},
		{
			"from": [19, 3, 4.5],
			"to": [22.5, 5, 7.5],
			"rotation": {"angle": 0, "axis": "y", "origin": [16, 0, 0]},
			"faces": {
				"north": {"uv": [0.0625, 0.75, 0, 0.8125], "texture": "#particle"},
				"east": {"uv": [0.0625, 0.75, 0, 0.8125], "texture": "#particle"},
				"south": {"uv": [0.0625, 0.75, 0, 0.8125], "texture": "#particle"},
				"up": {"uv": [0.0625, 0.75, 0, 0.8125], "texture": "#particle"},
				"down": {"uv": [0.0625, 0.75, 0, 0.8125], "texture": "#particle"}
			}
		},
		{
			"from": [20.5, 2, 5.5],
			"to": [21.5, 12, 6.5],
			"rotation": {"angle": 0, "axis": "y", "origin": [16, 0, 0]},
			"faces": {
				"north": {"uv": [0.0625, 0.75, 0, 0.8125], "texture": "#particle"},
				"east": {"uv": [0.0625, 0.75, 0, 0.8125], "texture": "#particle"},
				"south": {"uv": [0.0625, 0.75, 0, 0.8125], "texture": "#particle"},
				"west": {"uv": [0.0625, 0.75, 0, 0.8125], "texture": "#particle"},
				"up": {"uv": [0.0625, 0.75, 0, 0.8125], "texture": "#particle"},
				"down": {"uv": [0.0625, 0.75, 0, 0.8125], "texture": "#particle"}
			}
		},
		{
			"from": [19, 3, 21.5],
			"to": [22.5, 5, 24.5],
			"rotation": {"angle": 0, "axis": "y", "origin": [16, 0, 0]},
			"faces": {
				"north": {"uv": [0.0625, 0.75, 0, 0.8125], "texture": "#particle"},
				"east": {"uv": [0.0625, 0.75, 0, 0.8125], "texture": "#particle"},
				"south": {"uv": [0.0625, 0.75, 0, 0.8125], "texture": "#particle"},
				"up": {"uv": [0.0625, 0.75, 0, 0.8125], "texture": "#particle"},
				"down": {"uv": [0.0625, 0.75, 0, 0.8125], "texture": "#particle"}
			}
		},
		{
			"from": [20.5, 2, 22.5],
			"to": [21.5, 12, 23.5],
			"rotation": {"angle": 0, "axis": "y", "origin": [16, 0, 0]},
			"faces": {
				"north": {"uv": [0.0625, 0.75, 0, 0.8125], "texture": "#particle"},
				"east": {"uv": [0.0625, 0.75, 0, 0.8125], "texture": "#particle"},
				"south": {"uv": [0.0625, 0.75, 0, 0.8125], "texture": "#particle"},
				"west": {"uv": [0.0625, 0.75, 0, 0.8125], "texture": "#particle"},
				"up": {"uv": [0.0625, 0.75, 0, 0.8125], "texture": "#particle"},
				"down": {"uv": [0.0625, 0.75, 0, 0.8125], "texture": "#particle"}
			}
		},
		{
			"from": [19.5, 8, 13.5],
			"to": [22.5, 12, 15.5],
			"rotation": {"angle": 0, "axis": "y", "origin": [16, 0, 0]},
			"faces": {
				"north": {"uv": [0.0625, 0.8125, 0, 1.0625], "texture": "#particle"},
				"east": {"uv": [0.0625, 0.8125, 0, 1.0625], "texture": "#particle"},
				"south": {"uv": [0.0625, 0.8125, 0, 1.0625], "texture": "#particle"},
				"west": {"uv": [0.0625, 0.8125, 0, 1.0625], "texture": "#particle"},
				"up": {"uv": [0.0625, 0.75, 0, 0.8125], "texture": "#particle"}
			}
		},
		{
			"from": [19, 2, 11.5],
			"to": [23, 8.4, 17.5],
			"rotation": {"angle": 0, "axis": "y", "origin": [16, 0, 0]},
			"faces": {
				"north": {"uv": [0.0625, 0.75, 0, 0.8125], "texture": "#particle"},
				"east": {"uv": [0.0625, 0.75, 0, 0.8125], "texture": "#particle"},
				"south": {"uv": [0.0625, 0.75, 0, 0.8125], "texture": "#particle"},
				"west": {"uv": [0.0625, 0.75, 0, 0.8125], "texture": "#particle"},
				"up": {"uv": [0.0625, 0.75, 0, 0.8125], "texture": "#particle"},
				"down": {"uv": [0.0625, 0.75, 0, 0.8125], "texture": "#particle"}
			}
		},
		{
			"from": [19, 1.25, 11.5],
			"to": [23, 2, 11.75],
			"rotation": {"angle": 0, "axis": "y", "origin": [16, 0, 0]},
			"faces": {
				"north": {"uv": [0.0625, 0.75, 0, 0.8125], "texture": "#particle"},
				"east": {"uv": [0.0625, 0.75, 0, 0.8125], "texture": "#particle"},
				"south": {"uv": [0.0625, 0.75, 0, 0.8125], "texture": "#particle"},
				"west": {"uv": [0.0625, 0.75, 0, 0.8125], "texture": "#particle"}
			}
		},
		{
			"from": [19, 1.25, 17.2],
			"to": [23, 2, 17.45],
			"rotation": {"angle": 0, "axis": "y", "origin": [16, 0, 0]},
			"faces": {
				"north": {"uv": [0.0625, 0.75, 0, 0.8125], "texture": "#particle"},
				"east": {"uv": [0.0625, 0.75, 0, 0.8125], "texture": "#particle"},
				"south": {"uv": [0.0625, 0.75, 0, 0.8125], "texture": "#particle"},
				"west": {"uv": [0.0625, 0.75, 0, 0.8125], "texture": "#particle"}
			}
		},
		{
			"from": [22, 1, 11.5],
			"to": [23, 1.25, 17.5],
			"rotation": {"angle": 0, "axis": "y", "origin": [16, 0, 0]},
			"faces": {
				"north": {"uv": [0.0625, 0.75, 0, 0.8125], "texture": "#particle"},
				"east": {"uv": [0.0625, 0.75, 0, 0.8125], "texture": "#particle"},
				"south": {"uv": [0.0625, 0.75, 0, 0.8125], "texture": "#particle"},
				"west": {"uv": [0.0625, 0.75, 0, 0.8125], "texture": "#particle"},
				"up": {"uv": [0.0625, 0.75, 0, 0.8125], "texture": "#particle"},
				"down": {"uv": [0.0625, 0.75, 0, 0.8125], "texture": "#particle"}
			}
		},
		{
			"from": [20, 1, 10.5],
			"to": [22, 1.25, 18.5],
			"rotation": {"angle": 0, "axis": "y", "origin": [16, 0, 0]},
			"faces": {
				"north": {"uv": [0.0625, 0.75, 0, 0.8125], "texture": "#particle"},
				"east": {"uv": [0.0625, 0.75, 0, 0.8125], "texture": "#particle"},
				"south": {"uv": [0.0625, 0.75, 0, 0.8125], "texture": "#particle"},
				"up": {"uv": [0.0625, 0.75, 0, 0.8125], "texture": "#particle"},
				"down": {"uv": [0.0625, 0.75, 0, 0.8125], "texture": "#particle"}
			}
		},
		{
			"from": [20, 2, 10.5],
			"to": [22, 2.25, 18.5],
			"rotation": {"angle": 0, "axis": "y", "origin": [16, 0, 0]},
			"faces": {
				"north": {"uv": [0.0625, 0.75, 0, 0.8125], "texture": "#particle"},
				"east": {"uv": [0.0625, 0.75, 0, 0.8125], "texture": "#particle"},
				"south": {"uv": [0.0625, 0.75, 0, 0.8125], "texture": "#particle"},
				"up": {"uv": [0.0625, 0.75, 0, 0.8125], "texture": "#particle"},
				"down": {"uv": [0.0625, 0.75, 0, 0.8125], "texture": "#particle"}
			}
		},
		{
			"from": [20, 3.6, 10.5],
			"to": [22, 3.85, 18.5],
			"rotation": {"angle": 0, "axis": "y", "origin": [16, 0, 0]},
			"faces": {
				"north": {"uv": [0.0625, 0.75, 0, 0.8125], "texture": "#particle"},
				"east": {"uv": [0.0625, 0.75, 0, 0.8125], "texture": "#particle"},
				"south": {"uv": [0.0625, 0.75, 0, 0.8125], "texture": "#particle"},
				"up": {"uv": [0.0625, 0.75, 0, 0.8125], "texture": "#particle"},
				"down": {"uv": [0.0625, 0.75, 0, 0.8125], "texture": "#particle"}
			}
		},
		{
			"from": [20, 5.1, 10.5],
			"to": [22, 5.35, 18.5],
			"rotation": {"angle": 0, "axis": "y", "origin": [16, 0, 0]},
			"faces": {
				"north": {"uv": [0.0625, 0.75, 0, 0.8125], "texture": "#particle"},
				"east": {"uv": [0.0625, 0.75, 0, 0.8125], "texture": "#particle"},
				"south": {"uv": [0.0625, 0.75, 0, 0.8125], "texture": "#particle"},
				"up": {"uv": [0.0625, 0.75, 0, 0.8125], "texture": "#particle"},
				"down": {"uv": [0.0625, 0.75, 0, 0.8125], "texture": "#particle"}
			}
		},
		{
			"from": [20, 6.8, 10.5],
			"to": [22, 7.05, 18.5],
			"rotation": {"angle": 0, "axis": "y", "origin": [16, 0, 0]},
			"faces": {
				"north": {"uv": [0.0625, 0.75, 0, 0.8125], "texture": "#particle"},
				"east": {"uv": [0.0625, 0.75, 0, 0.8125], "texture": "#particle"},
				"south": {"uv": [0.0625, 0.75, 0, 0.8125], "texture": "#particle"},
				"up": {"uv": [0.0625, 0.75, 0, 0.8125], "texture": "#particle"},
				"down": {"uv": [0.0625, 0.75, 0, 0.8125], "texture": "#particle"}
			}
		},
		{
			"from": [19, 1, 9.5],
			"to": [20, 1.25, 19.5],
			"rotation": {"angle": 0, "axis": "y", "origin": [16, 0, 0]},
			"faces": {
				"north": {"uv": [0.0625, 0.75, 0, 0.8125], "texture": "#particle"},
				"east": {"uv": [0.0625, 0.75, 0, 0.8125], "texture": "#particle"},
				"south": {"uv": [0.0625, 0.75, 0, 0.8125], "texture": "#particle"},
				"west": {"uv": [0.0625, 0.75, 0, 0.8125], "texture": "#particle"},
				"up": {"uv": [0.0625, 0.75, 0, 0.8125], "texture": "#particle"},
				"down": {"uv": [0.0625, 0.75, 0, 0.8125], "texture": "#particle"}
			}
		},
		{
			"from": [19, 2, 9.5],
			"to": [20, 2.25, 19.5],
			"rotation": {"angle": 0, "axis": "y", "origin": [16, 0, 0]},
			"faces": {
				"north": {"uv": [0.0625, 0.75, 0, 0.8125], "texture": "#particle"},
				"east": {"uv": [0.0625, 0.75, 0, 0.8125], "texture": "#particle"},
				"south": {"uv": [0.0625, 0.75, 0, 0.8125], "texture": "#particle"},
				"west": {"uv": [0.0625, 0.75, 0, 0.8125], "texture": "#particle"},
				"up": {"uv": [0.0625, 0.75, 0, 0.8125], "texture": "#particle"},
				"down": {"uv": [0.0625, 0.75, 0, 0.8125], "texture": "#particle"}
			}
		},
		{
			"from": [19, 3.6, 9.5],
			"to": [20, 3.85, 19.5],
			"rotation": {"angle": 0, "axis": "y", "origin": [16, 0, 0]},
			"faces": {
				"north": {"uv": [0.0625, 0.75, 0, 0.8125], "texture": "#particle"},
				"east": {"uv": [0.0625, 0.75, 0, 0.8125], "texture": "#particle"},
				"south": {"uv": [0.0625, 0.75, 0, 0.8125], "texture": "#particle"},
				"up": {"uv": [0.0625, 0.75, 0, 0.8125], "texture": "#particle"},
				"down": {"uv": [0.0625, 0.75, 0, 0.8125], "texture": "#particle"}
			}
		},
		{
			"from": [19, 5.1, 9.5],
			"to": [20, 5.35, 19.5],
			"rotation": {"angle": 0, "axis": "y", "origin": [16, 0, 0]},
			"faces": {
				"north": {"uv": [0.0625, 0.75, 0, 0.8125], "texture": "#particle"},
				"east": {"uv": [0.0625, 0.75, 0, 0.8125], "texture": "#particle"},
				"south": {"uv": [0.0625, 0.75, 0, 0.8125], "texture": "#particle"},
				"up": {"uv": [0.0625, 0.75, 0, 0.8125], "texture": "#particle"},
				"down": {"uv": [0.0625, 0.75, 0, 0.8125], "texture": "#particle"}
			}
		},
		{
			"from": [19, 6.8, 9.5],
			"to": [20, 7.05, 19.5],
			"rotation": {"angle": 0, "axis": "y", "origin": [16, 0, 0]},
			"faces": {
				"north": {"uv": [0.0625, 0.75, 0, 0.8125], "texture": "#particle"},
				"east": {"uv": [0.0625, 0.75, 0, 0.8125], "texture": "#particle"},
				"south": {"uv": [0.0625, 0.75, 0, 0.8125], "texture": "#particle"},
				"up": {"uv": [0.0625, 0.75, 0, 0.8125], "texture": "#particle"},
				"down": {"uv": [0.0625, 0.75, 0, 0.8125], "texture": "#particle"}
			}
		},
		{
			"from": [20, 8.1, 10.5],
			"to": [22, 8.35, 18.5],
			"rotation": {"angle": 0, "axis": "y", "origin": [16, 0, 0]},
			"faces": {
				"north": {"uv": [0.0625, 0.75, 0, 0.8125], "texture": "#particle"},
				"east": {"uv": [0.0625, 0.75, 0, 0.8125], "texture": "#particle"},
				"south": {"uv": [0.0625, 0.75, 0, 0.8125], "texture": "#particle"},
				"up": {"uv": [0.0625, 0.75, 0, 0.8125], "texture": "#particle"},
				"down": {"uv": [0.0625, 0.75, 0, 0.8125], "texture": "#particle"}
			}
		},
		{
			"from": [19, 8.1, 9.5],
			"to": [20, 8.35, 19.5],
			"rotation": {"angle": 0, "axis": "y", "origin": [16, 0, 0]},
			"faces": {
				"north": {"uv": [0.0625, 0.75, 0, 0.8125], "texture": "#particle"},
				"east": {"uv": [0.0625, 0.75, 0, 0.8125], "texture": "#particle"},
				"south": {"uv": [0.0625, 0.75, 0, 0.8125], "texture": "#particle"},
				"up": {"uv": [0.0625, 0.75, 0, 0.8125], "texture": "#particle"},
				"down": {"uv": [0.0625, 0.75, 0, 0.8125], "texture": "#particle"}
			}
		},
		{
			"from": [19, 8, 26],
			"to": [23, 8.25, 31],
			"rotation": {"angle": 0, "axis": "y", "origin": [16, 0, 0]},
			"faces": {
				"north": {"uv": [0.0625, 0.75, 0, 0.8125], "texture": "#particle"},
				"east": {"uv": [0.0625, 0.75, 0, 0.8125], "texture": "#particle"},
				"south": {"uv": [0.0625, 0.75, 0, 0.8125], "texture": "#particle"},
				"up": {"uv": [0.3125, 0.75, 0.0625, 0.8125], "texture": "#particle"},
				"down": {"uv": [0.0625, 0.75, 0, 0.8125], "texture": "#particle"}
			}
		},
		{
			"from": [19, 8, 26],
			"to": [23, 9.25, 26.25],
			"rotation": {"angle": -22.5, "axis": "x", "origin": [16, 8, 26]},
			"faces": {
				"north": {"uv": [0.0625, 0.75, 0, 0.8125], "texture": "#particle"},
				"east": {"uv": [0.0625, 0.75, 0, 0.8125], "texture": "#particle"},
				"south": {"uv": [0.0625, 0.75, 0, 0.8125], "texture": "#particle"},
				"up": {"uv": [0.0625, 0.75, 0, 0.8125], "texture": "#particle"},
				"down": {"uv": [0.0625, 0.75, 0, 0.8125], "texture": "#particle"}
			}
		},
		{
			"from": [19, 2.5, 26],
			"to": [23, 2.75, 31],
			"rotation": {"angle": 0, "axis": "y", "origin": [16, -5.5, 0]},
			"faces": {
				"north": {"uv": [0.0625, 0.75, 0, 0.8125], "texture": "#particle"},
				"east": {"uv": [0.0625, 0.75, 0, 0.8125], "texture": "#particle"},
				"south": {"uv": [0.0625, 0.75, 0, 0.8125], "texture": "#particle"},
				"up": {"uv": [0.3125, 0.75, 0.0625, 0.8125], "texture": "#particle"},
				"down": {"uv": [0.0625, 0.75, 0, 0.8125], "texture": "#particle"}
			}
		},
		{
			"from": [19, 2.5, 26],
			"to": [23, 3.75, 26.25],
			"rotation": {"angle": -22.5, "axis": "x", "origin": [16, 2.5, 26]},
			"faces": {
				"north": {"uv": [0.0625, 0.75, 0, 0.8125], "texture": "#particle"},
				"east": {"uv": [0.0625, 0.75, 0, 0.8125], "texture": "#particle"},
				"south": {"uv": [0.0625, 0.75, 0, 0.8125], "texture": "#particle"},
				"up": {"uv": [0.0625, 0.75, 0, 0.8125], "texture": "#particle"},
				"down": {"uv": [0.0625, 0.75, 0, 0.8125], "texture": "#particle"}
			}
		}
	],
	"display": {
		"gui": {
			"rotation": [40, 135, 0],
			"translation": [-2, -0.75, 0],
			"scale": [0.4, 0.4, 0.4]
		},
		"head": {
			"scale": [2, 2, 2]
		}
	},
	"groups": [
		{
			"name": "leader",
			"origin": [8, 8, 8],
			"color": 0,
			"children": [0, 1, 2, 3, 4, 5, 6, 7]
		},
		{
			"name": "left",
			"origin": [8, 8, 8],
			"color": 0,
			"children": [
				{
					"name": "wheel support",
					"origin": [8, 8, 8],
					"color": 0,
					"children": [
						{
							"name": "leaf spring",
							"origin": [0, 0, 0],
							"color": 0,
							"children": [8, 9, 10, 11, 12]
						},
						{
							"name": "front support",
							"origin": [0, 0, 0],
							"color": 0,
							"children": [13, 14]
						},
						{
							"name": "rear support",
							"origin": [0, 0, 0],
							"color": 0,
							"children": [15, 16]
						},
						{
							"name": "group",
							"origin": [8, 8, 8],
							"color": 0,
							"children": [17, 18, 19, 20, 21, 22, 23, 24, 25, 26, 27, 28, 29, 30, 31, 32, 33]
						}
					]
				},
				{
					"name": "upper step",
					"origin": [0, 0, 26],
					"color": 0,
					"children": [34, 35]
				},
				{
					"name": "lower step",
					"origin": [0, 0, 26],
					"color": 0,
					"children": [36, 37]
				}
			]
		},
		{
			"name": "right",
			"origin": [8, 8, 8],
			"color": 0,
			"children": [
				{
					"name": "wheel support",
					"origin": [8, 8, 8],
					"color": 0,
					"children": [
						{
							"name": "leaf spring",
							"origin": [0, 0, 0],
							"color": 0,
							"children": [38, 39, 40, 41, 42]
						},
						{
							"name": "front support",
							"origin": [0, 0, 0],
							"color": 0,
							"children": [43, 44]
						},
						{
							"name": "rear support",
							"origin": [0, 0, 0],
							"color": 0,
							"children": [45, 46]
						},
						{
							"name": "group",
							"origin": [8, 8, 8],
							"color": 0,
							"children": [47, 48, 49, 50, 51, 52, 53, 54, 55, 56, 57, 58, 59, 60, 61, 62, 63]
						}
					]
				},
				{
					"name": "upper step",
					"origin": [0, 0, 26],
					"color": 0,
					"children": [64, 65]
				},
				{
					"name": "lower step",
					"origin": [0, 0, 26],
					"color": 0,
					"children": [66, 67]
				}
			]
		}
	]
}