{
	"credit": "Made with Blockbench",
	"texture_size": [256, 256],
	"textures": {
		"0": "item/amalon/tc/a4/skin_mallard",
		"particle": "item/amalon/tc/a4/skin_mallard"
	},
	"elements": [
		{
			"name": "center",
			"from": [17, 7, 7.8],
			"to": [18, 8, 8.2],
			"rotation": {"angle": 0, "axis": "x", "origin": [0, 8, 8]},
			"faces": {
				"east": {"uv": [2.3125, 0.25, 2.375, 0.375], "texture": "#0"},
				"west": {"uv": [2.375, 0.25, 2.4375, 0.375], "texture": "#0"},
				"down": {"uv": [2.3125, 0.375, 2.375, 0.4375], "texture": "#0"}
			}
		},
		{
			"name": "inner",
			"from": [17, 6, 7.6],
			"to": [17.75, 7.5, 8.4],
			"rotation": {"angle": 0, "axis": "x", "origin": [0, 8, 8]},
			"faces": {
				"east": {"uv": [1.9375, 0.3125, 2.0625, 0.5], "texture": "#0"},
				"west": {"uv": [2.0625, 0.3125, 2.1875, 0.5], "texture": "#0"},
				"down": {"uv": [1.9375, 0.25, 2.0625, 0.3125], "rotation": 270, "texture": "#0"}
			}
		},
		{
			"name": "rim",
			"from": [17, 0.9, 6.575],
			"to": [18, 2.4, 9.425],
			"rotation": {"angle": 0, "axis": "x", "origin": [0, 8, 8]},
			"faces": {
				"east": {"uv": [2.0625, 0, 2.4375, 0.0625], "texture": "#0"},
				"west": {"uv": [2.0625, 0.125, 2.4375, 0.1875], "texture": "#0"},
				"up": {"uv": [2.0625, 0.0625, 2.4375, 0.125], "rotation": 90, "texture": "#0"},
				"down": {"uv": [2.0625, 0.1875, 2.4375, 0.25], "rotation": 270, "texture": "#0"}
			}
		},
		{
			"name": "flange",
			"from": [17, 0.4, 6.475],
			"to": [17.2, 0.9, 9.525],
			"rotation": {"angle": 0, "axis": "x", "origin": [0, 8, 8]},
			"faces": {
				"east": {"uv": [1.9375, 0.125, 2, 0.1875], "texture": "#0"},
				"west": {"uv": [1.9375, 0, 2, 0.0625], "texture": "#0"},
				"down": {"uv": [1.9375, 0.0625, 2, 0.125], "rotation": 270, "texture": "#0"}
			}
		},
		{
			"name": "center",
			"from": [17, 7, 7.8],
			"to": [18, 8, 8.2],
			"rotation": {"angle": -22.5, "axis": "x", "origin": [0, 8, 8]},
			"faces": {
				"east": {"uv": [2.3125, 0.25, 2.375, 0.375], "texture": "#0"},
				"west": {"uv": [2.375, 0.25, 2.4375, 0.375], "texture": "#0"},
				"down": {"uv": [2.3125, 0.375, 2.375, 0.4375], "texture": "#0"}
			}
		},
		{
			"name": "inner",
			"from": [17, 6, 7.6],
			"to": [17.75, 7.5, 8.4],
			"rotation": {"angle": -22.5, "axis": "x", "origin": [0, 8, 8]},
			"faces": {
				"east": {"uv": [1.9375, 0.3125, 2.0625, 0.5], "texture": "#0"},
				"west": {"uv": [2.0625, 0.3125, 2.1875, 0.5], "texture": "#0"},
				"down": {"uv": [1.9375, 0.25, 2.0625, 0.3125], "rotation": 270, "texture": "#0"}
			}
		},
		{
			"name": "spoke",
			"from": [17, 2.4, 7.75],
			"to": [17.75, 6, 8.25],
			"rotation": {"angle": -22.5, "axis": "x", "origin": [0, 8, 8]},
			"faces": {
				"north": {"uv": [1.75, 0, 1.8125, 0.5], "texture": "#0"},
				"east": {"uv": [1.6875, 0, 1.75, 0.5], "texture": "#0"},
				"south": {"uv": [1.875, 0, 1.9375, 0.5], "texture": "#0"},
				"west": {"uv": [1.8125, 0, 1.875, 0.5], "texture": "#0"}
			}
		},
		{
			"name": "rim",
			"from": [17, 0.9, 6.575],
			"to": [18, 2.4, 9.425],
			"rotation": {"angle": -22.5, "axis": "x", "origin": [0, 8, 8]},
			"faces": {
				"east": {"uv": [2.0625, 0, 2.4375, 0.0625], "texture": "#0"},
				"west": {"uv": [2.0625, 0.125, 2.4375, 0.1875], "texture": "#0"},
				"up": {"uv": [2.0625, 0.0625, 2.4375, 0.125], "rotation": 90, "texture": "#0"},
				"down": {"uv": [2.0625, 0.1875, 2.4375, 0.25], "rotation": 270, "texture": "#0"}
			}
		},
		{
			"name": "flange",
			"from": [17, 0.4, 6.475],
			"to": [17.2, 0.9, 9.525],
			"rotation": {"angle": -22.5, "axis": "x", "origin": [0, 8, 8]},
			"faces": {
				"east": {"uv": [1.9375, 0.125, 2, 0.1875], "texture": "#0"},
				"west": {"uv": [1.9375, 0, 2, 0.0625], "texture": "#0"},
				"down": {"uv": [1.9375, 0.0625, 2, 0.125], "rotation": 270, "texture": "#0"}
			}
		},
		{
			"name": "center",
			"from": [17, 7, 7.8],
			"to": [18, 8, 8.2],
			"rotation": {"angle": -45, "axis": "x", "origin": [0, 8, 8]},
			"faces": {
				"east": {"uv": [2.3125, 0.25, 2.375, 0.375], "texture": "#0"},
				"west": {"uv": [2.375, 0.25, 2.4375, 0.375], "texture": "#0"},
				"down": {"uv": [2.3125, 0.375, 2.375, 0.4375], "texture": "#0"}
			}
		},
		{
			"name": "inner",
			"from": [17, 6, 7.6],
			"to": [17.75, 7.5, 8.4],
			"rotation": {"angle": -45, "axis": "x", "origin": [0, 8, 8]},
			"faces": {
				"east": {"uv": [1.9375, 0.3125, 2.0625, 0.5], "texture": "#0"},
				"west": {"uv": [2.0625, 0.3125, 2.1875, 0.5], "texture": "#0"},
				"down": {"uv": [1.9375, 0.25, 2.0625, 0.3125], "rotation": 270, "texture": "#0"}
			}
		},
		{
			"name": "rim",
			"from": [17, 0.9, 6.575],
			"to": [18, 2.4, 9.425],
			"rotation": {"angle": -45, "axis": "x", "origin": [0, 8, 8]},
			"faces": {
				"east": {"uv": [2.0625, 0, 2.4375, 0.0625], "texture": "#0"},
				"west": {"uv": [2.0625, 0.125, 2.4375, 0.1875], "texture": "#0"},
				"up": {"uv": [2.0625, 0.0625, 2.4375, 0.125], "rotation": 90, "texture": "#0"},
				"down": {"uv": [2.0625, 0.1875, 2.4375, 0.25], "rotation": 270, "texture": "#0"}
			}
		},
		{
			"name": "flange",
			"from": [17, 0.4, 6.475],
			"to": [17.2, 0.9, 9.525],
			"rotation": {"angle": -45, "axis": "x", "origin": [0, 8, 8]},
			"faces": {
				"east": {"uv": [1.9375, 0.125, 2, 0.1875], "texture": "#0"},
				"west": {"uv": [1.9375, 0, 2, 0.0625], "texture": "#0"},
				"down": {"uv": [1.9375, 0.0625, 2, 0.125], "rotation": 270, "texture": "#0"}
			}
		},
		{
			"name": "center",
			"from": [17, 7.8, 8],
			"to": [18, 8.2, 9],
			"rotation": {"angle": 22.5, "axis": "x", "origin": [0, 8, 8]},
			"faces": {
				"east": {"uv": [2.375, 0.375, 2.3125, 0.25], "rotation": 270, "texture": "#0"},
				"south": {"uv": [2.3125, 0.375, 2.375, 0.4375], "texture": "#0"},
				"west": {"uv": [2.4375, 0.375, 2.375, 0.25], "rotation": 90, "texture": "#0"}
			}
		},
		{
			"name": "inner",
			"from": [17, 7.6, 8.5],
			"to": [17.75, 8.4, 10],
			"rotation": {"angle": 22.5, "axis": "x", "origin": [0, 8, 8]},
			"faces": {
				"east": {"uv": [2.0625, 0.5, 1.9375, 0.3125], "rotation": 270, "texture": "#0"},
				"south": {"uv": [1.9375, 0.25, 2.0625, 0.3125], "rotation": 270, "texture": "#0"},
				"west": {"uv": [2.1875, 0.5, 2.0625, 0.3125], "rotation": 90, "texture": "#0"}
			}
		},
		{
			"name": "spoke",
			"from": [17, 7.75, 10],
			"to": [17.75, 8.25, 13.6],
			"rotation": {"angle": 22.5, "axis": "x", "origin": [0, 8, 8]},
			"faces": {
				"east": {"uv": [1.75, 0.5, 1.6875, 0], "rotation": 270, "texture": "#0"},
				"west": {"uv": [1.875, 0.5, 1.8125, 0], "rotation": 90, "texture": "#0"},
				"up": {"uv": [1.875, 0, 1.9375, 0.5], "texture": "#0"},
				"down": {"uv": [1.75, 0, 1.8125, 0.5], "rotation": 180, "texture": "#0"}
			}
		},
		{
			"name": "rim",
			"from": [17, 6.575, 13.6],
			"to": [18, 9.425, 15.1],
			"rotation": {"angle": 22.5, "axis": "x", "origin": [0, 8, 8]},
			"faces": {
				"north": {"uv": [2.0625, 0.0625, 2.4375, 0.125], "rotation": 270, "texture": "#0"},
				"east": {"uv": [2.4375, 0.0625, 2.0625, 0], "rotation": 270, "texture": "#0"},
				"south": {"uv": [2.0625, 0.1875, 2.4375, 0.25], "rotation": 270, "texture": "#0"},
				"west": {"uv": [2.4375, 0.1875, 2.0625, 0.125], "rotation": 90, "texture": "#0"}
			}
		},
		{
			"name": "flange",
			"from": [17, 6.475, 15.1],
			"to": [17.2, 9.525, 15.6],
			"rotation": {"angle": 22.5, "axis": "x", "origin": [0, 8, 8]},
			"faces": {
				"east": {"uv": [2, 0.1875, 1.9375, 0.125], "rotation": 270, "texture": "#0"},
				"south": {"uv": [1.9375, 0.0625, 2, 0.125], "rotation": 270, "texture": "#0"},
				"west": {"uv": [2, 0.0625, 1.9375, 0], "rotation": 90, "texture": "#0"}
			}
		},
		{
			"name": "center",
			"from": [17, 7.8, 8],
			"to": [18, 8.2, 9],
			"rotation": {"angle": 0, "axis": "x", "origin": [0, 8, 8]},
			"faces": {
				"east": {"uv": [2.375, 0.375, 2.3125, 0.25], "rotation": 270, "texture": "#0"},
				"south": {"uv": [2.3125, 0.375, 2.375, 0.4375], "texture": "#0"},
				"west": {"uv": [2.4375, 0.375, 2.375, 0.25], "rotation": 90, "texture": "#0"}
			}
		},
		{
			"name": "inner",
			"from": [17, 7.6, 8.5],
			"to": [17.75, 8.4, 10],
			"rotation": {"angle": 0, "axis": "x", "origin": [0, 8, 8]},
			"faces": {
				"east": {"uv": [2.0625, 0.5, 1.9375, 0.3125], "rotation": 270, "texture": "#0"},
				"south": {"uv": [1.9375, 0.25, 2.0625, 0.3125], "rotation": 270, "texture": "#0"},
				"west": {"uv": [2.1875, 0.5, 2.0625, 0.3125], "rotation": 90, "texture": "#0"}
			}
		},
		{
			"name": "rim",
			"from": [17, 6.575, 13.6],
			"to": [18, 9.425, 15.1],
			"rotation": {"angle": 0, "axis": "x", "origin": [0, 8, 8]},
			"faces": {
				"north": {"uv": [2.0625, 0.0625, 2.4375, 0.125], "rotation": 270, "texture": "#0"},
				"east": {"uv": [2.4375, 0.0625, 2.0625, 0], "rotation": 270, "texture": "#0"},
				"south": {"uv": [2.0625, 0.1875, 2.4375, 0.25], "rotation": 270, "texture": "#0"},
				"west": {"uv": [2.4375, 0.1875, 2.0625, 0.125], "rotation": 90, "texture": "#0"}
			}
		},
		{
			"name": "flange",
			"from": [17, 6.475, 15.1],
			"to": [17.2, 9.525, 15.6],
			"rotation": {"angle": 0, "axis": "x", "origin": [0, 8, 8]},
			"faces": {
				"east": {"uv": [2, 0.1875, 1.9375, 0.125], "rotation": 270, "texture": "#0"},
				"south": {"uv": [1.9375, 0.0625, 2, 0.125], "rotation": 270, "texture": "#0"},
				"west": {"uv": [2, 0.0625, 1.9375, 0], "rotation": 90, "texture": "#0"}
			}
		},
		{
			"name": "center",
			"from": [17, 7.8, 8],
			"to": [18, 8.2, 9],
			"rotation": {"angle": -22.5, "axis": "x", "origin": [0, 8, 8]},
			"faces": {
				"east": {"uv": [2.375, 0.375, 2.3125, 0.25], "rotation": 270, "texture": "#0"},
				"south": {"uv": [2.3125, 0.375, 2.375, 0.4375], "texture": "#0"},
				"west": {"uv": [2.4375, 0.375, 2.375, 0.25], "rotation": 90, "texture": "#0"}
			}
		},
		{
			"name": "inner",
			"from": [17, 7.6, 8.5],
			"to": [17.75, 8.4, 10],
			"rotation": {"angle": -22.5, "axis": "x", "origin": [0, 8, 8]},
			"faces": {
				"east": {"uv": [2.0625, 0.5, 1.9375, 0.3125], "rotation": 270, "texture": "#0"},
				"south": {"uv": [1.9375, 0.25, 2.0625, 0.3125], "rotation": 270, "texture": "#0"},
				"west": {"uv": [2.1875, 0.5, 2.0625, 0.3125], "rotation": 90, "texture": "#0"}
			}
		},
		{
			"name": "spoke",
			"from": [17, 7.75, 10],
			"to": [17.75, 8.25, 13.6],
			"rotation": {"angle": -22.5, "axis": "x", "origin": [0, 8, 8]},
			"faces": {
				"east": {"uv": [1.75, 0.5, 1.6875, 0], "rotation": 270, "texture": "#0"},
				"west": {"uv": [1.875, 0.5, 1.8125, 0], "rotation": 90, "texture": "#0"},
				"up": {"uv": [1.875, 0, 1.9375, 0.5], "texture": "#0"},
				"down": {"uv": [1.75, 0, 1.8125, 0.5], "rotation": 180, "texture": "#0"}
			}
		},
		{
			"name": "rim",
			"from": [17, 6.575, 13.6],
			"to": [18, 9.425, 15.1],
			"rotation": {"angle": -22.5, "axis": "x", "origin": [0, 8, 8]},
			"faces": {
				"north": {"uv": [2.0625, 0.0625, 2.4375, 0.125], "rotation": 270, "texture": "#0"},
				"east": {"uv": [2.4375, 0.0625, 2.0625, 0], "rotation": 270, "texture": "#0"},
				"south": {"uv": [2.0625, 0.1875, 2.4375, 0.25], "rotation": 270, "texture": "#0"},
				"west": {"uv": [2.4375, 0.1875, 2.0625, 0.125], "rotation": 90, "texture": "#0"}
			}
		},
		{
			"name": "flange",
			"from": [17, 6.475, 15.1],
			"to": [17.2, 9.525, 15.6],
			"rotation": {"angle": -22.5, "axis": "x", "origin": [0, 8, 8]},
			"faces": {
				"east": {"uv": [2, 0.1875, 1.9375, 0.125], "rotation": 270, "texture": "#0"},
				"south": {"uv": [1.9375, 0.0625, 2, 0.125], "rotation": 270, "texture": "#0"},
				"west": {"uv": [2, 0.0625, 1.9375, 0], "rotation": 90, "texture": "#0"}
			}
		},
		{
			"name": "center",
			"from": [17, 7.8, 8],
			"to": [18, 8.2, 9],
			"rotation": {"angle": -45, "axis": "x", "origin": [0, 8, 8]},
			"faces": {
				"east": {"uv": [2.375, 0.375, 2.3125, 0.25], "rotation": 270, "texture": "#0"},
				"south": {"uv": [2.3125, 0.375, 2.375, 0.4375], "texture": "#0"},
				"west": {"uv": [2.4375, 0.375, 2.375, 0.25], "rotation": 90, "texture": "#0"}
			}
		},
		{
			"name": "inner",
			"from": [17, 7.6, 8.5],
			"to": [17.75, 8.4, 10],
			"rotation": {"angle": -45, "axis": "x", "origin": [0, 8, 8]},
			"faces": {
				"east": {"uv": [2.0625, 0.5, 1.9375, 0.3125], "rotation": 270, "texture": "#0"},
				"south": {"uv": [1.9375, 0.25, 2.0625, 0.3125], "rotation": 270, "texture": "#0"},
				"west": {"uv": [2.1875, 0.5, 2.0625, 0.3125], "rotation": 90, "texture": "#0"}
			}
		},
		{
			"name": "rim",
			"from": [17, 6.575, 13.6],
			"to": [18, 9.425, 15.1],
			"rotation": {"angle": -45, "axis": "x", "origin": [0, 8, 8]},
			"faces": {
				"north": {"uv": [2.0625, 0.0625, 2.4375, 0.125], "rotation": 270, "texture": "#0"},
				"east": {"uv": [2.4375, 0.0625, 2.0625, 0], "rotation": 270, "texture": "#0"},
				"south": {"uv": [2.0625, 0.1875, 2.4375, 0.25], "rotation": 270, "texture": "#0"},
				"west": {"uv": [2.4375, 0.1875, 2.0625, 0.125], "rotation": 90, "texture": "#0"}
			}
		},
		{
			"name": "flange",
			"from": [17, 6.475, 15.1],
			"to": [17.2, 9.525, 15.6],
			"rotation": {"angle": -45, "axis": "x", "origin": [0, 8, 8]},
			"faces": {
				"east": {"uv": [2, 0.1875, 1.9375, 0.125], "rotation": 270, "texture": "#0"},
				"south": {"uv": [1.9375, 0.0625, 2, 0.125], "rotation": 270, "texture": "#0"},
				"west": {"uv": [2, 0.0625, 1.9375, 0], "rotation": 90, "texture": "#0"}
			}
		},
		{
			"name": "center",
			"from": [17, 8, 7.8],
			"to": [18, 9, 8.2],
			"rotation": {"angle": 22.5, "axis": "x", "origin": [0, 8, 8]},
			"faces": {
				"east": {"uv": [2.3125, 0.25, 2.375, 0.375], "rotation": 180, "texture": "#0"},
				"west": {"uv": [2.375, 0.25, 2.4375, 0.375], "rotation": 180, "texture": "#0"},
				"up": {"uv": [2.3125, 0.375, 2.375, 0.4375], "texture": "#0"}
			}
		},
		{
			"name": "inner",
			"from": [17, 8.5, 7.6],
			"to": [17.75, 10, 8.4],
			"rotation": {"angle": 22.5, "axis": "x", "origin": [0, 8, 8]},
			"faces": {
				"east": {"uv": [1.9375, 0.3125, 2.0625, 0.5], "rotation": 180, "texture": "#0"},
				"west": {"uv": [2.0625, 0.3125, 2.1875, 0.5], "rotation": 180, "texture": "#0"},
				"up": {"uv": [1.9375, 0.25, 2.0625, 0.3125], "rotation": 270, "texture": "#0"}
			}
		},
		{
			"name": "spoke",
			"from": [17, 10, 7.75],
			"to": [17.75, 13.6, 8.25],
			"rotation": {"angle": 22.5, "axis": "x", "origin": [0, 8, 8]},
			"faces": {
				"north": {"uv": [1.875, 0, 1.9375, 0.5], "rotation": 180, "texture": "#0"},
				"east": {"uv": [1.6875, 0, 1.75, 0.5], "rotation": 180, "texture": "#0"},
				"south": {"uv": [1.75, 0, 1.8125, 0.5], "rotation": 180, "texture": "#0"},
				"west": {"uv": [1.8125, 0, 1.875, 0.5], "rotation": 180, "texture": "#0"}
			}
		},
		{
			"name": "rim",
			"from": [17, 13.6, 6.575],
			"to": [18, 15.1, 9.425],
			"rotation": {"angle": 22.5, "axis": "x", "origin": [0, 8, 8]},
			"faces": {
				"east": {"uv": [2.0625, 0, 2.4375, 0.0625], "rotation": 180, "texture": "#0"},
				"west": {"uv": [2.0625, 0.125, 2.4375, 0.1875], "rotation": 180, "texture": "#0"},
				"up": {"uv": [2.0625, 0.1875, 2.4375, 0.25], "rotation": 270, "texture": "#0"},
				"down": {"uv": [2.0625, 0.0625, 2.4375, 0.125], "rotation": 90, "texture": "#0"}
			}
		},
		{
			"name": "flange",
			"from": [17, 15.1, 6.475],
			"to": [17.2, 15.6, 9.525],
			"rotation": {"angle": 22.5, "axis": "x", "origin": [0, 8, 8]},
			"faces": {
				"east": {"uv": [1.9375, 0.125, 2, 0.1875], "rotation": 180, "texture": "#0"},
				"west": {"uv": [1.9375, 0, 2, 0.0625], "rotation": 180, "texture": "#0"},
				"up": {"uv": [1.9375, 0.0625, 2, 0.125], "rotation": 270, "texture": "#0"}
			}
		},
		{
			"name": "center",
			"from": [17, 8, 7.8],
			"to": [18, 9, 8.2],
			"rotation": {"angle": 0, "axis": "x", "origin": [0, 8, 8]},
			"faces": {
				"east": {"uv": [2.3125, 0.25, 2.375, 0.375], "rotation": 180, "texture": "#0"},
				"west": {"uv": [2.375, 0.25, 2.4375, 0.375], "rotation": 180, "texture": "#0"},
				"up": {"uv": [2.3125, 0.375, 2.375, 0.4375], "texture": "#0"}
			}
		},
		{
			"name": "inner",
			"from": [17, 8.5, 7.6],
			"to": [17.75, 10, 8.4],
			"rotation": {"angle": 0, "axis": "x", "origin": [0, 8, 8]},
			"faces": {
				"east": {"uv": [1.9375, 0.3125, 2.0625, 0.5], "rotation": 180, "texture": "#0"},
				"west": {"uv": [2.0625, 0.3125, 2.1875, 0.5], "rotation": 180, "texture": "#0"},
				"up": {"uv": [1.9375, 0.25, 2.0625, 0.3125], "rotation": 270, "texture": "#0"}
			}
		},
		{
			"name": "rim",
			"from": [17, 13.6, 6.575],
			"to": [18, 15.1, 9.425],
			"rotation": {"angle": 0, "axis": "x", "origin": [0, 8, 8]},
			"faces": {
				"east": {"uv": [2.0625, 0, 2.4375, 0.0625], "rotation": 180, "texture": "#0"},
				"west": {"uv": [2.0625, 0.125, 2.4375, 0.1875], "rotation": 180, "texture": "#0"},
				"up": {"uv": [2.0625, 0.1875, 2.4375, 0.25], "rotation": 270, "texture": "#0"},
				"down": {"uv": [2.0625, 0.0625, 2.4375, 0.125], "rotation": 90, "texture": "#0"}
			}
		},
		{
			"name": "flange",
			"from": [17, 15.1, 6.475],
			"to": [17.2, 15.6, 9.525],
			"rotation": {"angle": 0, "axis": "x", "origin": [0, 8, 8]},
			"faces": {
				"east": {"uv": [1.9375, 0.125, 2, 0.1875], "rotation": 180, "texture": "#0"},
				"west": {"uv": [1.9375, 0, 2, 0.0625], "rotation": 180, "texture": "#0"},
				"up": {"uv": [1.9375, 0.0625, 2, 0.125], "rotation": 270, "texture": "#0"}
			}
		},
		{
			"name": "center",
			"from": [17, 8, 7.8],
			"to": [18, 9, 8.2],
			"rotation": {"angle": -22.5, "axis": "x", "origin": [0, 8, 8]},
			"faces": {
				"east": {"uv": [2.3125, 0.25, 2.375, 0.375], "rotation": 180, "texture": "#0"},
				"west": {"uv": [2.375, 0.25, 2.4375, 0.375], "rotation": 180, "texture": "#0"},
				"up": {"uv": [2.3125, 0.375, 2.375, 0.4375], "texture": "#0"}
			}
		},
		{
			"name": "inner",
			"from": [17, 8.5, 7.6],
			"to": [17.75, 10, 8.4],
			"rotation": {"angle": -22.5, "axis": "x", "origin": [0, 8, 8]},
			"faces": {
				"east": {"uv": [1.9375, 0.3125, 2.0625, 0.5], "rotation": 180, "texture": "#0"},
				"west": {"uv": [2.0625, 0.3125, 2.1875, 0.5], "rotation": 180, "texture": "#0"},
				"up": {"uv": [1.9375, 0.25, 2.0625, 0.3125], "rotation": 270, "texture": "#0"}
			}
		},
		{
			"name": "spoke",
			"from": [17, 10, 7.75],
			"to": [17.75, 13.6, 8.25],
			"rotation": {"angle": -22.5, "axis": "x", "origin": [0, 8, 8]},
			"faces": {
				"north": {"uv": [1.875, 0, 1.9375, 0.5], "rotation": 180, "texture": "#0"},
				"east": {"uv": [1.6875, 0, 1.75, 0.5], "rotation": 180, "texture": "#0"},
				"south": {"uv": [1.75, 0, 1.8125, 0.5], "rotation": 180, "texture": "#0"},
				"west": {"uv": [1.8125, 0, 1.875, 0.5], "rotation": 180, "texture": "#0"}
			}
		},
		{
			"name": "rim",
			"from": [17, 13.6, 6.575],
			"to": [18, 15.1, 9.425],
			"rotation": {"angle": -22.5, "axis": "x", "origin": [0, 8, 8]},
			"faces": {
				"east": {"uv": [2.0625, 0, 2.4375, 0.0625], "rotation": 180, "texture": "#0"},
				"west": {"uv": [2.0625, 0.125, 2.4375, 0.1875], "rotation": 180, "texture": "#0"},
				"up": {"uv": [2.0625, 0.1875, 2.4375, 0.25], "rotation": 270, "texture": "#0"},
				"down": {"uv": [2.0625, 0.0625, 2.4375, 0.125], "rotation": 90, "texture": "#0"}
			}
		},
		{
			"name": "flange",
			"from": [17, 15.1, 6.475],
			"to": [17.2, 15.6, 9.525],
			"rotation": {"angle": -22.5, "axis": "x", "origin": [0, 8, 8]},
			"faces": {
				"east": {"uv": [1.9375, 0.125, 2, 0.1875], "rotation": 180, "texture": "#0"},
				"west": {"uv": [1.9375, 0, 2, 0.0625], "rotation": 180, "texture": "#0"},
				"up": {"uv": [1.9375, 0.0625, 2, 0.125], "rotation": 270, "texture": "#0"}
			}
		},
		{
			"name": "center",
			"from": [17, 8, 7.8],
			"to": [18, 9, 8.2],
			"rotation": {"angle": -45, "axis": "x", "origin": [0, 8, 8]},
			"faces": {
				"east": {"uv": [2.3125, 0.25, 2.375, 0.375], "rotation": 180, "texture": "#0"},
				"west": {"uv": [2.375, 0.25, 2.4375, 0.375], "rotation": 180, "texture": "#0"},
				"up": {"uv": [2.3125, 0.375, 2.375, 0.4375], "texture": "#0"}
			}
		},
		{
			"name": "inner",
			"from": [17, 8.5, 7.6],
			"to": [17.75, 10, 8.4],
			"rotation": {"angle": -45, "axis": "x", "origin": [0, 8, 8]},
			"faces": {
				"east": {"uv": [1.9375, 0.3125, 2.0625, 0.5], "rotation": 180, "texture": "#0"},
				"west": {"uv": [2.0625, 0.3125, 2.1875, 0.5], "rotation": 180, "texture": "#0"},
				"up": {"uv": [1.9375, 0.25, 2.0625, 0.3125], "rotation": 270, "texture": "#0"}
			}
		},
		{
			"name": "rim",
			"from": [17, 13.6, 6.575],
			"to": [18, 15.1, 9.425],
			"rotation": {"angle": -45, "axis": "x", "origin": [0, 8, 8]},
			"faces": {
				"east": {"uv": [2.0625, 0, 2.4375, 0.0625], "rotation": 180, "texture": "#0"},
				"west": {"uv": [2.0625, 0.125, 2.4375, 0.1875], "rotation": 180, "texture": "#0"},
				"up": {"uv": [2.0625, 0.1875, 2.4375, 0.25], "rotation": 270, "texture": "#0"},
				"down": {"uv": [2.0625, 0.0625, 2.4375, 0.125], "rotation": 90, "texture": "#0"}
			}
		},
		{
			"name": "flange",
			"from": [17, 15.1, 6.475],
			"to": [17.2, 15.6, 9.525],
			"rotation": {"angle": -45, "axis": "x", "origin": [0, 8, 8]},
			"faces": {
				"east": {"uv": [1.9375, 0.125, 2, 0.1875], "rotation": 180, "texture": "#0"},
				"west": {"uv": [1.9375, 0, 2, 0.0625], "rotation": 180, "texture": "#0"},
				"up": {"uv": [1.9375, 0.0625, 2, 0.125], "rotation": 270, "texture": "#0"}
			}
		},
		{
			"name": "center",
			"from": [17, 7.8, 7],
			"to": [18, 8.2, 8],
			"rotation": {"angle": 22.5, "axis": "x", "origin": [0, 8, 8]},
			"faces": {
				"north": {"uv": [2.3125, 0.375, 2.375, 0.4375], "rotation": 180, "texture": "#0"},
				"east": {"uv": [2.375, 0.375, 2.3125, 0.25], "rotation": 90, "texture": "#0"},
				"west": {"uv": [2.4375, 0.375, 2.375, 0.25], "rotation": 270, "texture": "#0"}
			}
		},
		{
			"name": "inner",
			"from": [17, 7.6, 6],
			"to": [17.75, 8.4, 7.5],
			"rotation": {"angle": 22.5, "axis": "x", "origin": [0, 8, 8]},
			"faces": {
				"north": {"uv": [1.9375, 0.25, 2.0625, 0.3125], "rotation": 90, "texture": "#0"},
				"east": {"uv": [2.0625, 0.5, 1.9375, 0.3125], "rotation": 90, "texture": "#0"},
				"west": {"uv": [2.1875, 0.5, 2.0625, 0.3125], "rotation": 270, "texture": "#0"}
			}
		},
		{
			"name": "spoke",
			"from": [17, 7.75, 2.4],
			"to": [17.75, 8.25, 6],
			"rotation": {"angle": 22.5, "axis": "x", "origin": [0, 8, 8]},
			"faces": {
				"east": {"uv": [1.75, 0.5, 1.6875, 0], "rotation": 90, "texture": "#0"},
				"west": {"uv": [1.875, 0.5, 1.8125, 0], "rotation": 270, "texture": "#0"},
				"up": {"uv": [1.75, 0, 1.8125, 0.5], "rotation": 180, "texture": "#0"},
				"down": {"uv": [1.875, 0, 1.9375, 0.5], "texture": "#0"}
			}
		},
		{
			"name": "rim",
			"from": [17, 6.575, 0.9],
			"to": [18, 9.425, 2.4],
			"rotation": {"angle": 22.5, "axis": "x", "origin": [0, 8, 8]},
			"faces": {
				"north": {"uv": [2.0625, 0.1875, 2.4375, 0.25], "rotation": 90, "texture": "#0"},
				"east": {"uv": [2.4375, 0.0625, 2.0625, 0], "rotation": 90, "texture": "#0"},
				"south": {"uv": [2.0625, 0.0625, 2.4375, 0.125], "rotation": 90, "texture": "#0"},
				"west": {"uv": [2.4375, 0.1875, 2.0625, 0.125], "rotation": 270, "texture": "#0"}
			}
		},
		{
			"name": "flange",
			"from": [17, 6.475, 0.4],
			"to": [17.2, 9.525, 0.9],
			"rotation": {"angle": 22.5, "axis": "x", "origin": [0, 8, 8]},
			"faces": {
				"north": {"uv": [1.9375, 0.0625, 2, 0.125], "rotation": 90, "texture": "#0"},
				"east": {"uv": [2, 0.1875, 1.9375, 0.125], "rotation": 90, "texture": "#0"},
				"west": {"uv": [2, 0.0625, 1.9375, 0], "rotation": 270, "texture": "#0"}
			}
		},
		{
			"name": "center",
			"from": [17, 7.8, 7],
			"to": [18, 8.2, 8],
			"rotation": {"angle": 0, "axis": "x", "origin": [0, 8, 8]},
			"faces": {
				"north": {"uv": [2.3125, 0.375, 2.375, 0.4375], "rotation": 180, "texture": "#0"},
				"east": {"uv": [2.375, 0.375, 2.3125, 0.25], "rotation": 90, "texture": "#0"},
				"west": {"uv": [2.4375, 0.375, 2.375, 0.25], "rotation": 270, "texture": "#0"}
			}
		},
		{
			"name": "inner",
			"from": [17, 7.6, 6],
			"to": [17.75, 8.4, 7.5],
			"rotation": {"angle": 0, "axis": "x", "origin": [0, 8, 8]},
			"faces": {
				"north": {"uv": [1.9375, 0.25, 2.0625, 0.3125], "rotation": 90, "texture": "#0"},
				"east": {"uv": [2.0625, 0.5, 1.9375, 0.3125], "rotation": 90, "texture": "#0"},
				"west": {"uv": [2.1875, 0.5, 2.0625, 0.3125], "rotation": 270, "texture": "#0"}
			}
		},
		{
			"name": "rim",
			"from": [17, 6.575, 0.9],
			"to": [18, 9.425, 2.4],
			"rotation": {"angle": 0, "axis": "x", "origin": [0, 8, 8]},
			"faces": {
				"north": {"uv": [2.0625, 0.1875, 2.4375, 0.25], "rotation": 90, "texture": "#0"},
				"east": {"uv": [2.4375, 0.0625, 2.0625, 0], "rotation": 90, "texture": "#0"},
				"south": {"uv": [2.0625, 0.0625, 2.4375, 0.125], "rotation": 90, "texture": "#0"},
				"west": {"uv": [2.4375, 0.1875, 2.0625, 0.125], "rotation": 270, "texture": "#0"}
			}
		},
		{
			"name": "flange",
			"from": [17, 6.475, 0.4],
			"to": [17.2, 9.525, 0.9],
			"rotation": {"angle": 0, "axis": "x", "origin": [0, 8, 8]},
			"faces": {
				"north": {"uv": [1.9375, 0.0625, 2, 0.125], "rotation": 90, "texture": "#0"},
				"east": {"uv": [2, 0.1875, 1.9375, 0.125], "rotation": 90, "texture": "#0"},
				"west": {"uv": [2, 0.0625, 1.9375, 0], "rotation": 270, "texture": "#0"}
			}
		},
		{
			"name": "center",
			"from": [17, 7.8, 7],
			"to": [18, 8.2, 8],
			"rotation": {"angle": -22.5, "axis": "x", "origin": [0, 8, 8]},
			"faces": {
				"north": {"uv": [2.3125, 0.375, 2.375, 0.4375], "rotation": 180, "texture": "#0"},
				"east": {"uv": [2.375, 0.375, 2.3125, 0.25], "rotation": 90, "texture": "#0"},
				"west": {"uv": [2.4375, 0.375, 2.375, 0.25], "rotation": 270, "texture": "#0"}
			}
		},
		{
			"name": "inner",
			"from": [17, 7.6, 6],
			"to": [17.75, 8.4, 7.5],
			"rotation": {"angle": -22.5, "axis": "x", "origin": [0, 8, 8]},
			"faces": {
				"north": {"uv": [1.9375, 0.25, 2.0625, 0.3125], "rotation": 90, "texture": "#0"},
				"east": {"uv": [2.0625, 0.5, 1.9375, 0.3125], "rotation": 90, "texture": "#0"},
				"west": {"uv": [2.1875, 0.5, 2.0625, 0.3125], "rotation": 270, "texture": "#0"}
			}
		},
		{
			"name": "spoke",
			"from": [17, 7.75, 2.4],
			"to": [17.75, 8.25, 6],
			"rotation": {"angle": -22.5, "axis": "x", "origin": [0, 8, 8]},
			"faces": {
				"east": {"uv": [1.75, 0.5, 1.6875, 0], "rotation": 90, "texture": "#0"},
				"west": {"uv": [1.875, 0.5, 1.8125, 0], "rotation": 270, "texture": "#0"},
				"up": {"uv": [1.75, 0, 1.8125, 0.5], "rotation": 180, "texture": "#0"},
				"down": {"uv": [1.875, 0, 1.9375, 0.5], "texture": "#0"}
			}
		},
		{
			"name": "rim",
			"from": [17, 6.575, 0.9],
			"to": [18, 9.425, 2.4],
			"rotation": {"angle": -22.5, "axis": "x", "origin": [0, 8, 8]},
			"faces": {
				"north": {"uv": [2.0625, 0.1875, 2.4375, 0.25], "rotation": 90, "texture": "#0"},
				"east": {"uv": [2.4375, 0.0625, 2.0625, 0], "rotation": 90, "texture": "#0"},
				"south": {"uv": [2.0625, 0.0625, 2.4375, 0.125], "rotation": 90, "texture": "#0"},
				"west": {"uv": [2.4375, 0.1875, 2.0625, 0.125], "rotation": 270, "texture": "#0"}
			}
		},
		{
			"name": "flange",
			"from": [17, 6.475, 0.4],
			"to": [17.2, 9.525, 0.9],
			"rotation": {"angle": -22.5, "axis": "x", "origin": [0, 8, 8]},
			"faces": {
				"north": {"uv": [1.9375, 0.0625, 2, 0.125], "rotation": 90, "texture": "#0"},
				"east": {"uv": [2, 0.1875, 1.9375, 0.125], "rotation": 90, "texture": "#0"},
				"west": {"uv": [2, 0.0625, 1.9375, 0], "rotation": 270, "texture": "#0"}
			}
		},
		{
			"name": "center",
			"from": [17, 7.8, 7],
			"to": [18, 8.2, 8],
			"rotation": {"angle": -45, "axis": "x", "origin": [0, 8, 8]},
			"faces": {
				"north": {"uv": [2.3125, 0.375, 2.375, 0.4375], "rotation": 180, "texture": "#0"},
				"east": {"uv": [2.375, 0.375, 2.3125, 0.25], "rotation": 90, "texture": "#0"},
				"west": {"uv": [2.4375, 0.375, 2.375, 0.25], "rotation": 270, "texture": "#0"}
			}
		},
		{
			"name": "inner",
			"from": [17, 7.6, 6],
			"to": [17.75, 8.4, 7.5],
			"rotation": {"angle": -45, "axis": "x", "origin": [0, 8, 8]},
			"faces": {
				"north": {"uv": [1.9375, 0.25, 2.0625, 0.3125], "rotation": 90, "texture": "#0"},
				"east": {"uv": [2.0625, 0.5, 1.9375, 0.3125], "rotation": 90, "texture": "#0"},
				"west": {"uv": [2.1875, 0.5, 2.0625, 0.3125], "rotation": 270, "texture": "#0"}
			}
		},
		{
			"name": "rim",
			"from": [17, 6.575, 0.9],
			"to": [18, 9.425, 2.4],
			"rotation": {"angle": -45, "axis": "x", "origin": [0, 8, 8]},
			"faces": {
				"north": {"uv": [2.0625, 0.1875, 2.4375, 0.25], "rotation": 90, "texture": "#0"},
				"east": {"uv": [2.4375, 0.0625, 2.0625, 0], "rotation": 90, "texture": "#0"},
				"south": {"uv": [2.0625, 0.0625, 2.4375, 0.125], "rotation": 90, "texture": "#0"},
				"west": {"uv": [2.4375, 0.1875, 2.0625, 0.125], "rotation": 270, "texture": "#0"}
			}
		},
		{
			"name": "flange",
			"from": [17, 6.475, 0.4],
			"to": [17.2, 9.525, 0.9],
			"rotation": {"angle": -45, "axis": "x", "origin": [0, 8, 8]},
			"faces": {
				"north": {"uv": [1.9375, 0.0625, 2, 0.125], "rotation": 90, "texture": "#0"},
				"east": {"uv": [2, 0.1875, 1.9375, 0.125], "rotation": 90, "texture": "#0"},
				"west": {"uv": [2, 0.0625, 1.9375, 0], "rotation": 270, "texture": "#0"}
			}
		},
		{
			"name": "center",
			"from": [17, 7, 7.8],
			"to": [18, 8, 8.2],
			"rotation": {"angle": 22.5, "axis": "x", "origin": [0, 8, 8]},
			"faces": {
				"east": {"uv": [2.3125, 0.25, 2.375, 0.375], "texture": "#0"},
				"west": {"uv": [2.375, 0.25, 2.4375, 0.375], "texture": "#0"},
				"down": {"uv": [2.3125, 0.375, 2.375, 0.4375], "texture": "#0"}
			}
		},
		{
			"name": "inner",
			"from": [17, 6, 7.6],
			"to": [17.75, 7.5, 8.4],
			"rotation": {"angle": 22.5, "axis": "x", "origin": [0, 8, 8]},
			"faces": {
				"east": {"uv": [1.9375, 0.3125, 2.0625, 0.5], "texture": "#0"},
				"west": {"uv": [2.0625, 0.3125, 2.1875, 0.5], "texture": "#0"},
				"down": {"uv": [1.9375, 0.25, 2.0625, 0.3125], "rotation": 270, "texture": "#0"}
			}
		},
		{
			"name": "spoke",
			"from": [17, 2.4, 7.75],
			"to": [17.75, 6, 8.25],
			"rotation": {"angle": 22.5, "axis": "x", "origin": [0, 8, 8]},
			"faces": {
				"north": {"uv": [1.75, 0, 1.8125, 0.5], "texture": "#0"},
				"east": {"uv": [1.6875, 0, 1.75, 0.5], "texture": "#0"},
				"south": {"uv": [1.875, 0, 1.9375, 0.5], "texture": "#0"},
				"west": {"uv": [1.8125, 0, 1.875, 0.5], "texture": "#0"}
			}
		},
		{
			"name": "rim",
			"from": [17, 0.9, 6.575],
			"to": [18, 2.4, 9.425],
			"rotation": {"angle": 22.5, "axis": "x", "origin": [0, 8, 8]},
			"faces": {
				"east": {"uv": [2.0625, 0, 2.4375, 0.0625], "texture": "#0"},
				"west": {"uv": [2.0625, 0.125, 2.4375, 0.1875], "texture": "#0"},
				"up": {"uv": [2.0625, 0.0625, 2.4375, 0.125], "rotation": 90, "texture": "#0"},
				"down": {"uv": [2.0625, 0.1875, 2.4375, 0.25], "rotation": 270, "texture": "#0"}
			}
		},
		{
			"name": "flange",
			"from": [17, 0.4, 6.475],
			"to": [17.2, 0.9, 9.525],
			"rotation": {"angle": 22.5, "axis": "x", "origin": [0, 8, 8]},
			"faces": {
				"east": {"uv": [1.9375, 0.125, 2, 0.1875], "texture": "#0"},
				"west": {"uv": [1.9375, 0, 2, 0.0625], "texture": "#0"},
				"down": {"uv": [1.9375, 0.0625, 2, 0.125], "rotation": 270, "texture": "#0"}
			}
		},
		{
			"name": "center",
			"from": [-2, 7, 7.8],
			"to": [-1, 8, 8.2],
			"rotation": {"angle": 0, "axis": "x", "origin": [16, 8, 8]},
			"faces": {
				"east": {"uv": [2.4375, 0.25, 2.375, 0.375], "texture": "#0"},
				"west": {"uv": [2.375, 0.25, 2.3125, 0.375], "texture": "#0"},
				"down": {"uv": [2.375, 0.375, 2.3125, 0.4375], "texture": "#0"}
			}
		},
		{
			"name": "inner",
			"from": [-1.75, 6, 7.6],
			"to": [-1, 7.5, 8.4],
			"rotation": {"angle": 0, "axis": "x", "origin": [16, 8, 8]},
			"faces": {
				"east": {"uv": [2.1875, 0.3125, 2.0625, 0.5], "texture": "#0"},
				"west": {"uv": [2.0625, 0.3125, 1.9375, 0.5], "texture": "#0"},
				"down": {"uv": [1.9375, 0.3125, 2.0625, 0.25], "rotation": 270, "texture": "#0"}
			}
		},
		{
			"name": "rim",
			"from": [-2, 0.9, 6.575],
			"to": [-1, 2.4, 9.425],
			"rotation": {"angle": 0, "axis": "x", "origin": [16, 8, 8]},
			"faces": {
				"east": {"uv": [2.4375, 0.125, 2.0625, 0.1875], "texture": "#0"},
				"west": {"uv": [2.4375, 0, 2.0625, 0.0625], "texture": "#0"},
				"up": {"uv": [2.0625, 0.125, 2.4375, 0.0625], "rotation": 90, "texture": "#0"},
				"down": {"uv": [2.0625, 0.25, 2.4375, 0.1875], "rotation": 270, "texture": "#0"}
			}
		},
		{
			"name": "flange",
			"from": [-1.2, 0.4, 6.475],
			"to": [-1, 0.9, 9.525],
			"rotation": {"angle": 0, "axis": "x", "origin": [16, 8, 8]},
			"faces": {
				"east": {"uv": [2, 0, 1.9375, 0.0625], "texture": "#0"},
				"west": {"uv": [2, 0.125, 1.9375, 0.1875], "texture": "#0"},
				"down": {"uv": [1.9375, 0.125, 2, 0.0625], "rotation": 270, "texture": "#0"}
			}
		},
		{
			"name": "center",
			"from": [-2, 7, 7.8],
			"to": [-1, 8, 8.2],
			"rotation": {"angle": -22.5, "axis": "x", "origin": [16, 8, 8]},
			"faces": {
				"east": {"uv": [2.4375, 0.25, 2.375, 0.375], "texture": "#0"},
				"west": {"uv": [2.375, 0.25, 2.3125, 0.375], "texture": "#0"},
				"down": {"uv": [2.375, 0.375, 2.3125, 0.4375], "texture": "#0"}
			}
		},
		{
			"name": "inner",
			"from": [-1.75, 6, 7.6],
			"to": [-1, 7.5, 8.4],
			"rotation": {"angle": -22.5, "axis": "x", "origin": [16, 8, 8]},
			"faces": {
				"east": {"uv": [2.1875, 0.3125, 2.0625, 0.5], "texture": "#0"},
				"west": {"uv": [2.0625, 0.3125, 1.9375, 0.5], "texture": "#0"},
				"down": {"uv": [1.9375, 0.3125, 2.0625, 0.25], "rotation": 270, "texture": "#0"}
			}
		},
		{
			"name": "spoke",
			"from": [-1.75, 2.4, 7.75],
			"to": [-1, 6, 8.25],
			"rotation": {"angle": -22.5, "axis": "x", "origin": [16, 8, 8]},
			"faces": {
				"north": {"uv": [1.8125, 0, 1.75, 0.5], "texture": "#0"},
				"east": {"uv": [1.875, 0, 1.8125, 0.5], "texture": "#0"},
				"south": {"uv": [1.9375, 0, 1.875, 0.5], "texture": "#0"},
				"west": {"uv": [1.75, 0, 1.6875, 0.5], "texture": "#0"}
			}
		},
		{
			"name": "rim",
			"from": [-2, 0.9, 6.575],
			"to": [-1, 2.4, 9.425],
			"rotation": {"angle": -22.5, "axis": "x", "origin": [16, 8, 8]},
			"faces": {
				"east": {"uv": [2.4375, 0.125, 2.0625, 0.1875], "texture": "#0"},
				"west": {"uv": [2.4375, 0, 2.0625, 0.0625], "texture": "#0"},
				"up": {"uv": [2.0625, 0.125, 2.4375, 0.0625], "rotation": 90, "texture": "#0"},
				"down": {"uv": [2.0625, 0.25, 2.4375, 0.1875], "rotation": 270, "texture": "#0"}
			}
		},
		{
			"name": "flange",
			"from": [-1.2, 0.4, 6.475],
			"to": [-1, 0.9, 9.525],
			"rotation": {"angle": -22.5, "axis": "x", "origin": [16, 8, 8]},
			"faces": {
				"east": {"uv": [2, 0, 1.9375, 0.0625], "texture": "#0"},
				"west": {"uv": [2, 0.125, 1.9375, 0.1875], "texture": "#0"},
				"down": {"uv": [1.9375, 0.125, 2, 0.0625], "rotation": 270, "texture": "#0"}
			}
		},
		{
			"name": "center",
			"from": [-2, 7, 7.8],
			"to": [-1, 8, 8.2],
			"rotation": {"angle": -45, "axis": "x", "origin": [16, 8, 8]},
			"faces": {
				"east": {"uv": [2.4375, 0.25, 2.375, 0.375], "texture": "#0"},
				"west": {"uv": [2.375, 0.25, 2.3125, 0.375], "texture": "#0"},
				"down": {"uv": [2.375, 0.375, 2.3125, 0.4375], "texture": "#0"}
			}
		},
		{
			"name": "inner",
			"from": [-1.75, 6, 7.6],
			"to": [-1, 7.5, 8.4],
			"rotation": {"angle": -45, "axis": "x", "origin": [16, 8, 8]},
			"faces": {
				"east": {"uv": [2.1875, 0.3125, 2.0625, 0.5], "texture": "#0"},
				"west": {"uv": [2.0625, 0.3125, 1.9375, 0.5], "texture": "#0"},
				"down": {"uv": [1.9375, 0.3125, 2.0625, 0.25], "rotation": 270, "texture": "#0"}
			}
		},
		{
			"name": "rim",
			"from": [-2, 0.9, 6.575],
			"to": [-1, 2.4, 9.425],
			"rotation": {"angle": -45, "axis": "x", "origin": [16, 8, 8]},
			"faces": {
				"east": {"uv": [2.4375, 0.125, 2.0625, 0.1875], "texture": "#0"},
				"west": {"uv": [2.4375, 0, 2.0625, 0.0625], "texture": "#0"},
				"up": {"uv": [2.0625, 0.125, 2.4375, 0.0625], "rotation": 90, "texture": "#0"},
				"down": {"uv": [2.0625, 0.25, 2.4375, 0.1875], "rotation": 270, "texture": "#0"}
			}
		},
		{
			"name": "flange",
			"from": [-1.2, 0.4, 6.475],
			"to": [-1, 0.9, 9.525],
			"rotation": {"angle": -45, "axis": "x", "origin": [16, 8, 8]},
			"faces": {
				"east": {"uv": [2, 0, 1.9375, 0.0625], "texture": "#0"},
				"west": {"uv": [2, 0.125, 1.9375, 0.1875], "texture": "#0"},
				"down": {"uv": [1.9375, 0.125, 2, 0.0625], "rotation": 270, "texture": "#0"}
			}
		},
		{
			"name": "center",
			"from": [-2, 7.8, 8],
			"to": [-1, 8.2, 9],
			"rotation": {"angle": 22.5, "axis": "x", "origin": [16, 8, 8]},
			"faces": {
				"east": {"uv": [2.4375, 0.25, 2.375, 0.375], "rotation": 90, "texture": "#0"},
				"south": {"uv": [2.375, 0.375, 2.3125, 0.4375], "texture": "#0"},
				"west": {"uv": [2.375, 0.25, 2.3125, 0.375], "rotation": 270, "texture": "#0"}
			}
		},
		{
			"name": "inner",
			"from": [-1.75, 7.6, 8.5],
			"to": [-1, 8.4, 10],
			"rotation": {"angle": 22.5, "axis": "x", "origin": [16, 8, 8]},
			"faces": {
				"east": {"uv": [2.1875, 0.3125, 2.0625, 0.5], "rotation": 90, "texture": "#0"},
				"south": {"uv": [1.9375, 0.3125, 2.0625, 0.25], "rotation": 270, "texture": "#0"},
				"west": {"uv": [2.0625, 0.3125, 1.9375, 0.5], "rotation": 270, "texture": "#0"}
			}
		},
		{
			"name": "spoke",
			"from": [-1.75, 7.75, 10],
			"to": [-1, 8.25, 13.6],
			"rotation": {"angle": 22.5, "axis": "x", "origin": [16, 8, 8]},
			"faces": {
				"east": {"uv": [1.875, 0, 1.8125, 0.5], "rotation": 90, "texture": "#0"},
				"west": {"uv": [1.75, 0, 1.6875, 0.5], "rotation": 270, "texture": "#0"},
				"up": {"uv": [1.9375, 0, 1.875, 0.5], "texture": "#0"},
				"down": {"uv": [1.8125, 0, 1.75, 0.5], "rotation": 180, "texture": "#0"}
			}
		},
		{
			"name": "rim",
			"from": [-2, 6.575, 13.6],
			"to": [-1, 9.425, 15.1],
			"rotation": {"angle": 22.5, "axis": "x", "origin": [16, 8, 8]},
			"faces": {
				"north": {"uv": [2.0625, 0.125, 2.4375, 0.0625], "rotation": 270, "texture": "#0"},
				"east": {"uv": [2.4375, 0.125, 2.0625, 0.1875], "rotation": 90, "texture": "#0"},
				"south": {"uv": [2.0625, 0.25, 2.4375, 0.1875], "rotation": 270, "texture": "#0"},
				"west": {"uv": [2.4375, 0, 2.0625, 0.0625], "rotation": 270, "texture": "#0"}
			}
		},
		{
			"name": "flange",
			"from": [-1.2, 6.475, 15.1],
			"to": [-1, 9.525, 15.6],
			"rotation": {"angle": 22.5, "axis": "x", "origin": [16, 8, 8]},
			"faces": {
				"east": {"uv": [2, 0, 1.9375, 0.0625], "rotation": 90, "texture": "#0"},
				"south": {"uv": [1.9375, 0.125, 2, 0.0625], "rotation": 270, "texture": "#0"},
				"west": {"uv": [2, 0.125, 1.9375, 0.1875], "rotation": 270, "texture": "#0"}
			}
		},
		{
			"name": "center",
			"from": [-2, 7.8, 8],
			"to": [-1, 8.2, 9],
			"rotation": {"angle": 0, "axis": "x", "origin": [16, 8, 8]},
			"faces": {
				"east": {"uv": [2.4375, 0.25, 2.375, 0.375], "rotation": 90, "texture": "#0"},
				"south": {"uv": [2.375, 0.375, 2.3125, 0.4375], "texture": "#0"},
				"west": {"uv": [2.375, 0.25, 2.3125, 0.375], "rotation": 270, "texture": "#0"}
			}
		},
		{
			"name": "inner",
			"from": [-1.75, 7.6, 8.5],
			"to": [-1, 8.4, 10],
			"rotation": {"angle": 0, "axis": "x", "origin": [16, 8, 8]},
			"faces": {
				"east": {"uv": [2.1875, 0.3125, 2.0625, 0.5], "rotation": 90, "texture": "#0"},
				"south": {"uv": [1.9375, 0.3125, 2.0625, 0.25], "rotation": 270, "texture": "#0"},
				"west": {"uv": [2.0625, 0.3125, 1.9375, 0.5], "rotation": 270, "texture": "#0"}
			}
		},
		{
			"name": "rim",
			"from": [-2, 6.575, 13.6],
			"to": [-1, 9.425, 15.1],
			"rotation": {"angle": 0, "axis": "x", "origin": [16, 8, 8]},
			"faces": {
				"north": {"uv": [2.0625, 0.125, 2.4375, 0.0625], "rotation": 270, "texture": "#0"},
				"east": {"uv": [2.4375, 0.125, 2.0625, 0.1875], "rotation": 90, "texture": "#0"},
				"south": {"uv": [2.0625, 0.25, 2.4375, 0.1875], "rotation": 270, "texture": "#0"},
				"west": {"uv": [2.4375, 0, 2.0625, 0.0625], "rotation": 270, "texture": "#0"}
			}
		},
		{
			"name": "flange",
			"from": [-1.2, 6.475, 15.1],
			"to": [-1, 9.525, 15.6],
			"rotation": {"angle": 0, "axis": "x", "origin": [16, 8, 8]},
			"faces": {
				"east": {"uv": [2, 0, 1.9375, 0.0625], "rotation": 90, "texture": "#0"},
				"south": {"uv": [1.9375, 0.125, 2, 0.0625], "rotation": 270, "texture": "#0"},
				"west": {"uv": [2, 0.125, 1.9375, 0.1875], "rotation": 270, "texture": "#0"}
			}
		},
		{
			"name": "center",
			"from": [-2, 7.8, 8],
			"to": [-1, 8.2, 9],
			"rotation": {"angle": -22.5, "axis": "x", "origin": [16, 8, 8]},
			"faces": {
				"east": {"uv": [2.4375, 0.25, 2.375, 0.375], "rotation": 90, "texture": "#0"},
				"south": {"uv": [2.375, 0.375, 2.3125, 0.4375], "texture": "#0"},
				"west": {"uv": [2.375, 0.25, 2.3125, 0.375], "rotation": 270, "texture": "#0"}
			}
		},
		{
			"name": "inner",
			"from": [-1.75, 7.6, 8.5],
			"to": [-1, 8.4, 10],
			"rotation": {"angle": -22.5, "axis": "x", "origin": [16, 8, 8]},
			"faces": {
				"east": {"uv": [2.1875, 0.3125, 2.0625, 0.5], "rotation": 90, "texture": "#0"},
				"south": {"uv": [1.9375, 0.3125, 2.0625, 0.25], "rotation": 270, "texture": "#0"},
				"west": {"uv": [2.0625, 0.3125, 1.9375, 0.5], "rotation": 270, "texture": "#0"}
			}
		},
		{
			"name": "spoke",
			"from": [-1.75, 7.75, 10],
			"to": [-1, 8.25, 13.6],
			"rotation": {"angle": -22.5, "axis": "x", "origin": [16, 8, 8]},
			"faces": {
				"east": {"uv": [1.875, 0, 1.8125, 0.5], "rotation": 90, "texture": "#0"},
				"west": {"uv": [1.75, 0, 1.6875, 0.5], "rotation": 270, "texture": "#0"},
				"up": {"uv": [1.9375, 0, 1.875, 0.5], "texture": "#0"},
				"down": {"uv": [1.8125, 0, 1.75, 0.5], "rotation": 180, "texture": "#0"}
			}
		},
		{
			"name": "rim",
			"from": [-2, 6.575, 13.6],
			"to": [-1, 9.425, 15.1],
			"rotation": {"angle": -22.5, "axis": "x", "origin": [16, 8, 8]},
			"faces": {
				"north": {"uv": [2.0625, 0.125, 2.4375, 0.0625], "rotation": 270, "texture": "#0"},
				"east": {"uv": [2.4375, 0.125, 2.0625, 0.1875], "rotation": 90, "texture": "#0"},
				"south": {"uv": [2.0625, 0.25, 2.4375, 0.1875], "rotation": 270, "texture": "#0"},
				"west": {"uv": [2.4375, 0, 2.0625, 0.0625], "rotation": 270, "texture": "#0"}
			}
		},
		{
			"name": "flange",
			"from": [-1.2, 6.475, 15.1],
			"to": [-1, 9.525, 15.6],
			"rotation": {"angle": -22.5, "axis": "x", "origin": [16, 8, 8]},
			"faces": {
				"east": {"uv": [2, 0, 1.9375, 0.0625], "rotation": 90, "texture": "#0"},
				"south": {"uv": [1.9375, 0.125, 2, 0.0625], "rotation": 270, "texture": "#0"},
				"west": {"uv": [2, 0.125, 1.9375, 0.1875], "rotation": 270, "texture": "#0"}
			}
		},
		{
			"name": "center",
			"from": [-2, 7.8, 8],
			"to": [-1, 8.2, 9],
			"rotation": {"angle": -45, "axis": "x", "origin": [16, 8, 8]},
			"faces": {
				"east": {"uv": [2.4375, 0.25, 2.375, 0.375], "rotation": 90, "texture": "#0"},
				"south": {"uv": [2.375, 0.375, 2.3125, 0.4375], "texture": "#0"},
				"west": {"uv": [2.375, 0.25, 2.3125, 0.375], "rotation": 270, "texture": "#0"}
			}
		},
		{
			"name": "inner",
			"from": [-1.75, 7.6, 8.5],
			"to": [-1, 8.4, 10],
			"rotation": {"angle": -45, "axis": "x", "origin": [16, 8, 8]},
			"faces": {
				"east": {"uv": [2.1875, 0.3125, 2.0625, 0.5], "rotation": 90, "texture": "#0"},
				"south": {"uv": [1.9375, 0.3125, 2.0625, 0.25], "rotation": 270, "texture": "#0"},
				"west": {"uv": [2.0625, 0.3125, 1.9375, 0.5], "rotation": 270, "texture": "#0"}
			}
		},
		{
			"name": "rim",
			"from": [-2, 6.575, 13.6],
			"to": [-1, 9.425, 15.1],
			"rotation": {"angle": -45, "axis": "x", "origin": [16, 8, 8]},
			"faces": {
				"north": {"uv": [2.0625, 0.125, 2.4375, 0.0625], "rotation": 270, "texture": "#0"},
				"east": {"uv": [2.4375, 0.125, 2.0625, 0.1875], "rotation": 90, "texture": "#0"},
				"south": {"uv": [2.0625, 0.25, 2.4375, 0.1875], "rotation": 270, "texture": "#0"},
				"west": {"uv": [2.4375, 0, 2.0625, 0.0625], "rotation": 270, "texture": "#0"}
			}
		},
		{
			"name": "flange",
			"from": [-1.2, 6.475, 15.1],
			"to": [-1, 9.525, 15.6],
			"rotation": {"angle": -45, "axis": "x", "origin": [16, 8, 8]},
			"faces": {
				"east": {"uv": [2, 0, 1.9375, 0.0625], "rotation": 90, "texture": "#0"},
				"south": {"uv": [1.9375, 0.125, 2, 0.0625], "rotation": 270, "texture": "#0"},
				"west": {"uv": [2, 0.125, 1.9375, 0.1875], "rotation": 270, "texture": "#0"}
			}
		},
		{
			"name": "center",
			"from": [-2, 8, 7.8],
			"to": [-1, 9, 8.2],
			"rotation": {"angle": 22.5, "axis": "x", "origin": [16, 8, 8]},
			"faces": {
				"east": {"uv": [2.4375, 0.25, 2.375, 0.375], "rotation": 180, "texture": "#0"},
				"west": {"uv": [2.375, 0.25, 2.3125, 0.375], "rotation": 180, "texture": "#0"},
				"up": {"uv": [2.375, 0.375, 2.3125, 0.4375], "texture": "#0"}
			}
		},
		{
			"name": "inner",
			"from": [-1.75, 8.5, 7.6],
			"to": [-1, 10, 8.4],
			"rotation": {"angle": 22.5, "axis": "x", "origin": [16, 8, 8]},
			"faces": {
				"east": {"uv": [2.1875, 0.3125, 2.0625, 0.5], "rotation": 180, "texture": "#0"},
				"west": {"uv": [2.0625, 0.3125, 1.9375, 0.5], "rotation": 180, "texture": "#0"},
				"up": {"uv": [1.9375, 0.3125, 2.0625, 0.25], "rotation": 270, "texture": "#0"}
			}
		},
		{
			"name": "spoke",
			"from": [-1.75, 10, 7.75],
			"to": [-1, 13.6, 8.25],
			"rotation": {"angle": 22.5, "axis": "x", "origin": [16, 8, 8]},
			"faces": {
				"north": {"uv": [1.9375, 0, 1.875, 0.5], "rotation": 180, "texture": "#0"},
				"east": {"uv": [1.875, 0, 1.8125, 0.5], "rotation": 180, "texture": "#0"},
				"south": {"uv": [1.8125, 0, 1.75, 0.5], "rotation": 180, "texture": "#0"},
				"west": {"uv": [1.75, 0, 1.6875, 0.5], "rotation": 180, "texture": "#0"}
			}
		},
		{
			"name": "rim",
			"from": [-2, 13.6, 6.575],
			"to": [-1, 15.1, 9.425],
			"rotation": {"angle": 22.5, "axis": "x", "origin": [16, 8, 8]},
			"faces": {
				"east": {"uv": [2.4375, 0.125, 2.0625, 0.1875], "rotation": 180, "texture": "#0"},
				"west": {"uv": [2.4375, 0, 2.0625, 0.0625], "rotation": 180, "texture": "#0"},
				"up": {"uv": [2.0625, 0.25, 2.4375, 0.1875], "rotation": 270, "texture": "#0"},
				"down": {"uv": [2.0625, 0.125, 2.4375, 0.0625], "rotation": 90, "texture": "#0"}
			}
		},
		{
			"name": "flange",
			"from": [-1.2, 15.1, 6.475],
			"to": [-1, 15.6, 9.525],
			"rotation": {"angle": 22.5, "axis": "x", "origin": [16, 8, 8]},
			"faces": {
				"east": {"uv": [2, 0, 1.9375, 0.0625], "rotation": 180, "texture": "#0"},
				"west": {"uv": [2, 0.125, 1.9375, 0.1875], "rotation": 180, "texture": "#0"},
				"up": {"uv": [1.9375, 0.125, 2, 0.0625], "rotation": 270, "texture": "#0"}
			}
		},
		{
			"name": "center",
			"from": [-2, 8, 7.8],
			"to": [-1, 9, 8.2],
			"rotation": {"angle": 0, "axis": "x", "origin": [16, 8, 8]},
			"faces": {
				"east": {"uv": [2.4375, 0.25, 2.375, 0.375], "rotation": 180, "texture": "#0"},
				"west": {"uv": [2.375, 0.25, 2.3125, 0.375], "rotation": 180, "texture": "#0"},
				"up": {"uv": [2.375, 0.375, 2.3125, 0.4375], "texture": "#0"}
			}
		},
		{
			"name": "inner",
			"from": [-1.75, 8.5, 7.6],
			"to": [-1, 10, 8.4],
			"rotation": {"angle": 0, "axis": "x", "origin": [16, 8, 8]},
			"faces": {
				"east": {"uv": [2.1875, 0.3125, 2.0625, 0.5], "rotation": 180, "texture": "#0"},
				"west": {"uv": [2.0625, 0.3125, 1.9375, 0.5], "rotation": 180, "texture": "#0"},
				"up": {"uv": [1.9375, 0.3125, 2.0625, 0.25], "rotation": 270, "texture": "#0"}
			}
		},
		{
			"name": "rim",
			"from": [-2, 13.6, 6.575],
			"to": [-1, 15.1, 9.425],
			"rotation": {"angle": 0, "axis": "x", "origin": [16, 8, 8]},
			"faces": {
				"east": {"uv": [2.4375, 0.125, 2.0625, 0.1875], "rotation": 180, "texture": "#0"},
				"west": {"uv": [2.4375, 0, 2.0625, 0.0625], "rotation": 180, "texture": "#0"},
				"up": {"uv": [2.0625, 0.25, 2.4375, 0.1875], "rotation": 270, "texture": "#0"},
				"down": {"uv": [2.0625, 0.125, 2.4375, 0.0625], "rotation": 90, "texture": "#0"}
			}
		},
		{
			"name": "flange",
			"from": [-1.2, 15.1, 6.475],
			"to": [-1, 15.6, 9.525],
			"rotation": {"angle": 0, "axis": "x", "origin": [16, 8, 8]},
			"faces": {
				"east": {"uv": [2, 0, 1.9375, 0.0625], "rotation": 180, "texture": "#0"},
				"west": {"uv": [2, 0.125, 1.9375, 0.1875], "rotation": 180, "texture": "#0"},
				"up": {"uv": [1.9375, 0.125, 2, 0.0625], "rotation": 270, "texture": "#0"}
			}
		},
		{
			"name": "center",
			"from": [-2, 8, 7.8],
			"to": [-1, 9, 8.2],
			"rotation": {"angle": -22.5, "axis": "x", "origin": [16, 8, 8]},
			"faces": {
				"east": {"uv": [2.4375, 0.25, 2.375, 0.375], "rotation": 180, "texture": "#0"},
				"west": {"uv": [2.375, 0.25, 2.3125, 0.375], "rotation": 180, "texture": "#0"},
				"up": {"uv": [2.375, 0.375, 2.3125, 0.4375], "texture": "#0"}
			}
		},
		{
			"name": "inner",
			"from": [-1.75, 8.5, 7.6],
			"to": [-1, 10, 8.4],
			"rotation": {"angle": -22.5, "axis": "x", "origin": [16, 8, 8]},
			"faces": {
				"east": {"uv": [2.1875, 0.3125, 2.0625, 0.5], "rotation": 180, "texture": "#0"},
				"west": {"uv": [2.0625, 0.3125, 1.9375, 0.5], "rotation": 180, "texture": "#0"},
				"up": {"uv": [1.9375, 0.3125, 2.0625, 0.25], "rotation": 270, "texture": "#0"}
			}
		},
		{
			"name": "spoke",
			"from": [-1.75, 10, 7.75],
			"to": [-1, 13.6, 8.25],
			"rotation": {"angle": -22.5, "axis": "x", "origin": [16, 8, 8]},
			"faces": {
				"north": {"uv": [1.9375, 0, 1.875, 0.5], "rotation": 180, "texture": "#0"},
				"east": {"uv": [1.875, 0, 1.8125, 0.5], "rotation": 180, "texture": "#0"},
				"south": {"uv": [1.8125, 0, 1.75, 0.5], "rotation": 180, "texture": "#0"},
				"west": {"uv": [1.75, 0, 1.6875, 0.5], "rotation": 180, "texture": "#0"}
			}
		},
		{
			"name": "rim",
			"from": [-2, 13.6, 6.575],
			"to": [-1, 15.1, 9.425],
			"rotation": {"angle": -22.5, "axis": "x", "origin": [16, 8, 8]},
			"faces": {
				"east": {"uv": [2.4375, 0.125, 2.0625, 0.1875], "rotation": 180, "texture": "#0"},
				"west": {"uv": [2.4375, 0, 2.0625, 0.0625], "rotation": 180, "texture": "#0"},
				"up": {"uv": [2.0625, 0.25, 2.4375, 0.1875], "rotation": 270, "texture": "#0"},
				"down": {"uv": [2.0625, 0.125, 2.4375, 0.0625], "rotation": 90, "texture": "#0"}
			}
		},
		{
			"name": "flange",
			"from": [-1.2, 15.1, 6.475],
			"to": [-1, 15.6, 9.525],
			"rotation": {"angle": -22.5, "axis": "x", "origin": [16, 8, 8]},
			"faces": {
				"east": {"uv": [2, 0, 1.9375, 0.0625], "rotation": 180, "texture": "#0"},
				"west": {"uv": [2, 0.125, 1.9375, 0.1875], "rotation": 180, "texture": "#0"},
				"up": {"uv": [1.9375, 0.125, 2, 0.0625], "rotation": 270, "texture": "#0"}
			}
		},
		{
			"name": "center",
			"from": [-2, 8, 7.8],
			"to": [-1, 9, 8.2],
			"rotation": {"angle": -45, "axis": "x", "origin": [16, 8, 8]},
			"faces": {
				"east": {"uv": [2.4375, 0.25, 2.375, 0.375], "rotation": 180, "texture": "#0"},
				"west": {"uv": [2.375, 0.25, 2.3125, 0.375], "rotation": 180, "texture": "#0"},
				"up": {"uv": [2.375, 0.375, 2.3125, 0.4375], "texture": "#0"}
			}
		},
		{
			"name": "inner",
			"from": [-1.75, 8.5, 7.6],
			"to": [-1, 10, 8.4],
			"rotation": {"angle": -45, "axis": "x", "origin": [16, 8, 8]},
			"faces": {
				"east": {"uv": [2.1875, 0.3125, 2.0625, 0.5], "rotation": 180, "texture": "#0"},
				"west": {"uv": [2.0625, 0.3125, 1.9375, 0.5], "rotation": 180, "texture": "#0"},
				"up": {"uv": [1.9375, 0.3125, 2.0625, 0.25], "rotation": 270, "texture": "#0"}
			}
		},
		{
			"name": "rim",
			"from": [-2, 13.6, 6.575],
			"to": [-1, 15.1, 9.425],
			"rotation": {"angle": -45, "axis": "x", "origin": [16, 8, 8]},
			"faces": {
				"east": {"uv": [2.4375, 0.125, 2.0625, 0.1875], "rotation": 180, "texture": "#0"},
				"west": {"uv": [2.4375, 0, 2.0625, 0.0625], "rotation": 180, "texture": "#0"},
				"up": {"uv": [2.0625, 0.25, 2.4375, 0.1875], "rotation": 270, "texture": "#0"},
				"down": {"uv": [2.0625, 0.125, 2.4375, 0.0625], "rotation": 90, "texture": "#0"}
			}
		},
		{
			"name": "flange",
			"from": [-1.2, 15.1, 6.475],
			"to": [-1, 15.6, 9.525],
			"rotation": {"angle": -45, "axis": "x", "origin": [16, 8, 8]},
			"faces": {
				"east": {"uv": [2, 0, 1.9375, 0.0625], "rotation": 180, "texture": "#0"},
				"west": {"uv": [2, 0.125, 1.9375, 0.1875], "rotation": 180, "texture": "#0"},
				"up": {"uv": [1.9375, 0.125, 2, 0.0625], "rotation": 270, "texture": "#0"}
			}
		},
		{
			"name": "center",
			"from": [-2, 7.8, 7],
			"to": [-1, 8.2, 8],
			"rotation": {"angle": 22.5, "axis": "x", "origin": [16, 8, 8]},
			"faces": {
				"north": {"uv": [2.375, 0.375, 2.3125, 0.4375], "rotation": 180, "texture": "#0"},
				"east": {"uv": [2.4375, 0.25, 2.375, 0.375], "rotation": 270, "texture": "#0"},
				"west": {"uv": [2.375, 0.25, 2.3125, 0.375], "rotation": 90, "texture": "#0"}
			}
		},
		{
			"name": "inner",
			"from": [-1.75, 7.6, 6],
			"to": [-1, 8.4, 7.5],
			"rotation": {"angle": 22.5, "axis": "x", "origin": [16, 8, 8]},
			"faces": {
				"north": {"uv": [1.9375, 0.3125, 2.0625, 0.25], "rotation": 90, "texture": "#0"},
				"east": {"uv": [2.1875, 0.3125, 2.0625, 0.5], "rotation": 270, "texture": "#0"},
				"west": {"uv": [2.0625, 0.3125, 1.9375, 0.5], "rotation": 90, "texture": "#0"}
			}
		},
		{
			"name": "spoke",
			"from": [-1.75, 7.75, 2.4],
			"to": [-1, 8.25, 6],
			"rotation": {"angle": 22.5, "axis": "x", "origin": [16, 8, 8]},
			"faces": {
				"east": {"uv": [1.875, 0, 1.8125, 0.5], "rotation": 270, "texture": "#0"},
				"west": {"uv": [1.75, 0, 1.6875, 0.5], "rotation": 90, "texture": "#0"},
				"up": {"uv": [1.8125, 0, 1.75, 0.5], "rotation": 180, "texture": "#0"},
				"down": {"uv": [1.9375, 0, 1.875, 0.5], "texture": "#0"}
			}
		},
		{
			"name": "rim",
			"from": [-2, 6.575, 0.9],
			"to": [-1, 9.425, 2.4],
			"rotation": {"angle": 22.5, "axis": "x", "origin": [16, 8, 8]},
			"faces": {
				"north": {"uv": [2.0625, 0.25, 2.4375, 0.1875], "rotation": 90, "texture": "#0"},
				"east": {"uv": [2.4375, 0.125, 2.0625, 0.1875], "rotation": 270, "texture": "#0"},
				"south": {"uv": [2.0625, 0.125, 2.4375, 0.0625], "rotation": 90, "texture": "#0"},
				"west": {"uv": [2.4375, 0, 2.0625, 0.0625], "rotation": 90, "texture": "#0"}
			}
		},
		{
			"name": "flange",
			"from": [-1.2, 6.475, 0.4],
			"to": [-1, 9.525, 0.9],
			"rotation": {"angle": 22.5, "axis": "x", "origin": [16, 8, 8]},
			"faces": {
				"north": {"uv": [1.9375, 0.125, 2, 0.0625], "rotation": 90, "texture": "#0"},
				"east": {"uv": [2, 0, 1.9375, 0.0625], "rotation": 270, "texture": "#0"},
				"west": {"uv": [2, 0.125, 1.9375, 0.1875], "rotation": 90, "texture": "#0"}
			}
		},
		{
			"name": "center",
			"from": [-2, 7.8, 7],
			"to": [-1, 8.2, 8],
			"rotation": {"angle": 0, "axis": "x", "origin": [16, 8, 8]},
			"faces": {
				"north": {"uv": [2.375, 0.375, 2.3125, 0.4375], "rotation": 180, "texture": "#0"},
				"east": {"uv": [2.4375, 0.25, 2.375, 0.375], "rotation": 270, "texture": "#0"},
				"west": {"uv": [2.375, 0.25, 2.3125, 0.375], "rotation": 90, "texture": "#0"}
			}
		},
		{
			"name": "inner",
			"from": [-1.75, 7.6, 6],
			"to": [-1, 8.4, 7.5],
			"rotation": {"angle": 0, "axis": "x", "origin": [16, 8, 8]},
			"faces": {
				"north": {"uv": [1.9375, 0.3125, 2.0625, 0.25], "rotation": 90, "texture": "#0"},
				"east": {"uv": [2.1875, 0.3125, 2.0625, 0.5], "rotation": 270, "texture": "#0"},
				"west": {"uv": [2.0625, 0.3125, 1.9375, 0.5], "rotation": 90, "texture": "#0"}
			}
		},
		{
			"name": "rim",
			"from": [-2, 6.575, 0.9],
			"to": [-1, 9.425, 2.4],
			"rotation": {"angle": 0, "axis": "x", "origin": [16, 8, 8]},
			"faces": {
				"north": {"uv": [2.0625, 0.25, 2.4375, 0.1875], "rotation": 90, "texture": "#0"},
				"east": {"uv": [2.4375, 0.125, 2.0625, 0.1875], "rotation": 270, "texture": "#0"},
				"south": {"uv": [2.0625, 0.125, 2.4375, 0.0625], "rotation": 90, "texture": "#0"},
				"west": {"uv": [2.4375, 0, 2.0625, 0.0625], "rotation": 90, "texture": "#0"}
			}
		},
		{
			"name": "flange",
			"from": [-1.2, 6.475, 0.4],
			"to": [-1, 9.525, 0.9],
			"rotation": {"angle": 0, "axis": "x", "origin": [16, 8, 8]},
			"faces": {
				"north": {"uv": [1.9375, 0.125, 2, 0.0625], "rotation": 90, "texture": "#0"},
				"east": {"uv": [2, 0, 1.9375, 0.0625], "rotation": 270, "texture": "#0"},
				"west": {"uv": [2, 0.125, 1.9375, 0.1875], "rotation": 90, "texture": "#0"}
			}
		},
		{
			"name": "center",
			"from": [-2, 7.8, 7],
			"to": [-1, 8.2, 8],
			"rotation": {"angle": -22.5, "axis": "x", "origin": [16, 8, 8]},
			"faces": {
				"north": {"uv": [2.375, 0.375, 2.3125, 0.4375], "rotation": 180, "texture": "#0"},
				"east": {"uv": [2.4375, 0.25, 2.375, 0.375], "rotation": 270, "texture": "#0"},
				"west": {"uv": [2.375, 0.25, 2.3125, 0.375], "rotation": 90, "texture": "#0"}
			}
		},
		{
			"name": "inner",
			"from": [-1.75, 7.6, 6],
			"to": [-1, 8.4, 7.5],
			"rotation": {"angle": -22.5, "axis": "x", "origin": [16, 8, 8]},
			"faces": {
				"north": {"uv": [1.9375, 0.3125, 2.0625, 0.25], "rotation": 90, "texture": "#0"},
				"east": {"uv": [2.1875, 0.3125, 2.0625, 0.5], "rotation": 270, "texture": "#0"},
				"west": {"uv": [2.0625, 0.3125, 1.9375, 0.5], "rotation": 90, "texture": "#0"}
			}
		},
		{
			"name": "spoke",
			"from": [-1.75, 7.75, 2.4],
			"to": [-1, 8.25, 6],
			"rotation": {"angle": -22.5, "axis": "x", "origin": [16, 8, 8]},
			"faces": {
				"east": {"uv": [1.875, 0, 1.8125, 0.5], "rotation": 270, "texture": "#0"},
				"west": {"uv": [1.75, 0, 1.6875, 0.5], "rotation": 90, "texture": "#0"},
				"up": {"uv": [1.8125, 0, 1.75, 0.5], "rotation": 180, "texture": "#0"},
				"down": {"uv": [1.9375, 0, 1.875, 0.5], "texture": "#0"}
			}
		},
		{
			"name": "rim",
			"from": [-2, 6.575, 0.9],
			"to": [-1, 9.425, 2.4],
			"rotation": {"angle": -22.5, "axis": "x", "origin": [16, 8, 8]},
			"faces": {
				"north": {"uv": [2.0625, 0.25, 2.4375, 0.1875], "rotation": 90, "texture": "#0"},
				"east": {"uv": [2.4375, 0.125, 2.0625, 0.1875], "rotation": 270, "texture": "#0"},
				"south": {"uv": [2.0625, 0.125, 2.4375, 0.0625], "rotation": 90, "texture": "#0"},
				"west": {"uv": [2.4375, 0, 2.0625, 0.0625], "rotation": 90, "texture": "#0"}
			}
		},
		{
			"name": "flange",
			"from": [-1.2, 6.475, 0.4],
			"to": [-1, 9.525, 0.9],
			"rotation": {"angle": -22.5, "axis": "x", "origin": [16, 8, 8]},
			"faces": {
				"north": {"uv": [1.9375, 0.125, 2, 0.0625], "rotation": 90, "texture": "#0"},
				"east": {"uv": [2, 0, 1.9375, 0.0625], "rotation": 270, "texture": "#0"},
				"west": {"uv": [2, 0.125, 1.9375, 0.1875], "rotation": 90, "texture": "#0"}
			}
		},
		{
			"name": "center",
			"from": [-2, 7.8, 7],
			"to": [-1, 8.2, 8],
			"rotation": {"angle": -45, "axis": "x", "origin": [16, 8, 8]},
			"faces": {
				"north": {"uv": [2.375, 0.375, 2.3125, 0.4375], "rotation": 180, "texture": "#0"},
				"east": {"uv": [2.4375, 0.25, 2.375, 0.375], "rotation": 270, "texture": "#0"},
				"west": {"uv": [2.375, 0.25, 2.3125, 0.375], "rotation": 90, "texture": "#0"}
			}
		},
		{
			"name": "inner",
			"from": [-1.75, 7.6, 6],
			"to": [-1, 8.4, 7.5],
			"rotation": {"angle": -45, "axis": "x", "origin": [16, 8, 8]},
			"faces": {
				"north": {"uv": [1.9375, 0.3125, 2.0625, 0.25], "rotation": 90, "texture": "#0"},
				"east": {"uv": [2.1875, 0.3125, 2.0625, 0.5], "rotation": 270, "texture": "#0"},
				"west": {"uv": [2.0625, 0.3125, 1.9375, 0.5], "rotation": 90, "texture": "#0"}
			}
		},
		{
			"name": "rim",
			"from": [-2, 6.575, 0.9],
			"to": [-1, 9.425, 2.4],
			"rotation": {"angle": -45, "axis": "x", "origin": [16, 8, 8]},
			"faces": {
				"north": {"uv": [2.0625, 0.25, 2.4375, 0.1875], "rotation": 90, "texture": "#0"},
				"east": {"uv": [2.4375, 0.125, 2.0625, 0.1875], "rotation": 270, "texture": "#0"},
				"south": {"uv": [2.0625, 0.125, 2.4375, 0.0625], "rotation": 90, "texture": "#0"},
				"west": {"uv": [2.4375, 0, 2.0625, 0.0625], "rotation": 90, "texture": "#0"}
			}
		},
		{
			"name": "flange",
			"from": [-1.2, 6.475, 0.4],
			"to": [-1, 9.525, 0.9],
			"rotation": {"angle": -45, "axis": "x", "origin": [16, 8, 8]},
			"faces": {
				"north": {"uv": [1.9375, 0.125, 2, 0.0625], "rotation": 90, "texture": "#0"},
				"east": {"uv": [2, 0, 1.9375, 0.0625], "rotation": 270, "texture": "#0"},
				"west": {"uv": [2, 0.125, 1.9375, 0.1875], "rotation": 90, "texture": "#0"}
			}
		},
		{
			"name": "center",
			"from": [-2, 7, 7.8],
			"to": [-1, 8, 8.2],
			"rotation": {"angle": 22.5, "axis": "x", "origin": [16, 8, 8]},
			"faces": {
				"east": {"uv": [2.4375, 0.25, 2.375, 0.375], "texture": "#0"},
				"west": {"uv": [2.375, 0.25, 2.3125, 0.375], "texture": "#0"},
				"down": {"uv": [2.375, 0.375, 2.3125, 0.4375], "texture": "#0"}
			}
		},
		{
			"name": "inner",
			"from": [-1.75, 6, 7.6],
			"to": [-1, 7.5, 8.4],
			"rotation": {"angle": 22.5, "axis": "x", "origin": [16, 8, 8]},
			"faces": {
				"east": {"uv": [2.1875, 0.3125, 2.0625, 0.5], "texture": "#0"},
				"west": {"uv": [2.0625, 0.3125, 1.9375, 0.5], "texture": "#0"},
				"down": {"uv": [1.9375, 0.3125, 2.0625, 0.25], "rotation": 270, "texture": "#0"}
			}
		},
		{
			"name": "spoke",
			"from": [-1.75, 2.4, 7.75],
			"to": [-1, 6, 8.25],
			"rotation": {"angle": 22.5, "axis": "x", "origin": [16, 8, 8]},
			"faces": {
				"north": {"uv": [1.8125, 0, 1.75, 0.5], "texture": "#0"},
				"east": {"uv": [1.875, 0, 1.8125, 0.5], "texture": "#0"},
				"south": {"uv": [1.9375, 0, 1.875, 0.5], "texture": "#0"},
				"west": {"uv": [1.75, 0, 1.6875, 0.5], "texture": "#0"}
			}
		},
		{
			"name": "rim",
			"from": [-2, 0.9, 6.575],
			"to": [-1, 2.4, 9.425],
			"rotation": {"angle": 22.5, "axis": "x", "origin": [16, 8, 8]},
			"faces": {
				"east": {"uv": [2.4375, 0.125, 2.0625, 0.1875], "texture": "#0"},
				"west": {"uv": [2.4375, 0, 2.0625, 0.0625], "texture": "#0"},
				"up": {"uv": [2.0625, 0.125, 2.4375, 0.0625], "rotation": 90, "texture": "#0"},
				"down": {"uv": [2.0625, 0.25, 2.4375, 0.1875], "rotation": 270, "texture": "#0"}
			}
		},
		{
			"name": "flange",
			"from": [-1.2, 0.4, 6.475],
			"to": [-1, 0.9, 9.525],
			"rotation": {"angle": 22.5, "axis": "x", "origin": [16, 8, 8]},
			"faces": {
				"east": {"uv": [2, 0, 1.9375, 0.0625], "texture": "#0"},
				"west": {"uv": [2, 0.125, 1.9375, 0.1875], "texture": "#0"},
				"down": {"uv": [1.9375, 0.125, 2, 0.0625], "rotation": 270, "texture": "#0"}
			}
		},
		{
			"from": [-1, 7.5, 7],
			"to": [17, 8.5, 9],
			"faces": {
				"north": {"uv": [14.9375, 9.0625, 16, 9.1875], "texture": "#0"},
				"south": {"uv": [14.9375, 8.5625, 16, 8.6875], "texture": "#0"},
				"up": {"uv": [14.9375, 8.75, 16, 9], "texture": "#0"},
				"down": {"uv": [14.9375, 8.25, 16, 8.5], "texture": "#0"}
			}
		},
		{
			"from": [-1, 7, 7.5],
			"to": [17, 9, 8.5],
			"faces": {
				"north": {"uv": [14.9375, 9, 16, 9.25], "texture": "#0"},
				"south": {"uv": [14.9375, 8.5, 16, 8.75], "texture": "#0"},
				"up": {"uv": [14.9375, 8.8125, 16, 8.9375], "texture": "#0"},
				"down": {"uv": [14.9375, 8.3125, 16, 8.4375], "texture": "#0"}
			}
		}
	],
	"display": {
		"gui": {
			"rotation": [25, 135, 0],
			"scale": [0.6, 0.6, 0.6]
		},
		"head": {
			"scale": [2, 2, 2]
		}
	},
	"groups": [
		{
			"name": "right wheel",
			"origin": [8, 8, 8],
			"color": 0,
			"children": [
				{
					"name": "wheel segment",
					"origin": [0, 0, 0],
					"color": 0,
					"children": [0, 1, 2, 3]
				},
				{
					"name": "wheel segment",
					"origin": [0, 0, 0],
					"color": 0,
					"children": [4, 5, 6, 7, 8]
				},
				{
					"name": "wheel segment",
					"origin": [0, 0, 0],
					"color": 0,
					"children": [9, 10, 11, 12]
				},
				{
					"name": "wheel segment",
					"origin": [0, 0, 0],
					"color": 0,
					"children": [13, 14, 15, 16, 17]
				},
				{
					"name": "wheel segment",
					"origin": [0, 0, 0],
					"color": 0,
					"children": [18, 19, 20, 21]
				},
				{
					"name": "wheel segment",
					"origin": [0, 0, 0],
					"color": 0,
					"children": [22, 23, 24, 25, 26]
				},
				{
					"name": "wheel segment",
					"origin": [0, 0, 0],
					"color": 0,
					"children": [27, 28, 29, 30]
				},
				{
					"name": "wheel segment",
					"origin": [0, 0, 0],
					"color": 0,
					"children": [31, 32, 33, 34, 35]
				},
				{
					"name": "wheel segment",
					"origin": [0, 0, 0],
					"color": 0,
					"children": [36, 37, 38, 39]
				},
				{
					"name": "wheel segment",
					"origin": [0, 0, 0],
					"color": 0,
					"children": [40, 41, 42, 43, 44]
				},
				{
					"name": "wheel segment",
					"origin": [0, 0, 0],
					"color": 0,
					"children": [45, 46, 47, 48]
				},
				{
					"name": "wheel segment",
					"origin": [0, 0, 0],
					"color": 0,
					"children": [49, 50, 51, 52, 53]
				},
				{
					"name": "wheel segment",
					"origin": [0, 0, 0],
					"color": 0,
					"children": [54, 55, 56, 57]
				},
				{
					"name": "wheel segment",
					"origin": [0, 0, 0],
					"color": 0,
					"children": [58, 59, 60, 61, 62]
				},
				{
					"name": "wheel segment",
					"origin": [0, 0, 0],
					"color": 0,
					"children": [63, 64, 65, 66]
				},
				{
					"name": "wheel segment",
					"origin": [0, 0, 0],
					"color": 0,
					"children": [67, 68, 69, 70, 71]
				}
			]
		},
		{
			"name": "left wheel",
			"origin": [8, 8, 8],
			"color": 0,
			"children": [
				{
					"name": "wheel segment",
					"origin": [0, 0, 0],
					"color": 0,
					"children": [72, 73, 74, 75]
				},
				{
					"name": "wheel segment",
					"origin": [0, 0, 0],
					"color": 0,
					"children": [76, 77, 78, 79, 80]
				},
				{
					"name": "wheel segment",
					"origin": [0, 0, 0],
					"color": 0,
					"children": [81, 82, 83, 84]
				},
				{
					"name": "wheel segment",
					"origin": [0, 0, 0],
					"color": 0,
					"children": [85, 86, 87, 88, 89]
				},
				{
					"name": "wheel segment",
					"origin": [0, 0, 0],
					"color": 0,
					"children": [90, 91, 92, 93]
				},
				{
					"name": "wheel segment",
					"origin": [0, 0, 0],
					"color": 0,
					"children": [94, 95, 96, 97, 98]
				},
				{
					"name": "wheel segment",
					"origin": [0, 0, 0],
					"color": 0,
					"children": [99, 100, 101, 102]
				},
				{
					"name": "wheel segment",
					"origin": [0, 0, 0],
					"color": 0,
					"children": [103, 104, 105, 106, 107]
				},
				{
					"name": "wheel segment",
					"origin": [0, 0, 0],
					"color": 0,
					"children": [108, 109, 110, 111]
				},
				{
					"name": "wheel segment",
					"origin": [0, 0, 0],
					"color": 0,
					"children": [112, 113, 114, 115, 116]
				},
				{
					"name": "wheel segment",
					"origin": [0, 0, 0],
					"color": 0,
					"children": [117, 118, 119, 120]
				},
				{
					"name": "wheel segment",
					"origin": [0, 0, 0],
					"color": 0,
					"children": [121, 122, 123, 124, 125]
				},
				{
					"name": "wheel segment",
					"origin": [0, 0, 0],
					"color": 0,
					"children": [126, 127, 128, 129]
				},
				{
					"name": "wheel segment",
					"origin": [0, 0, 0],
					"color": 0,
					"children": [130, 131, 132, 133, 134]
				},
				{
					"name": "wheel segment",
					"origin": [0, 0, 0],
					"color": 0,
					"children": [135, 136, 137, 138]
				},
				{
					"name": "wheel segment",
					"origin": [0, 0, 0],
					"color": 0,
					"children": [139, 140, 141, 142, 143]
				}
			]
		},
		{
			"name": "axle",
			"origin": [0, 0, 0],
			"color": 0,
			"children": [144, 145]
		}
	]
}