{
	"textures": {
		"0": "item/40chips/chip_10"
	},
	"elements": [
		{
			"from": [4.5, 5, 4.5],
			"to": [11.5, 6, 11.5],
			"faces": {
				"north": {"uv": [7, 0, 14, 1], "texture": "#0"},
				"east": {"uv": [7, 1, 14, 2], "texture": "#0"},
				"south": {"uv": [7, 2, 14, 3], "texture": "#0"},
				"west": {"uv": [7, 3, 14, 4], "texture": "#0"},
				"up": {"uv": [7, 7, 0, 0], "texture": "#0"},
				"down": {"uv": [7, 7, 0, 14], "texture": "#0"}
			}
		}
	],
	"display": {
		"thirdperson_righthand": {
			"translation": [0, 1, 0],
			"scale": [0.4, 0.4, 0.4]
		},
		"thirdperson_lefthand": {
			"translation": [0, 1, 0],
			"scale": [0.4, 0.4, 0.4]
		},
		"firstperson_righthand": {
			"rotation": [32.75, 0, 0],
			"translation": [16.25, -4.5, -10],
			"scale": [1.63, 1.63, 1.63]
		},
		"firstperson_lefthand": {
			"rotation": [35.25, 0, 0],
			"translation": [11.5, -2, -6.25],
			"scale": [1.63, 1.63, 1.63]
		},
		"gui": {
			"rotation": [47, 0, 0],
			"translation": [0, 1.5, 8]
		},
		"fixed": {
			"rotation": [-90, 0, 0],
			"translation": [0, 0, -2.25]
		}
	}
}