{
	"credit": "Created by Mickey Joe Alpha - http://YouTube.com/@MushirMickeyJoe",
	"parent": "item/shield/shield",
	"texture_size": [64, 64],
	"textures": {
		"shield": "barely_default:item/shield/iron/shield",
		"particle": "block/iron_block"
	},
	"elements": [
		{
			"name": "plate",
			"from": [-6.001, -11.501, 0.499],
			"to": [6.001, 11.501, 2.501],
			"rotation": {"angle": 0, "axis": "y", "origin": [0, 0, 1.5]},
			"faces": {
				"north": {"uv": [4, 6.25, 7, 12], "texture": "#shield"},
				"south": {"uv": [0.5, 6.25, 3.5, 12], "texture": "#shield"},
				"up": {"uv": [3.5, 6.25, 0.5, 5.75], "rotation": 180, "texture": "#shield"},
				"down": {"uv": [6.5, 5.75, 3.5, 6.25], "rotation": 180, "texture": "#shield"}
			}
		},
		{
			"name": "handle",
			"from": [-1.001, -3.001, -5.001],
			"to": [1.001, 3.001, 1.001],
			"rotation": {"angle": 0, "axis": "y", "origin": [0, 0, -2]},
			"faces": {
				"north": {"uv": [10.5, 1.5, 10, 3], "texture": "#shield"},
				"east": {"uv": [8, 1.5, 6.5, 3], "texture": "#shield"},
				"south": {"uv": [8.5, 1.5, 8, 3], "texture": "#shield"},
				"west": {"uv": [10, 1.5, 8.5, 3], "texture": "#shield"},
				"up": {"uv": [8, 1.5, 8.5, 0], "rotation": 180, "texture": "#shield"},
				"down": {"uv": [8.5, 0, 9, 1.5], "rotation": 180, "texture": "#shield"}
			}
		},
		{
			"name": "plate",
			"from": [5.999, 11.499, 2.499],
			"to": [-6.003, -11.503, 0.497],
			"rotation": {"angle": 0, "axis": "y", "origin": [12, 23, 3.5]},
			"faces": {
				"north": {"uv": [0.5, 12, 3.5, 6.25], "texture": "#shield"},
				"south": {"uv": [4, 12, 7, 6.25], "texture": "#shield"},
				"up": {"uv": [3.5, 5.75, 6.5, 6.25], "rotation": 180, "texture": "#shield"},
				"down": {"uv": [0.5, 6.25, 3.5, 5.75], "rotation": 180, "texture": "#shield"}
			}
		},
		{
			"name": "plate",
			"from": [-6.005, -11.005, 0.995],
			"to": [6.005, 11.005, 2.005],
			"rotation": {"angle": 0, "axis": "y", "origin": [0, 0, 1.5]},
			"faces": {
				"north": {"uv": [3.5, 0.25, 6.5, 5.75], "texture": "#shield"},
				"east": {"uv": [3.25, 0.25, 3.5, 5.75], "texture": "#shield"},
				"south": {"uv": [0.25, 0.25, 3.25, 5.75], "texture": "#shield"},
				"west": {"uv": [0, 0.25, 0.25, 5.75], "texture": "#shield"},
				"up": {"uv": [3.25, 0.25, 0.25, 0], "rotation": 180, "texture": "#shield"},
				"down": {"uv": [6.25, 0, 3.25, 0.25], "rotation": 180, "texture": "#shield"}
			}
		}
	]
}